TRACE QUERY START query_case="delete_one" sql="DELETE FROM users WHERE id = 3"
execute: enter
execute:try_execute_set_constraints: enter
execute:try_execute_set_constraints: exit
execute:parse: enter
execute:parse: exit
execute:start_transaction: enter
execute:start_transaction:begin: enter
execute:start_transaction:begin: exit
execute:start_transaction:read_clock: enter
execute:start_transaction:read_clock: exit
execute:start_transaction: exit
execute:execute_statement: enter
execute:execute_statement:create: enter
execute:execute_statement:create: exit
execute:execute_statement:use_command: enter
execute:execute_statement:use_command: exit
execute:execute_statement:read_clock: enter
execute:execute_statement:read_clock: exit
execute:execute_statement:read_clock: enter
execute:execute_statement:read_clock: exit
execute:execute_statement:create: enter
execute:execute_statement:create:iterate_sequences: enter
execute:execute_statement:create:iterate_sequences: exit
execute:execute_statement:create:iterate_tables: enter
execute:execute_statement:create:iterate_tables: exit
execute:execute_statement:create: exit
execute:execute_statement:contains_dml: enter
execute:execute_statement:contains_dml: exit
execute:execute_statement:acquire_row_locks: enter
execute:execute_statement:acquire_row_locks:collect_required_cte_row_locks: enter
execute:execute_statement:acquire_row_locks:collect_required_cte_row_locks: exit
execute:execute_statement:acquire_row_locks:clear_wait: enter
execute:execute_statement:acquire_row_locks:clear_wait: exit
execute:execute_statement:acquire_row_locks: exit
execute:execute_statement:materialize_ctes: enter
execute:execute_statement:materialize_ctes: exit
execute:execute_statement:materialize_uncorrelated_subqueries: enter
execute:execute_statement:materialize_uncorrelated_subqueries:normalize_unqualified_object_name: enter
execute:execute_statement:materialize_uncorrelated_subqueries:normalize_unqualified_object_name:normalize_identifier: enter
execute:execute_statement:materialize_uncorrelated_subqueries:normalize_unqualified_object_name:normalize_identifier: exit
execute:execute_statement:materialize_uncorrelated_subqueries:normalize_unqualified_object_name: exit
execute:execute_statement:materialize_uncorrelated_subqueries:require_table: enter
execute:execute_statement:materialize_uncorrelated_subqueries:require_table: exit
execute:execute_statement:materialize_uncorrelated_subqueries:bind_target_scope: enter
execute:execute_statement:materialize_uncorrelated_subqueries:bind_target_scope: exit
execute:execute_statement:materialize_uncorrelated_subqueries:bind_from_scope: enter
execute:execute_statement:materialize_uncorrelated_subqueries:bind_from_scope: exit
execute:execute_statement:materialize_uncorrelated_subqueries:combine_bound_scopes: enter
execute:execute_statement:materialize_uncorrelated_subqueries:combine_bound_scopes: exit
execute:execute_statement:materialize_uncorrelated_subqueries:materialize_subqueries: enter
execute:execute_statement:materialize_uncorrelated_subqueries:materialize_subqueries:pre_visit_expr: enter
execute:execute_statement:materialize_uncorrelated_subqueries:materialize_subqueries:pre_visit_expr: exit
execute:execute_statement:materialize_uncorrelated_subqueries:materialize_subqueries:pre_visit_expr: enter
execute:execute_statement:materialize_uncorrelated_subqueries:materialize_subqueries:pre_visit_expr: exit
execute:execute_statement:materialize_uncorrelated_subqueries:materialize_subqueries:pre_visit_expr: enter
execute:execute_statement:materialize_uncorrelated_subqueries:materialize_subqueries:pre_visit_expr: exit
execute:execute_statement:materialize_uncorrelated_subqueries:materialize_subqueries: exit
execute:execute_statement:materialize_uncorrelated_subqueries: exit
execute:execute_statement:classify: enter
execute:execute_statement:classify: exit
execute:execute_statement:acquire_row_locks: enter
execute:execute_statement:acquire_row_locks:collect_required_row_locks: enter
execute:execute_statement:acquire_row_locks:collect_required_row_locks:normalize_unqualified_object_name: enter
execute:execute_statement:acquire_row_locks:collect_required_row_locks:normalize_unqualified_object_name:normalize_identifier: enter
execute:execute_statement:acquire_row_locks:collect_required_row_locks:normalize_unqualified_object_name:normalize_identifier: exit
execute:execute_statement:acquire_row_locks:collect_required_row_locks:normalize_unqualified_object_name: exit
execute:execute_statement:acquire_row_locks:collect_required_row_locks:require_table: enter
execute:execute_statement:acquire_row_locks:collect_required_row_locks:require_table: exit
execute:execute_statement:acquire_row_locks:collect_required_row_locks:infer_expression_type: enter
execute:execute_statement:acquire_row_locks:collect_required_row_locks:infer_expression_type:extract_ast_value: enter
execute:execute_statement:acquire_row_locks:collect_required_row_locks:infer_expression_type:extract_ast_value: exit
execute:execute_statement:acquire_row_locks:collect_required_row_locks:infer_expression_type:resolve_operator_type: enter
execute:execute_statement:acquire_row_locks:collect_required_row_locks:infer_expression_type:resolve_operator_type:is_parameter_placeholder: enter
execute:execute_statement:acquire_row_locks:collect_required_row_locks:infer_expression_type:resolve_operator_type:is_parameter_placeholder:extract_ast_value: enter
execute:execute_statement:acquire_row_locks:collect_required_row_locks:infer_expression_type:resolve_operator_type:is_parameter_placeholder:extract_ast_value: exit
execute:execute_statement:acquire_row_locks:collect_required_row_locks:infer_expression_type:resolve_operator_type:is_parameter_placeholder: exit
execute:execute_statement:acquire_row_locks:collect_required_row_locks:infer_expression_type:resolve_operator_type:is_parameter_placeholder: enter
execute:execute_statement:acquire_row_locks:collect_required_row_locks:infer_expression_type:resolve_operator_type:is_parameter_placeholder:extract_ast_value: enter
execute:execute_statement:acquire_row_locks:collect_required_row_locks:infer_expression_type:resolve_operator_type:is_parameter_placeholder:extract_ast_value: exit
execute:execute_statement:acquire_row_locks:collect_required_row_locks:infer_expression_type:resolve_operator_type:is_parameter_placeholder: exit
execute:execute_statement:acquire_row_locks:collect_required_row_locks:infer_expression_type:resolve_operator_type:infer_expression_type: enter
execute:execute_statement:acquire_row_locks:collect_required_row_locks:infer_expression_type:resolve_operator_type:infer_expression_type:extract_ast_value: enter
execute:execute_statement:acquire_row_locks:collect_required_row_locks:infer_expression_type:resolve_operator_type:infer_expression_type:extract_ast_value: exit
execute:execute_statement:acquire_row_locks:collect_required_row_locks:infer_expression_type:resolve_operator_type:infer_expression_type:resolve_column: enter
execute:execute_statement:acquire_row_locks:collect_required_row_locks:infer_expression_type:resolve_operator_type:infer_expression_type:resolve_column:matches_identifier: enter
execute:execute_statement:acquire_row_locks:collect_required_row_locks:infer_expression_type:resolve_operator_type:infer_expression_type:resolve_column:matches_identifier: exit
execute:execute_statement:acquire_row_locks:collect_required_row_locks:infer_expression_type:resolve_operator_type:infer_expression_type:resolve_column: exit
execute:execute_statement:acquire_row_locks:collect_required_row_locks:infer_expression_type:resolve_operator_type:infer_expression_type: exit
execute:execute_statement:acquire_row_locks:collect_required_row_locks:infer_expression_type:resolve_operator_type:infer_expression_type: enter
execute:execute_statement:acquire_row_locks:collect_required_row_locks:infer_expression_type:resolve_operator_type:infer_expression_type:extract_ast_value: enter
execute:execute_statement:acquire_row_locks:collect_required_row_locks:infer_expression_type:resolve_operator_type:infer_expression_type:extract_ast_value: exit
execute:execute_statement:acquire_row_locks:collect_required_row_locks:infer_expression_type:resolve_operator_type:infer_expression_type:parse_integer_literal: enter
execute:execute_statement:acquire_row_locks:collect_required_row_locks:infer_expression_type:resolve_operator_type:infer_expression_type:parse_integer_literal: exit
execute:execute_statement:acquire_row_locks:collect_required_row_locks:infer_expression_type:resolve_operator_type:infer_expression_type:get_base_type: enter
execute:execute_statement:acquire_row_locks:collect_required_row_locks:infer_expression_type:resolve_operator_type:infer_expression_type:get_base_type: exit
execute:execute_statement:acquire_row_locks:collect_required_row_locks:infer_expression_type:resolve_operator_type:infer_expression_type: exit
execute:execute_statement:acquire_row_locks:collect_required_row_locks:infer_expression_type:resolve_operator_type:resolve_expression_pair_type: enter
execute:execute_statement:acquire_row_locks:collect_required_row_locks:infer_expression_type:resolve_operator_type:resolve_expression_pair_type:is_null_literal: enter
execute:execute_statement:acquire_row_locks:collect_required_row_locks:infer_expression_type:resolve_operator_type:resolve_expression_pair_type:is_null_literal: exit
execute:execute_statement:acquire_row_locks:collect_required_row_locks:infer_expression_type:resolve_operator_type:resolve_expression_pair_type:extract_unknown_string_literal: enter
execute:execute_statement:acquire_row_locks:collect_required_row_locks:infer_expression_type:resolve_operator_type:resolve_expression_pair_type:extract_unknown_string_literal: exit
execute:execute_statement:acquire_row_locks:collect_required_row_locks:infer_expression_type:resolve_operator_type:resolve_expression_pair_type:is_null_literal: enter
execute:execute_statement:acquire_row_locks:collect_required_row_locks:infer_expression_type:resolve_operator_type:resolve_expression_pair_type:is_null_literal: exit
execute:execute_statement:acquire_row_locks:collect_required_row_locks:infer_expression_type:resolve_operator_type:resolve_expression_pair_type:extract_unknown_string_literal: enter
execute:execute_statement:acquire_row_locks:collect_required_row_locks:infer_expression_type:resolve_operator_type:resolve_expression_pair_type:extract_unknown_string_literal: exit
execute:execute_statement:acquire_row_locks:collect_required_row_locks:infer_expression_type:resolve_operator_type:resolve_expression_pair_type:is_null_literal: enter
execute:execute_statement:acquire_row_locks:collect_required_row_locks:infer_expression_type:resolve_operator_type:resolve_expression_pair_type:is_null_literal: exit
execute:execute_statement:acquire_row_locks:collect_required_row_locks:infer_expression_type:resolve_operator_type:resolve_expression_pair_type:extract_unknown_string_literal: enter
execute:execute_statement:acquire_row_locks:collect_required_row_locks:infer_expression_type:resolve_operator_type:resolve_expression_pair_type:extract_unknown_string_literal: exit
execute:execute_statement:acquire_row_locks:collect_required_row_locks:infer_expression_type:resolve_operator_type:resolve_expression_pair_type:infer_expression_type: enter
execute:execute_statement:acquire_row_locks:collect_required_row_locks:infer_expression_type:resolve_operator_type:resolve_expression_pair_type:infer_expression_type:extract_ast_value: enter
execute:execute_statement:acquire_row_locks:collect_required_row_locks:infer_expression_type:resolve_operator_type:resolve_expression_pair_type:infer_expression_type:extract_ast_value: exit
execute:execute_statement:acquire_row_locks:collect_required_row_locks:infer_expression_type:resolve_operator_type:resolve_expression_pair_type:infer_expression_type:resolve_column: enter
execute:execute_statement:acquire_row_locks:collect_required_row_locks:infer_expression_type:resolve_operator_type:resolve_expression_pair_type:infer_expression_type:resolve_column:matches_identifier: enter
execute:execute_statement:acquire_row_locks:collect_required_row_locks:infer_expression_type:resolve_operator_type:resolve_expression_pair_type:infer_expression_type:resolve_column:matches_identifier: exit
execute:execute_statement:acquire_row_locks:collect_required_row_locks:infer_expression_type:resolve_operator_type:resolve_expression_pair_type:infer_expression_type:resolve_column: exit
execute:execute_statement:acquire_row_locks:collect_required_row_locks:infer_expression_type:resolve_operator_type:resolve_expression_pair_type:infer_expression_type: exit
execute:execute_statement:acquire_row_locks:collect_required_row_locks:infer_expression_type:resolve_operator_type:resolve_expression_pair_type:infer_expression_type: enter
execute:execute_statement:acquire_row_locks:collect_required_row_locks:infer_expression_type:resolve_operator_type:resolve_expression_pair_type:infer_expression_type:extract_ast_value: enter
execute:execute_statement:acquire_row_locks:collect_required_row_locks:infer_expression_type:resolve_operator_type:resolve_expression_pair_type:infer_expression_type:extract_ast_value: exit
execute:execute_statement:acquire_row_locks:collect_required_row_locks:infer_expression_type:resolve_operator_type:resolve_expression_pair_type:infer_expression_type:parse_integer_literal: enter
execute:execute_statement:acquire_row_locks:collect_required_row_locks:infer_expression_type:resolve_operator_type:resolve_expression_pair_type:infer_expression_type:parse_integer_literal: exit
execute:execute_statement:acquire_row_locks:collect_required_row_locks:infer_expression_type:resolve_operator_type:resolve_expression_pair_type:infer_expression_type:get_base_type: enter
execute:execute_statement:acquire_row_locks:collect_required_row_locks:infer_expression_type:resolve_operator_type:resolve_expression_pair_type:infer_expression_type:get_base_type: exit
execute:execute_statement:acquire_row_locks:collect_required_row_locks:infer_expression_type:resolve_operator_type:resolve_expression_pair_type:infer_expression_type: exit
execute:execute_statement:acquire_row_locks:collect_required_row_locks:infer_expression_type:resolve_operator_type:resolve_expression_pair_type:resolve_common_type: enter
execute:execute_statement:acquire_row_locks:collect_required_row_locks:infer_expression_type:resolve_operator_type:resolve_expression_pair_type:resolve_common_type: exit
execute:execute_statement:acquire_row_locks:collect_required_row_locks:infer_expression_type:resolve_operator_type:resolve_expression_pair_type: exit
execute:execute_statement:acquire_row_locks:collect_required_row_locks:infer_expression_type:resolve_operator_type: exit
execute:execute_statement:acquire_row_locks:collect_required_row_locks:infer_expression_type: exit
execute:execute_statement:acquire_row_locks:collect_required_row_locks:iterate_version_chains: enter
execute:execute_statement:acquire_row_locks:collect_required_row_locks:iterate_version_chains: exit
execute:execute_statement:acquire_row_locks:collect_required_row_locks:find_visible_version: enter
execute:execute_statement:acquire_row_locks:collect_required_row_locks:find_visible_version:is_visible: enter
execute:execute_statement:acquire_row_locks:collect_required_row_locks:find_visible_version:is_visible:get_status: enter
execute:execute_statement:acquire_row_locks:collect_required_row_locks:find_visible_version:is_visible:get_status: exit
execute:execute_statement:acquire_row_locks:collect_required_row_locks:find_visible_version:is_visible: exit
execute:execute_statement:acquire_row_locks:collect_required_row_locks:find_visible_version: exit
execute:execute_statement:acquire_row_locks:collect_required_row_locks:evaluate: enter
execute:execute_statement:acquire_row_locks:collect_required_row_locks:evaluate:infer_expression_type: enter
execute:execute_statement:acquire_row_locks:collect_required_row_locks:evaluate:infer_expression_type:extract_ast_value: enter
execute:execute_statement:acquire_row_locks:collect_required_row_locks:evaluate:infer_expression_type:extract_ast_value: exit
execute:execute_statement:acquire_row_locks:collect_required_row_locks:evaluate:infer_expression_type:resolve_column: enter
execute:execute_statement:acquire_row_locks:collect_required_row_locks:evaluate:infer_expression_type:resolve_column:matches_identifier: enter
execute:execute_statement:acquire_row_locks:collect_required_row_locks:evaluate:infer_expression_type:resolve_column:matches_identifier: exit
execute:execute_statement:acquire_row_locks:collect_required_row_locks:evaluate:infer_expression_type:resolve_column: exit
execute:execute_statement:acquire_row_locks:collect_required_row_locks:evaluate:infer_expression_type: exit
execute:execute_statement:acquire_row_locks:collect_required_row_locks:evaluate:infer_expression_type: enter
execute:execute_statement:acquire_row_locks:collect_required_row_locks:evaluate:infer_expression_type:extract_ast_value: enter
execute:execute_statement:acquire_row_locks:collect_required_row_locks:evaluate:infer_expression_type:extract_ast_value: exit
execute:execute_statement:acquire_row_locks:collect_required_row_locks:evaluate:infer_expression_type:parse_integer_literal: enter
execute:execute_statement:acquire_row_locks:collect_required_row_locks:evaluate:infer_expression_type:parse_integer_literal: exit
execute:execute_statement:acquire_row_locks:collect_required_row_locks:evaluate:infer_expression_type:get_base_type: enter
execute:execute_statement:acquire_row_locks:collect_required_row_locks:evaluate:infer_expression_type:get_base_type: exit
execute:execute_statement:acquire_row_locks:collect_required_row_locks:evaluate:infer_expression_type: exit
execute:execute_statement:acquire_row_locks:collect_required_row_locks:evaluate:resolve_operator_type: enter
execute:execute_statement:acquire_row_locks:collect_required_row_locks:evaluate:resolve_operator_type:is_parameter_placeholder: enter
execute:execute_statement:acquire_row_locks:collect_required_row_locks:evaluate:resolve_operator_type:is_parameter_placeholder:extract_ast_value: enter
execute:execute_statement:acquire_row_locks:collect_required_row_locks:evaluate:resolve_operator_type:is_parameter_placeholder:extract_ast_value: exit
execute:execute_statement:acquire_row_locks:collect_required_row_locks:evaluate:resolve_operator_type:is_parameter_placeholder: exit
execute:execute_statement:acquire_row_locks:collect_required_row_locks:evaluate:resolve_operator_type:is_parameter_placeholder: enter
execute:execute_statement:acquire_row_locks:collect_required_row_locks:evaluate:resolve_operator_type:is_parameter_placeholder:extract_ast_value: enter
execute:execute_statement:acquire_row_locks:collect_required_row_locks:evaluate:resolve_operator_type:is_parameter_placeholder:extract_ast_value: exit
execute:execute_statement:acquire_row_locks:collect_required_row_locks:evaluate:resolve_operator_type:is_parameter_placeholder: exit
execute:execute_statement:acquire_row_locks:collect_required_row_locks:evaluate:resolve_operator_type:infer_expression_type: enter
execute:execute_statement:acquire_row_locks:collect_required_row_locks:evaluate:resolve_operator_type:infer_expression_type:extract_ast_value: enter
execute:execute_statement:acquire_row_locks:collect_required_row_locks:evaluate:resolve_operator_type:infer_expression_type:extract_ast_value: exit
execute:execute_statement:acquire_row_locks:collect_required_row_locks:evaluate:resolve_operator_type:infer_expression_type:resolve_column: enter
execute:execute_statement:acquire_row_locks:collect_required_row_locks:evaluate:resolve_operator_type:infer_expression_type:resolve_column:matches_identifier: enter
execute:execute_statement:acquire_row_locks:collect_required_row_locks:evaluate:resolve_operator_type:infer_expression_type:resolve_column:matches_identifier: exit
execute:execute_statement:acquire_row_locks:collect_required_row_locks:evaluate:resolve_operator_type:infer_expression_type:resolve_column: exit
execute:execute_statement:acquire_row_locks:collect_required_row_locks:evaluate:resolve_operator_type:infer_expression_type: exit
execute:execute_statement:acquire_row_locks:collect_required_row_locks:evaluate:resolve_operator_type:infer_expression_type: enter
execute:execute_statement:acquire_row_locks:collect_required_row_locks:evaluate:resolve_operator_type:infer_expression_type:extract_ast_value: enter
execute:execute_statement:acquire_row_locks:collect_required_row_locks:evaluate:resolve_operator_type:infer_expression_type:extract_ast_value: exit
execute:execute_statement:acquire_row_locks:collect_required_row_locks:evaluate:resolve_operator_type:infer_expression_type:parse_integer_literal: enter
execute:execute_statement:acquire_row_locks:collect_required_row_locks:evaluate:resolve_operator_type:infer_expression_type:parse_integer_literal: exit
execute:execute_statement:acquire_row_locks:collect_required_row_locks:evaluate:resolve_operator_type:infer_expression_type:get_base_type: enter
execute:execute_statement:acquire_row_locks:collect_required_row_locks:evaluate:resolve_operator_type:infer_expression_type:get_base_type: exit
execute:execute_statement:acquire_row_locks:collect_required_row_locks:evaluate:resolve_operator_type:infer_expression_type: exit
execute:execute_statement:acquire_row_locks:collect_required_row_locks:evaluate:resolve_operator_type:resolve_expression_pair_type: enter
execute:execute_statement:acquire_row_locks:collect_required_row_locks:evaluate:resolve_operator_type:resolve_expression_pair_type:is_null_literal: enter
execute:execute_statement:acquire_row_locks:collect_required_row_locks:evaluate:resolve_operator_type:resolve_expression_pair_type:is_null_literal: exit
execute:execute_statement:acquire_row_locks:collect_required_row_locks:evaluate:resolve_operator_type:resolve_expression_pair_type:extract_unknown_string_literal: enter
execute:execute_statement:acquire_row_locks:collect_required_row_locks:evaluate:resolve_operator_type:resolve_expression_pair_type:extract_unknown_string_literal: exit
execute:execute_statement:acquire_row_locks:collect_required_row_locks:evaluate:resolve_operator_type:resolve_expression_pair_type:is_null_literal: enter
execute:execute_statement:acquire_row_locks:collect_required_row_locks:evaluate:resolve_operator_type:resolve_expression_pair_type:is_null_literal: exit
execute:execute_statement:acquire_row_locks:collect_required_row_locks:evaluate:resolve_operator_type:resolve_expression_pair_type:extract_unknown_string_literal: enter
execute:execute_statement:acquire_row_locks:collect_required_row_locks:evaluate:resolve_operator_type:resolve_expression_pair_type:extract_unknown_string_literal: exit
execute:execute_statement:acquire_row_locks:collect_required_row_locks:evaluate:resolve_operator_type:resolve_expression_pair_type:is_null_literal: enter
execute:execute_statement:acquire_row_locks:collect_required_row_locks:evaluate:resolve_operator_type:resolve_expression_pair_type:is_null_literal: exit
execute:execute_statement:acquire_row_locks:collect_required_row_locks:evaluate:resolve_operator_type:resolve_expression_pair_type:extract_unknown_string_literal: enter
execute:execute_statement:acquire_row_locks:collect_required_row_locks:evaluate:resolve_operator_type:resolve_expression_pair_type:extract_unknown_string_literal: exit
execute:execute_statement:acquire_row_locks:collect_required_row_locks:evaluate:resolve_operator_type:resolve_expression_pair_type:infer_expression_type: enter
execute:execute_statement:acquire_row_locks:collect_required_row_locks:evaluate:resolve_operator_type:resolve_expression_pair_type:infer_expression_type:extract_ast_value: enter
execute:execute_statement:acquire_row_locks:collect_required_row_locks:evaluate:resolve_operator_type:resolve_expression_pair_type:infer_expression_type:extract_ast_value: exit
execute:execute_statement:acquire_row_locks:collect_required_row_locks:evaluate:resolve_operator_type:resolve_expression_pair_type:infer_expression_type:resolve_column: enter
execute:execute_statement:acquire_row_locks:collect_required_row_locks:evaluate:resolve_operator_type:resolve_expression_pair_type:infer_expression_type:resolve_column:matches_identifier: enter
execute:execute_statement:acquire_row_locks:collect_required_row_locks:evaluate:resolve_operator_type:resolve_expression_pair_type:infer_expression_type:resolve_column:matches_identifier: exit
execute:execute_statement:acquire_row_locks:collect_required_row_locks:evaluate:resolve_operator_type:resolve_expression_pair_type:infer_expression_type:resolve_column: exit
execute:execute_statement:acquire_row_locks:collect_required_row_locks:evaluate:resolve_operator_type:resolve_expression_pair_type:infer_expression_type: exit
execute:execute_statement:acquire_row_locks:collect_required_row_locks:evaluate:resolve_operator_type:resolve_expression_pair_type:infer_expression_type: enter
execute:execute_statement:acquire_row_locks:collect_required_row_locks:evaluate:resolve_operator_type:resolve_expression_pair_type:infer_expression_type:extract_ast_value: enter
execute:execute_statement:acquire_row_locks:collect_required_row_locks:evaluate:resolve_operator_type:resolve_expression_pair_type:infer_expression_type:extract_ast_value: exit
execute:execute_statement:acquire_row_locks:collect_required_row_locks:evaluate:resolve_operator_type:resolve_expression_pair_type:infer_expression_type:parse_integer_literal: enter
execute:execute_statement:acquire_row_locks:collect_required_row_locks:evaluate:resolve_operator_type:resolve_expression_pair_type:infer_expression_type:parse_integer_literal: exit
execute:execute_statement:acquire_row_locks:collect_required_row_locks:evaluate:resolve_operator_type:resolve_expression_pair_type:infer_expression_type:get_base_type: enter
execute:execute_statement:acquire_row_locks:collect_required_row_locks:evaluate:resolve_operator_type:resolve_expression_pair_type:infer_expression_type:get_base_type: exit
execute:execute_statement:acquire_row_locks:collect_required_row_locks:evaluate:resolve_operator_type:resolve_expression_pair_type:infer_expression_type: exit
execute:execute_statement:acquire_row_locks:collect_required_row_locks:evaluate:resolve_operator_type:resolve_expression_pair_type:resolve_common_type: enter
execute:execute_statement:acquire_row_locks:collect_required_row_locks:evaluate:resolve_operator_type:resolve_expression_pair_type:resolve_common_type: exit
execute:execute_statement:acquire_row_locks:collect_required_row_locks:evaluate:resolve_operator_type:resolve_expression_pair_type: exit
execute:execute_statement:acquire_row_locks:collect_required_row_locks:evaluate:resolve_operator_type: exit
execute:execute_statement:acquire_row_locks:collect_required_row_locks:evaluate:evaluate_and_coerce: enter
execute:execute_statement:acquire_row_locks:collect_required_row_locks:evaluate:evaluate_and_coerce:extract_unknown_string_literal: enter
execute:execute_statement:acquire_row_locks:collect_required_row_locks:evaluate:evaluate_and_coerce:extract_unknown_string_literal: exit
execute:execute_statement:acquire_row_locks:collect_required_row_locks:evaluate:evaluate_and_coerce:infer_expression_type: enter
execute:execute_statement:acquire_row_locks:collect_required_row_locks:evaluate:evaluate_and_coerce:infer_expression_type:extract_ast_value: enter
execute:execute_statement:acquire_row_locks:collect_required_row_locks:evaluate:evaluate_and_coerce:infer_expression_type:extract_ast_value: exit
execute:execute_statement:acquire_row_locks:collect_required_row_locks:evaluate:evaluate_and_coerce:infer_expression_type:resolve_column: enter
execute:execute_statement:acquire_row_locks:collect_required_row_locks:evaluate:evaluate_and_coerce:infer_expression_type:resolve_column:matches_identifier: enter
execute:execute_statement:acquire_row_locks:collect_required_row_locks:evaluate:evaluate_and_coerce:infer_expression_type:resolve_column:matches_identifier: exit
execute:execute_statement:acquire_row_locks:collect_required_row_locks:evaluate:evaluate_and_coerce:infer_expression_type:resolve_column: exit
execute:execute_statement:acquire_row_locks:collect_required_row_locks:evaluate:evaluate_and_coerce:infer_expression_type: exit
execute:execute_statement:acquire_row_locks:collect_required_row_locks:evaluate:evaluate_and_coerce:evaluate: enter
execute:execute_statement:acquire_row_locks:collect_required_row_locks:evaluate:evaluate_and_coerce:evaluate:resolve_column_value: enter
execute:execute_statement:acquire_row_locks:collect_required_row_locks:evaluate:evaluate_and_coerce:evaluate:resolve_column_value:resolve_column: enter
execute:execute_statement:acquire_row_locks:collect_required_row_locks:evaluate:evaluate_and_coerce:evaluate:resolve_column_value:resolve_column:matches_identifier: enter
execute:execute_statement:acquire_row_locks:collect_required_row_locks:evaluate:evaluate_and_coerce:evaluate:resolve_column_value:resolve_column:matches_identifier: exit
execute:execute_statement:acquire_row_locks:collect_required_row_locks:evaluate:evaluate_and_coerce:evaluate:resolve_column_value:resolve_column: exit
execute:execute_statement:acquire_row_locks:collect_required_row_locks:evaluate:evaluate_and_coerce:evaluate:resolve_column_value: exit
execute:execute_statement:acquire_row_locks:collect_required_row_locks:evaluate:evaluate_and_coerce:evaluate: exit
execute:execute_statement:acquire_row_locks:collect_required_row_locks:evaluate:evaluate_and_coerce:create: enter
execute:execute_statement:acquire_row_locks:collect_required_row_locks:evaluate:evaluate_and_coerce:create: exit
execute:execute_statement:acquire_row_locks:collect_required_row_locks:evaluate:evaluate_and_coerce:coerce: enter
execute:execute_statement:acquire_row_locks:collect_required_row_locks:evaluate:evaluate_and_coerce:coerce:is_null: enter
execute:execute_statement:acquire_row_locks:collect_required_row_locks:evaluate:evaluate_and_coerce:coerce:is_null: exit
execute:execute_statement:acquire_row_locks:collect_required_row_locks:evaluate:evaluate_and_coerce:coerce:can_cast: enter
execute:execute_statement:acquire_row_locks:collect_required_row_locks:evaluate:evaluate_and_coerce:coerce:can_cast:resolve_required_cast_context: enter
execute:execute_statement:acquire_row_locks:collect_required_row_locks:evaluate:evaluate_and_coerce:coerce:can_cast:resolve_required_cast_context: exit
execute:execute_statement:acquire_row_locks:collect_required_row_locks:evaluate:evaluate_and_coerce:coerce:can_cast: exit
execute:execute_statement:acquire_row_locks:collect_required_row_locks:evaluate:evaluate_and_coerce:coerce:apply_typmod: enter
execute:execute_statement:acquire_row_locks:collect_required_row_locks:evaluate:evaluate_and_coerce:coerce:apply_typmod: exit
execute:execute_statement:acquire_row_locks:collect_required_row_locks:evaluate:evaluate_and_coerce:coerce: exit
execute:execute_statement:acquire_row_locks:collect_required_row_locks:evaluate:evaluate_and_coerce: exit
execute:execute_statement:acquire_row_locks:collect_required_row_locks:evaluate:evaluate_and_coerce: enter
execute:execute_statement:acquire_row_locks:collect_required_row_locks:evaluate:evaluate_and_coerce:extract_unknown_string_literal: enter
execute:execute_statement:acquire_row_locks:collect_required_row_locks:evaluate:evaluate_and_coerce:extract_unknown_string_literal: exit
execute:execute_statement:acquire_row_locks:collect_required_row_locks:evaluate:evaluate_and_coerce:infer_expression_type: enter
execute:execute_statement:acquire_row_locks:collect_required_row_locks:evaluate:evaluate_and_coerce:infer_expression_type:extract_ast_value: enter
execute:execute_statement:acquire_row_locks:collect_required_row_locks:evaluate:evaluate_and_coerce:infer_expression_type:extract_ast_value: exit
execute:execute_statement:acquire_row_locks:collect_required_row_locks:evaluate:evaluate_and_coerce:infer_expression_type:parse_integer_literal: enter
execute:execute_statement:acquire_row_locks:collect_required_row_locks:evaluate:evaluate_and_coerce:infer_expression_type:parse_integer_literal: exit
execute:execute_statement:acquire_row_locks:collect_required_row_locks:evaluate:evaluate_and_coerce:infer_expression_type:get_base_type: enter
execute:execute_statement:acquire_row_locks:collect_required_row_locks:evaluate:evaluate_and_coerce:infer_expression_type:get_base_type: exit
execute:execute_statement:acquire_row_locks:collect_required_row_locks:evaluate:evaluate_and_coerce:infer_expression_type: exit
execute:execute_statement:acquire_row_locks:collect_required_row_locks:evaluate:evaluate_and_coerce:evaluate: enter
execute:execute_statement:acquire_row_locks:collect_required_row_locks:evaluate:evaluate_and_coerce:evaluate:evaluate_literal: enter
execute:execute_statement:acquire_row_locks:collect_required_row_locks:evaluate:evaluate_and_coerce:evaluate:evaluate_literal:extract_ast_value: enter
execute:execute_statement:acquire_row_locks:collect_required_row_locks:evaluate:evaluate_and_coerce:evaluate:evaluate_literal:extract_ast_value: exit
execute:execute_statement:acquire_row_locks:collect_required_row_locks:evaluate:evaluate_and_coerce:evaluate:evaluate_literal:parse_integer_literal: enter
execute:execute_statement:acquire_row_locks:collect_required_row_locks:evaluate:evaluate_and_coerce:evaluate:evaluate_literal:parse_integer_literal: exit
execute:execute_statement:acquire_row_locks:collect_required_row_locks:evaluate:evaluate_and_coerce:evaluate:evaluate_literal: exit
execute:execute_statement:acquire_row_locks:collect_required_row_locks:evaluate:evaluate_and_coerce:evaluate: exit
execute:execute_statement:acquire_row_locks:collect_required_row_locks:evaluate:evaluate_and_coerce:create: enter
execute:execute_statement:acquire_row_locks:collect_required_row_locks:evaluate:evaluate_and_coerce:create: exit
execute:execute_statement:acquire_row_locks:collect_required_row_locks:evaluate:evaluate_and_coerce:coerce: enter
execute:execute_statement:acquire_row_locks:collect_required_row_locks:evaluate:evaluate_and_coerce:coerce:is_null: enter
execute:execute_statement:acquire_row_locks:collect_required_row_locks:evaluate:evaluate_and_coerce:coerce:is_null: exit
execute:execute_statement:acquire_row_locks:collect_required_row_locks:evaluate:evaluate_and_coerce:coerce:can_cast: enter
execute:execute_statement:acquire_row_locks:collect_required_row_locks:evaluate:evaluate_and_coerce:coerce:can_cast:resolve_required_cast_context: enter
execute:execute_statement:acquire_row_locks:collect_required_row_locks:evaluate:evaluate_and_coerce:coerce:can_cast:resolve_required_cast_context: exit
execute:execute_statement:acquire_row_locks:collect_required_row_locks:evaluate:evaluate_and_coerce:coerce:can_cast: exit
execute:execute_statement:acquire_row_locks:collect_required_row_locks:evaluate:evaluate_and_coerce:coerce:apply_typmod: enter
execute:execute_statement:acquire_row_locks:collect_required_row_locks:evaluate:evaluate_and_coerce:coerce:apply_typmod: exit
execute:execute_statement:acquire_row_locks:collect_required_row_locks:evaluate:evaluate_and_coerce:coerce: exit
execute:execute_statement:acquire_row_locks:collect_required_row_locks:evaluate:evaluate_and_coerce: exit
execute:execute_statement:acquire_row_locks:collect_required_row_locks:evaluate:is_null: enter
execute:execute_statement:acquire_row_locks:collect_required_row_locks:evaluate:is_null: exit
execute:execute_statement:acquire_row_locks:collect_required_row_locks:evaluate:is_null: enter
execute:execute_statement:acquire_row_locks:collect_required_row_locks:evaluate:is_null: exit
execute:execute_statement:acquire_row_locks:collect_required_row_locks:evaluate:evaluate_comparison: enter
execute:execute_statement:acquire_row_locks:collect_required_row_locks:evaluate:evaluate_comparison:compare_values: enter
execute:execute_statement:acquire_row_locks:collect_required_row_locks:evaluate:evaluate_comparison:compare_values: exit
execute:execute_statement:acquire_row_locks:collect_required_row_locks:evaluate:evaluate_comparison: exit
execute:execute_statement:acquire_row_locks:collect_required_row_locks:evaluate: exit
execute:execute_statement:acquire_row_locks:collect_required_row_locks:find_visible_version: enter
execute:execute_statement:acquire_row_locks:collect_required_row_locks:find_visible_version:is_visible: enter
execute:execute_statement:acquire_row_locks:collect_required_row_locks:find_visible_version:is_visible:get_status: enter
execute:execute_statement:acquire_row_locks:collect_required_row_locks:find_visible_version:is_visible:get_status: exit
execute:execute_statement:acquire_row_locks:collect_required_row_locks:find_visible_version:is_visible: exit
execute:execute_statement:acquire_row_locks:collect_required_row_locks:find_visible_version: exit
execute:execute_statement:acquire_row_locks:collect_required_row_locks:evaluate: enter
execute:execute_statement:acquire_row_locks:collect_required_row_locks:evaluate:infer_expression_type: enter
execute:execute_statement:acquire_row_locks:collect_required_row_locks:evaluate:infer_expression_type:extract_ast_value: enter
execute:execute_statement:acquire_row_locks:collect_required_row_locks:evaluate:infer_expression_type:extract_ast_value: exit
execute:execute_statement:acquire_row_locks:collect_required_row_locks:evaluate:infer_expression_type:resolve_column: enter
execute:execute_statement:acquire_row_locks:collect_required_row_locks:evaluate:infer_expression_type:resolve_column:matches_identifier: enter
execute:execute_statement:acquire_row_locks:collect_required_row_locks:evaluate:infer_expression_type:resolve_column:matches_identifier: exit
execute:execute_statement:acquire_row_locks:collect_required_row_locks:evaluate:infer_expression_type:resolve_column: exit
execute:execute_statement:acquire_row_locks:collect_required_row_locks:evaluate:infer_expression_type: exit
execute:execute_statement:acquire_row_locks:collect_required_row_locks:evaluate:infer_expression_type: enter
execute:execute_statement:acquire_row_locks:collect_required_row_locks:evaluate:infer_expression_type:extract_ast_value: enter
execute:execute_statement:acquire_row_locks:collect_required_row_locks:evaluate:infer_expression_type:extract_ast_value: exit
execute:execute_statement:acquire_row_locks:collect_required_row_locks:evaluate:infer_expression_type:parse_integer_literal: enter
execute:execute_statement:acquire_row_locks:collect_required_row_locks:evaluate:infer_expression_type:parse_integer_literal: exit
execute:execute_statement:acquire_row_locks:collect_required_row_locks:evaluate:infer_expression_type:get_base_type: enter
execute:execute_statement:acquire_row_locks:collect_required_row_locks:evaluate:infer_expression_type:get_base_type: exit
execute:execute_statement:acquire_row_locks:collect_required_row_locks:evaluate:infer_expression_type: exit
execute:execute_statement:acquire_row_locks:collect_required_row_locks:evaluate:resolve_operator_type: enter
execute:execute_statement:acquire_row_locks:collect_required_row_locks:evaluate:resolve_operator_type:is_parameter_placeholder: enter
execute:execute_statement:acquire_row_locks:collect_required_row_locks:evaluate:resolve_operator_type:is_parameter_placeholder:extract_ast_value: enter
execute:execute_statement:acquire_row_locks:collect_required_row_locks:evaluate:resolve_operator_type:is_parameter_placeholder:extract_ast_value: exit
execute:execute_statement:acquire_row_locks:collect_required_row_locks:evaluate:resolve_operator_type:is_parameter_placeholder: exit
execute:execute_statement:acquire_row_locks:collect_required_row_locks:evaluate:resolve_operator_type:is_parameter_placeholder: enter
execute:execute_statement:acquire_row_locks:collect_required_row_locks:evaluate:resolve_operator_type:is_parameter_placeholder:extract_ast_value: enter
execute:execute_statement:acquire_row_locks:collect_required_row_locks:evaluate:resolve_operator_type:is_parameter_placeholder:extract_ast_value: exit
execute:execute_statement:acquire_row_locks:collect_required_row_locks:evaluate:resolve_operator_type:is_parameter_placeholder: exit
execute:execute_statement:acquire_row_locks:collect_required_row_locks:evaluate:resolve_operator_type:infer_expression_type: enter
execute:execute_statement:acquire_row_locks:collect_required_row_locks:evaluate:resolve_operator_type:infer_expression_type:extract_ast_value: enter
execute:execute_statement:acquire_row_locks:collect_required_row_locks:evaluate:resolve_operator_type:infer_expression_type:extract_ast_value: exit
execute:execute_statement:acquire_row_locks:collect_required_row_locks:evaluate:resolve_operator_type:infer_expression_type:resolve_column: enter
execute:execute_statement:acquire_row_locks:collect_required_row_locks:evaluate:resolve_operator_type:infer_expression_type:resolve_column:matches_identifier: enter
execute:execute_statement:acquire_row_locks:collect_required_row_locks:evaluate:resolve_operator_type:infer_expression_type:resolve_column:matches_identifier: exit
execute:execute_statement:acquire_row_locks:collect_required_row_locks:evaluate:resolve_operator_type:infer_expression_type:resolve_column: exit
execute:execute_statement:acquire_row_locks:collect_required_row_locks:evaluate:resolve_operator_type:infer_expression_type: exit
execute:execute_statement:acquire_row_locks:collect_required_row_locks:evaluate:resolve_operator_type:infer_expression_type: enter
execute:execute_statement:acquire_row_locks:collect_required_row_locks:evaluate:resolve_operator_type:infer_expression_type:extract_ast_value: enter
execute:execute_statement:acquire_row_locks:collect_required_row_locks:evaluate:resolve_operator_type:infer_expression_type:extract_ast_value: exit
execute:execute_statement:acquire_row_locks:collect_required_row_locks:evaluate:resolve_operator_type:infer_expression_type:parse_integer_literal: enter
execute:execute_statement:acquire_row_locks:collect_required_row_locks:evaluate:resolve_operator_type:infer_expression_type:parse_integer_literal: exit
execute:execute_statement:acquire_row_locks:collect_required_row_locks:evaluate:resolve_operator_type:infer_expression_type:get_base_type: enter
execute:execute_statement:acquire_row_locks:collect_required_row_locks:evaluate:resolve_operator_type:infer_expression_type:get_base_type: exit
execute:execute_statement:acquire_row_locks:collect_required_row_locks:evaluate:resolve_operator_type:infer_expression_type: exit
execute:execute_statement:acquire_row_locks:collect_required_row_locks:evaluate:resolve_operator_type:resolve_expression_pair_type: enter
execute:execute_statement:acquire_row_locks:collect_required_row_locks:evaluate:resolve_operator_type:resolve_expression_pair_type:is_null_literal: enter
execute:execute_statement:acquire_row_locks:collect_required_row_locks:evaluate:resolve_operator_type:resolve_expression_pair_type:is_null_literal: exit
execute:execute_statement:acquire_row_locks:collect_required_row_locks:evaluate:resolve_operator_type:resolve_expression_pair_type:extract_unknown_string_literal: enter
execute:execute_statement:acquire_row_locks:collect_required_row_locks:evaluate:resolve_operator_type:resolve_expression_pair_type:extract_unknown_string_literal: exit
execute:execute_statement:acquire_row_locks:collect_required_row_locks:evaluate:resolve_operator_type:resolve_expression_pair_type:is_null_literal: enter
execute:execute_statement:acquire_row_locks:collect_required_row_locks:evaluate:resolve_operator_type:resolve_expression_pair_type:is_null_literal: exit
execute:execute_statement:acquire_row_locks:collect_required_row_locks:evaluate:resolve_operator_type:resolve_expression_pair_type:extract_unknown_string_literal: enter
execute:execute_statement:acquire_row_locks:collect_required_row_locks:evaluate:resolve_operator_type:resolve_expression_pair_type:extract_unknown_string_literal: exit
execute:execute_statement:acquire_row_locks:collect_required_row_locks:evaluate:resolve_operator_type:resolve_expression_pair_type:is_null_literal: enter
execute:execute_statement:acquire_row_locks:collect_required_row_locks:evaluate:resolve_operator_type:resolve_expression_pair_type:is_null_literal: exit
execute:execute_statement:acquire_row_locks:collect_required_row_locks:evaluate:resolve_operator_type:resolve_expression_pair_type:extract_unknown_string_literal: enter
execute:execute_statement:acquire_row_locks:collect_required_row_locks:evaluate:resolve_operator_type:resolve_expression_pair_type:extract_unknown_string_literal: exit
execute:execute_statement:acquire_row_locks:collect_required_row_locks:evaluate:resolve_operator_type:resolve_expression_pair_type:infer_expression_type: enter
execute:execute_statement:acquire_row_locks:collect_required_row_locks:evaluate:resolve_operator_type:resolve_expression_pair_type:infer_expression_type:extract_ast_value: enter
execute:execute_statement:acquire_row_locks:collect_required_row_locks:evaluate:resolve_operator_type:resolve_expression_pair_type:infer_expression_type:extract_ast_value: exit
execute:execute_statement:acquire_row_locks:collect_required_row_locks:evaluate:resolve_operator_type:resolve_expression_pair_type:infer_expression_type:resolve_column: enter
execute:execute_statement:acquire_row_locks:collect_required_row_locks:evaluate:resolve_operator_type:resolve_expression_pair_type:infer_expression_type:resolve_column:matches_identifier: enter
execute:execute_statement:acquire_row_locks:collect_required_row_locks:evaluate:resolve_operator_type:resolve_expression_pair_type:infer_expression_type:resolve_column:matches_identifier: exit
execute:execute_statement:acquire_row_locks:collect_required_row_locks:evaluate:resolve_operator_type:resolve_expression_pair_type:infer_expression_type:resolve_column: exit
execute:execute_statement:acquire_row_locks:collect_required_row_locks:evaluate:resolve_operator_type:resolve_expression_pair_type:infer_expression_type: exit
execute:execute_statement:acquire_row_locks:collect_required_row_locks:evaluate:resolve_operator_type:resolve_expression_pair_type:infer_expression_type: enter
execute:execute_statement:acquire_row_locks:collect_required_row_locks:evaluate:resolve_operator_type:resolve_expression_pair_type:infer_expression_type:extract_ast_value: enter
execute:execute_statement:acquire_row_locks:collect_required_row_locks:evaluate:resolve_operator_type:resolve_expression_pair_type:infer_expression_type:extract_ast_value: exit
execute:execute_statement:acquire_row_locks:collect_required_row_locks:evaluate:resolve_operator_type:resolve_expression_pair_type:infer_expression_type:parse_integer_literal: enter
execute:execute_statement:acquire_row_locks:collect_required_row_locks:evaluate:resolve_operator_type:resolve_expression_pair_type:infer_expression_type:parse_integer_literal: exit
execute:execute_statement:acquire_row_locks:collect_required_row_locks:evaluate:resolve_operator_type:resolve_expression_pair_type:infer_expression_type:get_base_type: enter
execute:execute_statement:acquire_row_locks:collect_required_row_locks:evaluate:resolve_operator_type:resolve_expression_pair_type:infer_expression_type:get_base_type: exit
execute:execute_statement:acquire_row_locks:collect_required_row_locks:evaluate:resolve_operator_type:resolve_expression_pair_type:infer_expression_type: exit
execute:execute_statement:acquire_row_locks:collect_required_row_locks:evaluate:resolve_operator_type:resolve_expression_pair_type:resolve_common_type: enter
execute:execute_statement:acquire_row_locks:collect_required_row_locks:evaluate:resolve_operator_type:resolve_expression_pair_type:resolve_common_type: exit
execute:execute_statement:acquire_row_locks:collect_required_row_locks:evaluate:resolve_operator_type:resolve_expression_pair_type: exit
execute:execute_statement:acquire_row_locks:collect_required_row_locks:evaluate:resolve_operator_type: exit
execute:execute_statement:acquire_row_locks:collect_required_row_locks:evaluate:evaluate_and_coerce: enter
execute:execute_statement:acquire_row_locks:collect_required_row_locks:evaluate:evaluate_and_coerce:extract_unknown_string_literal: enter
execute:execute_statement:acquire_row_locks:collect_required_row_locks:evaluate:evaluate_and_coerce:extract_unknown_string_literal: exit
execute:execute_statement:acquire_row_locks:collect_required_row_locks:evaluate:evaluate_and_coerce:infer_expression_type: enter
execute:execute_statement:acquire_row_locks:collect_required_row_locks:evaluate:evaluate_and_coerce:infer_expression_type:extract_ast_value: enter
execute:execute_statement:acquire_row_locks:collect_required_row_locks:evaluate:evaluate_and_coerce:infer_expression_type:extract_ast_value: exit
execute:execute_statement:acquire_row_locks:collect_required_row_locks:evaluate:evaluate_and_coerce:infer_expression_type:resolve_column: enter
execute:execute_statement:acquire_row_locks:collect_required_row_locks:evaluate:evaluate_and_coerce:infer_expression_type:resolve_column:matches_identifier: enter
execute:execute_statement:acquire_row_locks:collect_required_row_locks:evaluate:evaluate_and_coerce:infer_expression_type:resolve_column:matches_identifier: exit
execute:execute_statement:acquire_row_locks:collect_required_row_locks:evaluate:evaluate_and_coerce:infer_expression_type:resolve_column: exit
execute:execute_statement:acquire_row_locks:collect_required_row_locks:evaluate:evaluate_and_coerce:infer_expression_type: exit
execute:execute_statement:acquire_row_locks:collect_required_row_locks:evaluate:evaluate_and_coerce:evaluate: enter
execute:execute_statement:acquire_row_locks:collect_required_row_locks:evaluate:evaluate_and_coerce:evaluate:resolve_column_value: enter
execute:execute_statement:acquire_row_locks:collect_required_row_locks:evaluate:evaluate_and_coerce:evaluate:resolve_column_value:resolve_column: enter
execute:execute_statement:acquire_row_locks:collect_required_row_locks:evaluate:evaluate_and_coerce:evaluate:resolve_column_value:resolve_column:matches_identifier: enter
execute:execute_statement:acquire_row_locks:collect_required_row_locks:evaluate:evaluate_and_coerce:evaluate:resolve_column_value:resolve_column:matches_identifier: exit
execute:execute_statement:acquire_row_locks:collect_required_row_locks:evaluate:evaluate_and_coerce:evaluate:resolve_column_value:resolve_column: exit
execute:execute_statement:acquire_row_locks:collect_required_row_locks:evaluate:evaluate_and_coerce:evaluate:resolve_column_value: exit
execute:execute_statement:acquire_row_locks:collect_required_row_locks:evaluate:evaluate_and_coerce:evaluate: exit
execute:execute_statement:acquire_row_locks:collect_required_row_locks:evaluate:evaluate_and_coerce:create: enter
execute:execute_statement:acquire_row_locks:collect_required_row_locks:evaluate:evaluate_and_coerce:create: exit
execute:execute_statement:acquire_row_locks:collect_required_row_locks:evaluate:evaluate_and_coerce:coerce: enter
execute:execute_statement:acquire_row_locks:collect_required_row_locks:evaluate:evaluate_and_coerce:coerce:is_null: enter
execute:execute_statement:acquire_row_locks:collect_required_row_locks:evaluate:evaluate_and_coerce:coerce:is_null: exit
execute:execute_statement:acquire_row_locks:collect_required_row_locks:evaluate:evaluate_and_coerce:coerce:can_cast: enter
execute:execute_statement:acquire_row_locks:collect_required_row_locks:evaluate:evaluate_and_coerce:coerce:can_cast:resolve_required_cast_context: enter
execute:execute_statement:acquire_row_locks:collect_required_row_locks:evaluate:evaluate_and_coerce:coerce:can_cast:resolve_required_cast_context: exit
execute:execute_statement:acquire_row_locks:collect_required_row_locks:evaluate:evaluate_and_coerce:coerce:can_cast: exit
execute:execute_statement:acquire_row_locks:collect_required_row_locks:evaluate:evaluate_and_coerce:coerce:apply_typmod: enter
execute:execute_statement:acquire_row_locks:collect_required_row_locks:evaluate:evaluate_and_coerce:coerce:apply_typmod: exit
execute:execute_statement:acquire_row_locks:collect_required_row_locks:evaluate:evaluate_and_coerce:coerce: exit
execute:execute_statement:acquire_row_locks:collect_required_row_locks:evaluate:evaluate_and_coerce: exit
execute:execute_statement:acquire_row_locks:collect_required_row_locks:evaluate:evaluate_and_coerce: enter
execute:execute_statement:acquire_row_locks:collect_required_row_locks:evaluate:evaluate_and_coerce:extract_unknown_string_literal: enter
execute:execute_statement:acquire_row_locks:collect_required_row_locks:evaluate:evaluate_and_coerce:extract_unknown_string_literal: exit
execute:execute_statement:acquire_row_locks:collect_required_row_locks:evaluate:evaluate_and_coerce:infer_expression_type: enter
execute:execute_statement:acquire_row_locks:collect_required_row_locks:evaluate:evaluate_and_coerce:infer_expression_type:extract_ast_value: enter
execute:execute_statement:acquire_row_locks:collect_required_row_locks:evaluate:evaluate_and_coerce:infer_expression_type:extract_ast_value: exit
execute:execute_statement:acquire_row_locks:collect_required_row_locks:evaluate:evaluate_and_coerce:infer_expression_type:parse_integer_literal: enter
execute:execute_statement:acquire_row_locks:collect_required_row_locks:evaluate:evaluate_and_coerce:infer_expression_type:parse_integer_literal: exit
execute:execute_statement:acquire_row_locks:collect_required_row_locks:evaluate:evaluate_and_coerce:infer_expression_type:get_base_type: enter
execute:execute_statement:acquire_row_locks:collect_required_row_locks:evaluate:evaluate_and_coerce:infer_expression_type:get_base_type: exit
execute:execute_statement:acquire_row_locks:collect_required_row_locks:evaluate:evaluate_and_coerce:infer_expression_type: exit
execute:execute_statement:acquire_row_locks:collect_required_row_locks:evaluate:evaluate_and_coerce:evaluate: enter
execute:execute_statement:acquire_row_locks:collect_required_row_locks:evaluate:evaluate_and_coerce:evaluate:evaluate_literal: enter
execute:execute_statement:acquire_row_locks:collect_required_row_locks:evaluate:evaluate_and_coerce:evaluate:evaluate_literal:extract_ast_value: enter
execute:execute_statement:acquire_row_locks:collect_required_row_locks:evaluate:evaluate_and_coerce:evaluate:evaluate_literal:extract_ast_value: exit
execute:execute_statement:acquire_row_locks:collect_required_row_locks:evaluate:evaluate_and_coerce:evaluate:evaluate_literal:parse_integer_literal: enter
execute:execute_statement:acquire_row_locks:collect_required_row_locks:evaluate:evaluate_and_coerce:evaluate:evaluate_literal:parse_integer_literal: exit
execute:execute_statement:acquire_row_locks:collect_required_row_locks:evaluate:evaluate_and_coerce:evaluate:evaluate_literal: exit
execute:execute_statement:acquire_row_locks:collect_required_row_locks:evaluate:evaluate_and_coerce:evaluate: exit
execute:execute_statement:acquire_row_locks:collect_required_row_locks:evaluate:evaluate_and_coerce:create: enter
execute:execute_statement:acquire_row_locks:collect_required_row_locks:evaluate:evaluate_and_coerce:create: exit
execute:execute_statement:acquire_row_locks:collect_required_row_locks:evaluate:evaluate_and_coerce:coerce: enter
execute:execute_statement:acquire_row_locks:collect_required_row_locks:evaluate:evaluate_and_coerce:coerce:is_null: enter
execute:execute_statement:acquire_row_locks:collect_required_row_locks:evaluate:evaluate_and_coerce:coerce:is_null: exit
execute:execute_statement:acquire_row_locks:collect_required_row_locks:evaluate:evaluate_and_coerce:coerce:can_cast: enter
execute:execute_statement:acquire_row_locks:collect_required_row_locks:evaluate:evaluate_and_coerce:coerce:can_cast:resolve_required_cast_context: enter
execute:execute_statement:acquire_row_locks:collect_required_row_locks:evaluate:evaluate_and_coerce:coerce:can_cast:resolve_required_cast_context: exit
execute:execute_statement:acquire_row_locks:collect_required_row_locks:evaluate:evaluate_and_coerce:coerce:can_cast: exit
execute:execute_statement:acquire_row_locks:collect_required_row_locks:evaluate:evaluate_and_coerce:coerce:apply_typmod: enter
execute:execute_statement:acquire_row_locks:collect_required_row_locks:evaluate:evaluate_and_coerce:coerce:apply_typmod: exit
execute:execute_statement:acquire_row_locks:collect_required_row_locks:evaluate:evaluate_and_coerce:coerce: exit
execute:execute_statement:acquire_row_locks:collect_required_row_locks:evaluate:evaluate_and_coerce: exit
execute:execute_statement:acquire_row_locks:collect_required_row_locks:evaluate:is_null: enter
execute:execute_statement:acquire_row_locks:collect_required_row_locks:evaluate:is_null: exit
execute:execute_statement:acquire_row_locks:collect_required_row_locks:evaluate:is_null: enter
execute:execute_statement:acquire_row_locks:collect_required_row_locks:evaluate:is_null: exit
execute:execute_statement:acquire_row_locks:collect_required_row_locks:evaluate:evaluate_comparison: enter
execute:execute_statement:acquire_row_locks:collect_required_row_locks:evaluate:evaluate_comparison:compare_values: enter
execute:execute_statement:acquire_row_locks:collect_required_row_locks:evaluate:evaluate_comparison:compare_values: exit
execute:execute_statement:acquire_row_locks:collect_required_row_locks:evaluate:evaluate_comparison: exit
execute:execute_statement:acquire_row_locks:collect_required_row_locks:evaluate: exit
execute:execute_statement:acquire_row_locks:collect_required_row_locks:find_visible_version: enter
execute:execute_statement:acquire_row_locks:collect_required_row_locks:find_visible_version:is_visible: enter
execute:execute_statement:acquire_row_locks:collect_required_row_locks:find_visible_version:is_visible:get_status: enter
execute:execute_statement:acquire_row_locks:collect_required_row_locks:find_visible_version:is_visible:get_status: exit
execute:execute_statement:acquire_row_locks:collect_required_row_locks:find_visible_version:is_visible: exit
execute:execute_statement:acquire_row_locks:collect_required_row_locks:find_visible_version: exit
execute:execute_statement:acquire_row_locks:collect_required_row_locks:evaluate: enter
execute:execute_statement:acquire_row_locks:collect_required_row_locks:evaluate:infer_expression_type: enter
execute:execute_statement:acquire_row_locks:collect_required_row_locks:evaluate:infer_expression_type:extract_ast_value: enter
execute:execute_statement:acquire_row_locks:collect_required_row_locks:evaluate:infer_expression_type:extract_ast_value: exit
execute:execute_statement:acquire_row_locks:collect_required_row_locks:evaluate:infer_expression_type:resolve_column: enter
execute:execute_statement:acquire_row_locks:collect_required_row_locks:evaluate:infer_expression_type:resolve_column:matches_identifier: enter
execute:execute_statement:acquire_row_locks:collect_required_row_locks:evaluate:infer_expression_type:resolve_column:matches_identifier: exit
execute:execute_statement:acquire_row_locks:collect_required_row_locks:evaluate:infer_expression_type:resolve_column: exit
execute:execute_statement:acquire_row_locks:collect_required_row_locks:evaluate:infer_expression_type: exit
execute:execute_statement:acquire_row_locks:collect_required_row_locks:evaluate:infer_expression_type: enter
execute:execute_statement:acquire_row_locks:collect_required_row_locks:evaluate:infer_expression_type:extract_ast_value: enter
execute:execute_statement:acquire_row_locks:collect_required_row_locks:evaluate:infer_expression_type:extract_ast_value: exit
execute:execute_statement:acquire_row_locks:collect_required_row_locks:evaluate:infer_expression_type:parse_integer_literal: enter
execute:execute_statement:acquire_row_locks:collect_required_row_locks:evaluate:infer_expression_type:parse_integer_literal: exit
execute:execute_statement:acquire_row_locks:collect_required_row_locks:evaluate:infer_expression_type:get_base_type: enter
execute:execute_statement:acquire_row_locks:collect_required_row_locks:evaluate:infer_expression_type:get_base_type: exit
execute:execute_statement:acquire_row_locks:collect_required_row_locks:evaluate:infer_expression_type: exit
execute:execute_statement:acquire_row_locks:collect_required_row_locks:evaluate:resolve_operator_type: enter
execute:execute_statement:acquire_row_locks:collect_required_row_locks:evaluate:resolve_operator_type:is_parameter_placeholder: enter
execute:execute_statement:acquire_row_locks:collect_required_row_locks:evaluate:resolve_operator_type:is_parameter_placeholder:extract_ast_value: enter
execute:execute_statement:acquire_row_locks:collect_required_row_locks:evaluate:resolve_operator_type:is_parameter_placeholder:extract_ast_value: exit
execute:execute_statement:acquire_row_locks:collect_required_row_locks:evaluate:resolve_operator_type:is_parameter_placeholder: exit
execute:execute_statement:acquire_row_locks:collect_required_row_locks:evaluate:resolve_operator_type:is_parameter_placeholder: enter
execute:execute_statement:acquire_row_locks:collect_required_row_locks:evaluate:resolve_operator_type:is_parameter_placeholder:extract_ast_value: enter
execute:execute_statement:acquire_row_locks:collect_required_row_locks:evaluate:resolve_operator_type:is_parameter_placeholder:extract_ast_value: exit
execute:execute_statement:acquire_row_locks:collect_required_row_locks:evaluate:resolve_operator_type:is_parameter_placeholder: exit
execute:execute_statement:acquire_row_locks:collect_required_row_locks:evaluate:resolve_operator_type:infer_expression_type: enter
execute:execute_statement:acquire_row_locks:collect_required_row_locks:evaluate:resolve_operator_type:infer_expression_type:extract_ast_value: enter
execute:execute_statement:acquire_row_locks:collect_required_row_locks:evaluate:resolve_operator_type:infer_expression_type:extract_ast_value: exit
execute:execute_statement:acquire_row_locks:collect_required_row_locks:evaluate:resolve_operator_type:infer_expression_type:resolve_column: enter
execute:execute_statement:acquire_row_locks:collect_required_row_locks:evaluate:resolve_operator_type:infer_expression_type:resolve_column:matches_identifier: enter
execute:execute_statement:acquire_row_locks:collect_required_row_locks:evaluate:resolve_operator_type:infer_expression_type:resolve_column:matches_identifier: exit
execute:execute_statement:acquire_row_locks:collect_required_row_locks:evaluate:resolve_operator_type:infer_expression_type:resolve_column: exit
execute:execute_statement:acquire_row_locks:collect_required_row_locks:evaluate:resolve_operator_type:infer_expression_type: exit
execute:execute_statement:acquire_row_locks:collect_required_row_locks:evaluate:resolve_operator_type:infer_expression_type: enter
execute:execute_statement:acquire_row_locks:collect_required_row_locks:evaluate:resolve_operator_type:infer_expression_type:extract_ast_value: enter
execute:execute_statement:acquire_row_locks:collect_required_row_locks:evaluate:resolve_operator_type:infer_expression_type:extract_ast_value: exit
execute:execute_statement:acquire_row_locks:collect_required_row_locks:evaluate:resolve_operator_type:infer_expression_type:parse_integer_literal: enter
execute:execute_statement:acquire_row_locks:collect_required_row_locks:evaluate:resolve_operator_type:infer_expression_type:parse_integer_literal: exit
execute:execute_statement:acquire_row_locks:collect_required_row_locks:evaluate:resolve_operator_type:infer_expression_type:get_base_type: enter
execute:execute_statement:acquire_row_locks:collect_required_row_locks:evaluate:resolve_operator_type:infer_expression_type:get_base_type: exit
execute:execute_statement:acquire_row_locks:collect_required_row_locks:evaluate:resolve_operator_type:infer_expression_type: exit
execute:execute_statement:acquire_row_locks:collect_required_row_locks:evaluate:resolve_operator_type:resolve_expression_pair_type: enter
execute:execute_statement:acquire_row_locks:collect_required_row_locks:evaluate:resolve_operator_type:resolve_expression_pair_type:is_null_literal: enter
execute:execute_statement:acquire_row_locks:collect_required_row_locks:evaluate:resolve_operator_type:resolve_expression_pair_type:is_null_literal: exit
execute:execute_statement:acquire_row_locks:collect_required_row_locks:evaluate:resolve_operator_type:resolve_expression_pair_type:extract_unknown_string_literal: enter
execute:execute_statement:acquire_row_locks:collect_required_row_locks:evaluate:resolve_operator_type:resolve_expression_pair_type:extract_unknown_string_literal: exit
execute:execute_statement:acquire_row_locks:collect_required_row_locks:evaluate:resolve_operator_type:resolve_expression_pair_type:is_null_literal: enter
execute:execute_statement:acquire_row_locks:collect_required_row_locks:evaluate:resolve_operator_type:resolve_expression_pair_type:is_null_literal: exit
execute:execute_statement:acquire_row_locks:collect_required_row_locks:evaluate:resolve_operator_type:resolve_expression_pair_type:extract_unknown_string_literal: enter
execute:execute_statement:acquire_row_locks:collect_required_row_locks:evaluate:resolve_operator_type:resolve_expression_pair_type:extract_unknown_string_literal: exit
execute:execute_statement:acquire_row_locks:collect_required_row_locks:evaluate:resolve_operator_type:resolve_expression_pair_type:is_null_literal: enter
execute:execute_statement:acquire_row_locks:collect_required_row_locks:evaluate:resolve_operator_type:resolve_expression_pair_type:is_null_literal: exit
execute:execute_statement:acquire_row_locks:collect_required_row_locks:evaluate:resolve_operator_type:resolve_expression_pair_type:extract_unknown_string_literal: enter
execute:execute_statement:acquire_row_locks:collect_required_row_locks:evaluate:resolve_operator_type:resolve_expression_pair_type:extract_unknown_string_literal: exit
execute:execute_statement:acquire_row_locks:collect_required_row_locks:evaluate:resolve_operator_type:resolve_expression_pair_type:infer_expression_type: enter
execute:execute_statement:acquire_row_locks:collect_required_row_locks:evaluate:resolve_operator_type:resolve_expression_pair_type:infer_expression_type:extract_ast_value: enter
execute:execute_statement:acquire_row_locks:collect_required_row_locks:evaluate:resolve_operator_type:resolve_expression_pair_type:infer_expression_type:extract_ast_value: exit
execute:execute_statement:acquire_row_locks:collect_required_row_locks:evaluate:resolve_operator_type:resolve_expression_pair_type:infer_expression_type:resolve_column: enter
execute:execute_statement:acquire_row_locks:collect_required_row_locks:evaluate:resolve_operator_type:resolve_expression_pair_type:infer_expression_type:resolve_column:matches_identifier: enter
execute:execute_statement:acquire_row_locks:collect_required_row_locks:evaluate:resolve_operator_type:resolve_expression_pair_type:infer_expression_type:resolve_column:matches_identifier: exit
execute:execute_statement:acquire_row_locks:collect_required_row_locks:evaluate:resolve_operator_type:resolve_expression_pair_type:infer_expression_type:resolve_column: exit
execute:execute_statement:acquire_row_locks:collect_required_row_locks:evaluate:resolve_operator_type:resolve_expression_pair_type:infer_expression_type: exit
execute:execute_statement:acquire_row_locks:collect_required_row_locks:evaluate:resolve_operator_type:resolve_expression_pair_type:infer_expression_type: enter
execute:execute_statement:acquire_row_locks:collect_required_row_locks:evaluate:resolve_operator_type:resolve_expression_pair_type:infer_expression_type:extract_ast_value: enter
execute:execute_statement:acquire_row_locks:collect_required_row_locks:evaluate:resolve_operator_type:resolve_expression_pair_type:infer_expression_type:extract_ast_value: exit
execute:execute_statement:acquire_row_locks:collect_required_row_locks:evaluate:resolve_operator_type:resolve_expression_pair_type:infer_expression_type:parse_integer_literal: enter
execute:execute_statement:acquire_row_locks:collect_required_row_locks:evaluate:resolve_operator_type:resolve_expression_pair_type:infer_expression_type:parse_integer_literal: exit
execute:execute_statement:acquire_row_locks:collect_required_row_locks:evaluate:resolve_operator_type:resolve_expression_pair_type:infer_expression_type:get_base_type: enter
execute:execute_statement:acquire_row_locks:collect_required_row_locks:evaluate:resolve_operator_type:resolve_expression_pair_type:infer_expression_type:get_base_type: exit
execute:execute_statement:acquire_row_locks:collect_required_row_locks:evaluate:resolve_operator_type:resolve_expression_pair_type:infer_expression_type: exit
execute:execute_statement:acquire_row_locks:collect_required_row_locks:evaluate:resolve_operator_type:resolve_expression_pair_type:resolve_common_type: enter
execute:execute_statement:acquire_row_locks:collect_required_row_locks:evaluate:resolve_operator_type:resolve_expression_pair_type:resolve_common_type: exit
execute:execute_statement:acquire_row_locks:collect_required_row_locks:evaluate:resolve_operator_type:resolve_expression_pair_type: exit
execute:execute_statement:acquire_row_locks:collect_required_row_locks:evaluate:resolve_operator_type: exit
execute:execute_statement:acquire_row_locks:collect_required_row_locks:evaluate:evaluate_and_coerce: enter
execute:execute_statement:acquire_row_locks:collect_required_row_locks:evaluate:evaluate_and_coerce:extract_unknown_string_literal: enter
execute:execute_statement:acquire_row_locks:collect_required_row_locks:evaluate:evaluate_and_coerce:extract_unknown_string_literal: exit
execute:execute_statement:acquire_row_locks:collect_required_row_locks:evaluate:evaluate_and_coerce:infer_expression_type: enter
execute:execute_statement:acquire_row_locks:collect_required_row_locks:evaluate:evaluate_and_coerce:infer_expression_type:extract_ast_value: enter
execute:execute_statement:acquire_row_locks:collect_required_row_locks:evaluate:evaluate_and_coerce:infer_expression_type:extract_ast_value: exit
execute:execute_statement:acquire_row_locks:collect_required_row_locks:evaluate:evaluate_and_coerce:infer_expression_type:resolve_column: enter
execute:execute_statement:acquire_row_locks:collect_required_row_locks:evaluate:evaluate_and_coerce:infer_expression_type:resolve_column:matches_identifier: enter
execute:execute_statement:acquire_row_locks:collect_required_row_locks:evaluate:evaluate_and_coerce:infer_expression_type:resolve_column:matches_identifier: exit
execute:execute_statement:acquire_row_locks:collect_required_row_locks:evaluate:evaluate_and_coerce:infer_expression_type:resolve_column: exit
execute:execute_statement:acquire_row_locks:collect_required_row_locks:evaluate:evaluate_and_coerce:infer_expression_type: exit
execute:execute_statement:acquire_row_locks:collect_required_row_locks:evaluate:evaluate_and_coerce:evaluate: enter
execute:execute_statement:acquire_row_locks:collect_required_row_locks:evaluate:evaluate_and_coerce:evaluate:resolve_column_value: enter
execute:execute_statement:acquire_row_locks:collect_required_row_locks:evaluate:evaluate_and_coerce:evaluate:resolve_column_value:resolve_column: enter
execute:execute_statement:acquire_row_locks:collect_required_row_locks:evaluate:evaluate_and_coerce:evaluate:resolve_column_value:resolve_column:matches_identifier: enter
execute:execute_statement:acquire_row_locks:collect_required_row_locks:evaluate:evaluate_and_coerce:evaluate:resolve_column_value:resolve_column:matches_identifier: exit
execute:execute_statement:acquire_row_locks:collect_required_row_locks:evaluate:evaluate_and_coerce:evaluate:resolve_column_value:resolve_column: exit
execute:execute_statement:acquire_row_locks:collect_required_row_locks:evaluate:evaluate_and_coerce:evaluate:resolve_column_value: exit
execute:execute_statement:acquire_row_locks:collect_required_row_locks:evaluate:evaluate_and_coerce:evaluate: exit
execute:execute_statement:acquire_row_locks:collect_required_row_locks:evaluate:evaluate_and_coerce:create: enter
execute:execute_statement:acquire_row_locks:collect_required_row_locks:evaluate:evaluate_and_coerce:create: exit
execute:execute_statement:acquire_row_locks:collect_required_row_locks:evaluate:evaluate_and_coerce:coerce: enter
execute:execute_statement:acquire_row_locks:collect_required_row_locks:evaluate:evaluate_and_coerce:coerce:is_null: enter
execute:execute_statement:acquire_row_locks:collect_required_row_locks:evaluate:evaluate_and_coerce:coerce:is_null: exit
execute:execute_statement:acquire_row_locks:collect_required_row_locks:evaluate:evaluate_and_coerce:coerce:can_cast: enter
execute:execute_statement:acquire_row_locks:collect_required_row_locks:evaluate:evaluate_and_coerce:coerce:can_cast:resolve_required_cast_context: enter
execute:execute_statement:acquire_row_locks:collect_required_row_locks:evaluate:evaluate_and_coerce:coerce:can_cast:resolve_required_cast_context: exit
execute:execute_statement:acquire_row_locks:collect_required_row_locks:evaluate:evaluate_and_coerce:coerce:can_cast: exit
execute:execute_statement:acquire_row_locks:collect_required_row_locks:evaluate:evaluate_and_coerce:coerce:apply_typmod: enter
execute:execute_statement:acquire_row_locks:collect_required_row_locks:evaluate:evaluate_and_coerce:coerce:apply_typmod: exit
execute:execute_statement:acquire_row_locks:collect_required_row_locks:evaluate:evaluate_and_coerce:coerce: exit
execute:execute_statement:acquire_row_locks:collect_required_row_locks:evaluate:evaluate_and_coerce: exit
execute:execute_statement:acquire_row_locks:collect_required_row_locks:evaluate:evaluate_and_coerce: enter
execute:execute_statement:acquire_row_locks:collect_required_row_locks:evaluate:evaluate_and_coerce:extract_unknown_string_literal: enter
execute:execute_statement:acquire_row_locks:collect_required_row_locks:evaluate:evaluate_and_coerce:extract_unknown_string_literal: exit
execute:execute_statement:acquire_row_locks:collect_required_row_locks:evaluate:evaluate_and_coerce:infer_expression_type: enter
execute:execute_statement:acquire_row_locks:collect_required_row_locks:evaluate:evaluate_and_coerce:infer_expression_type:extract_ast_value: enter
execute:execute_statement:acquire_row_locks:collect_required_row_locks:evaluate:evaluate_and_coerce:infer_expression_type:extract_ast_value: exit
execute:execute_statement:acquire_row_locks:collect_required_row_locks:evaluate:evaluate_and_coerce:infer_expression_type:parse_integer_literal: enter
execute:execute_statement:acquire_row_locks:collect_required_row_locks:evaluate:evaluate_and_coerce:infer_expression_type:parse_integer_literal: exit
execute:execute_statement:acquire_row_locks:collect_required_row_locks:evaluate:evaluate_and_coerce:infer_expression_type:get_base_type: enter
execute:execute_statement:acquire_row_locks:collect_required_row_locks:evaluate:evaluate_and_coerce:infer_expression_type:get_base_type: exit
execute:execute_statement:acquire_row_locks:collect_required_row_locks:evaluate:evaluate_and_coerce:infer_expression_type: exit
execute:execute_statement:acquire_row_locks:collect_required_row_locks:evaluate:evaluate_and_coerce:evaluate: enter
execute:execute_statement:acquire_row_locks:collect_required_row_locks:evaluate:evaluate_and_coerce:evaluate:evaluate_literal: enter
execute:execute_statement:acquire_row_locks:collect_required_row_locks:evaluate:evaluate_and_coerce:evaluate:evaluate_literal:extract_ast_value: enter
execute:execute_statement:acquire_row_locks:collect_required_row_locks:evaluate:evaluate_and_coerce:evaluate:evaluate_literal:extract_ast_value: exit
execute:execute_statement:acquire_row_locks:collect_required_row_locks:evaluate:evaluate_and_coerce:evaluate:evaluate_literal:parse_integer_literal: enter
execute:execute_statement:acquire_row_locks:collect_required_row_locks:evaluate:evaluate_and_coerce:evaluate:evaluate_literal:parse_integer_literal: exit
execute:execute_statement:acquire_row_locks:collect_required_row_locks:evaluate:evaluate_and_coerce:evaluate:evaluate_literal: exit
execute:execute_statement:acquire_row_locks:collect_required_row_locks:evaluate:evaluate_and_coerce:evaluate: exit
execute:execute_statement:acquire_row_locks:collect_required_row_locks:evaluate:evaluate_and_coerce:create: enter
execute:execute_statement:acquire_row_locks:collect_required_row_locks:evaluate:evaluate_and_coerce:create: exit
execute:execute_statement:acquire_row_locks:collect_required_row_locks:evaluate:evaluate_and_coerce:coerce: enter
execute:execute_statement:acquire_row_locks:collect_required_row_locks:evaluate:evaluate_and_coerce:coerce:is_null: enter
execute:execute_statement:acquire_row_locks:collect_required_row_locks:evaluate:evaluate_and_coerce:coerce:is_null: exit
execute:execute_statement:acquire_row_locks:collect_required_row_locks:evaluate:evaluate_and_coerce:coerce:can_cast: enter
execute:execute_statement:acquire_row_locks:collect_required_row_locks:evaluate:evaluate_and_coerce:coerce:can_cast:resolve_required_cast_context: enter
execute:execute_statement:acquire_row_locks:collect_required_row_locks:evaluate:evaluate_and_coerce:coerce:can_cast:resolve_required_cast_context: exit
execute:execute_statement:acquire_row_locks:collect_required_row_locks:evaluate:evaluate_and_coerce:coerce:can_cast: exit
execute:execute_statement:acquire_row_locks:collect_required_row_locks:evaluate:evaluate_and_coerce:coerce:apply_typmod: enter
execute:execute_statement:acquire_row_locks:collect_required_row_locks:evaluate:evaluate_and_coerce:coerce:apply_typmod: exit
execute:execute_statement:acquire_row_locks:collect_required_row_locks:evaluate:evaluate_and_coerce:coerce: exit
execute:execute_statement:acquire_row_locks:collect_required_row_locks:evaluate:evaluate_and_coerce: exit
execute:execute_statement:acquire_row_locks:collect_required_row_locks:evaluate:is_null: enter
execute:execute_statement:acquire_row_locks:collect_required_row_locks:evaluate:is_null: exit
execute:execute_statement:acquire_row_locks:collect_required_row_locks:evaluate:is_null: enter
execute:execute_statement:acquire_row_locks:collect_required_row_locks:evaluate:is_null: exit
execute:execute_statement:acquire_row_locks:collect_required_row_locks:evaluate:evaluate_comparison: enter
execute:execute_statement:acquire_row_locks:collect_required_row_locks:evaluate:evaluate_comparison:compare_values: enter
execute:execute_statement:acquire_row_locks:collect_required_row_locks:evaluate:evaluate_comparison:compare_values: exit
execute:execute_statement:acquire_row_locks:collect_required_row_locks:evaluate:evaluate_comparison: exit
execute:execute_statement:acquire_row_locks:collect_required_row_locks:evaluate: exit
execute:execute_statement:acquire_row_locks:collect_required_row_locks: exit
execute:execute_statement:acquire_row_locks:acquire: enter
execute:execute_statement:acquire_row_locks:acquire: exit
execute:execute_statement:acquire_row_locks:clear_wait: enter
execute:execute_statement:acquire_row_locks:clear_wait: exit
execute:execute_statement:acquire_row_locks: exit
execute:execute_statement:execute_statement: enter
execute:execute_statement:execute_statement:execute_delete: enter
execute:execute_statement:execute_statement:execute_delete:normalize_unqualified_object_name: enter
execute:execute_statement:execute_statement:execute_delete:normalize_unqualified_object_name:normalize_identifier: enter
execute:execute_statement:execute_statement:execute_delete:normalize_unqualified_object_name:normalize_identifier: exit
execute:execute_statement:execute_statement:execute_delete:normalize_unqualified_object_name: exit
execute:execute_statement:execute_statement:execute_delete:require_table: enter
execute:execute_statement:execute_statement:execute_delete:require_table: exit
execute:execute_statement:execute_statement:execute_delete:create_mutation_scope: enter
execute:execute_statement:execute_statement:execute_delete:create_mutation_scope:bind_target_scope: enter
execute:execute_statement:execute_statement:execute_delete:create_mutation_scope:bind_target_scope: exit
execute:execute_statement:execute_statement:execute_delete:create_mutation_scope:bind_from_scope: enter
execute:execute_statement:execute_statement:execute_delete:create_mutation_scope:bind_from_scope: exit
execute:execute_statement:execute_statement:execute_delete:create_mutation_scope:combine_bound_scopes: enter
execute:execute_statement:execute_statement:execute_delete:create_mutation_scope:combine_bound_scopes: exit
execute:execute_statement:execute_statement:execute_delete:create_mutation_scope: exit
execute:execute_statement:execute_statement:execute_delete:build_returning_plan: enter
execute:execute_statement:execute_statement:execute_delete:build_returning_plan: exit
execute:execute_statement:execute_statement:execute_delete:infer_query_expression_type: enter
execute:execute_statement:execute_statement:execute_delete:infer_query_expression_type:infer_expression_data_type: enter
execute:execute_statement:execute_statement:execute_delete:infer_query_expression_type:infer_expression_data_type:pre_visit_expr: enter
execute:execute_statement:execute_statement:execute_delete:infer_query_expression_type:infer_expression_data_type:pre_visit_expr: exit
execute:execute_statement:execute_statement:execute_delete:infer_query_expression_type:infer_expression_data_type:pre_visit_expr: enter
execute:execute_statement:execute_statement:execute_delete:infer_query_expression_type:infer_expression_data_type:pre_visit_expr: exit
execute:execute_statement:execute_statement:execute_delete:infer_query_expression_type:infer_expression_data_type:pre_visit_expr: enter
execute:execute_statement:execute_statement:execute_delete:infer_query_expression_type:infer_expression_data_type:pre_visit_expr: exit
execute:execute_statement:execute_statement:execute_delete:infer_query_expression_type:infer_expression_data_type:infer_expression_data_type: enter
execute:execute_statement:execute_statement:execute_delete:infer_query_expression_type:infer_expression_data_type:infer_expression_data_type:infer_expression_type: enter
execute:execute_statement:execute_statement:execute_delete:infer_query_expression_type:infer_expression_data_type:infer_expression_data_type:infer_expression_type:extract_ast_value: enter
execute:execute_statement:execute_statement:execute_delete:infer_query_expression_type:infer_expression_data_type:infer_expression_data_type:infer_expression_type:extract_ast_value: exit
execute:execute_statement:execute_statement:execute_delete:infer_query_expression_type:infer_expression_data_type:infer_expression_data_type:infer_expression_type:resolve_operator_type: enter
execute:execute_statement:execute_statement:execute_delete:infer_query_expression_type:infer_expression_data_type:infer_expression_data_type:infer_expression_type:resolve_operator_type:is_parameter_placeholder: enter
execute:execute_statement:execute_statement:execute_delete:infer_query_expression_type:infer_expression_data_type:infer_expression_data_type:infer_expression_type:resolve_operator_type:is_parameter_placeholder:extract_ast_value: enter
execute:execute_statement:execute_statement:execute_delete:infer_query_expression_type:infer_expression_data_type:infer_expression_data_type:infer_expression_type:resolve_operator_type:is_parameter_placeholder:extract_ast_value: exit
execute:execute_statement:execute_statement:execute_delete:infer_query_expression_type:infer_expression_data_type:infer_expression_data_type:infer_expression_type:resolve_operator_type:is_parameter_placeholder: exit
execute:execute_statement:execute_statement:execute_delete:infer_query_expression_type:infer_expression_data_type:infer_expression_data_type:infer_expression_type:resolve_operator_type:is_parameter_placeholder: enter
execute:execute_statement:execute_statement:execute_delete:infer_query_expression_type:infer_expression_data_type:infer_expression_data_type:infer_expression_type:resolve_operator_type:is_parameter_placeholder:extract_ast_value: enter
execute:execute_statement:execute_statement:execute_delete:infer_query_expression_type:infer_expression_data_type:infer_expression_data_type:infer_expression_type:resolve_operator_type:is_parameter_placeholder:extract_ast_value: exit
execute:execute_statement:execute_statement:execute_delete:infer_query_expression_type:infer_expression_data_type:infer_expression_data_type:infer_expression_type:resolve_operator_type:is_parameter_placeholder: exit
execute:execute_statement:execute_statement:execute_delete:infer_query_expression_type:infer_expression_data_type:infer_expression_data_type:infer_expression_type:resolve_operator_type:infer_expression_type: enter
execute:execute_statement:execute_statement:execute_delete:infer_query_expression_type:infer_expression_data_type:infer_expression_data_type:infer_expression_type:resolve_operator_type:infer_expression_type:extract_ast_value: enter
execute:execute_statement:execute_statement:execute_delete:infer_query_expression_type:infer_expression_data_type:infer_expression_data_type:infer_expression_type:resolve_operator_type:infer_expression_type:extract_ast_value: exit
execute:execute_statement:execute_statement:execute_delete:infer_query_expression_type:infer_expression_data_type:infer_expression_data_type:infer_expression_type:resolve_operator_type:infer_expression_type:resolve_column: enter
execute:execute_statement:execute_statement:execute_delete:infer_query_expression_type:infer_expression_data_type:infer_expression_data_type:infer_expression_type:resolve_operator_type:infer_expression_type:resolve_column:resolve_bound_column: enter
execute:execute_statement:execute_statement:execute_delete:infer_query_expression_type:infer_expression_data_type:infer_expression_data_type:infer_expression_type:resolve_operator_type:infer_expression_type:resolve_column:resolve_bound_column:matches_identifier: enter
execute:execute_statement:execute_statement:execute_delete:infer_query_expression_type:infer_expression_data_type:infer_expression_data_type:infer_expression_type:resolve_operator_type:infer_expression_type:resolve_column:resolve_bound_column:matches_identifier: exit
execute:execute_statement:execute_statement:execute_delete:infer_query_expression_type:infer_expression_data_type:infer_expression_data_type:infer_expression_type:resolve_operator_type:infer_expression_type:resolve_column:resolve_bound_column:matches_identifier: enter
execute:execute_statement:execute_statement:execute_delete:infer_query_expression_type:infer_expression_data_type:infer_expression_data_type:infer_expression_type:resolve_operator_type:infer_expression_type:resolve_column:resolve_bound_column:matches_identifier: exit
execute:execute_statement:execute_statement:execute_delete:infer_query_expression_type:infer_expression_data_type:infer_expression_data_type:infer_expression_type:resolve_operator_type:infer_expression_type:resolve_column:resolve_bound_column:matches_identifier: enter
execute:execute_statement:execute_statement:execute_delete:infer_query_expression_type:infer_expression_data_type:infer_expression_data_type:infer_expression_type:resolve_operator_type:infer_expression_type:resolve_column:resolve_bound_column:matches_identifier: exit
execute:execute_statement:execute_statement:execute_delete:infer_query_expression_type:infer_expression_data_type:infer_expression_data_type:infer_expression_type:resolve_operator_type:infer_expression_type:resolve_column:resolve_bound_column:matches_identifier: enter
execute:execute_statement:execute_statement:execute_delete:infer_query_expression_type:infer_expression_data_type:infer_expression_data_type:infer_expression_type:resolve_operator_type:infer_expression_type:resolve_column:resolve_bound_column:matches_identifier: exit
execute:execute_statement:execute_statement:execute_delete:infer_query_expression_type:infer_expression_data_type:infer_expression_data_type:infer_expression_type:resolve_operator_type:infer_expression_type:resolve_column:resolve_bound_column:matches_identifier: enter
execute:execute_statement:execute_statement:execute_delete:infer_query_expression_type:infer_expression_data_type:infer_expression_data_type:infer_expression_type:resolve_operator_type:infer_expression_type:resolve_column:resolve_bound_column:matches_identifier: exit
execute:execute_statement:execute_statement:execute_delete:infer_query_expression_type:infer_expression_data_type:infer_expression_data_type:infer_expression_type:resolve_operator_type:infer_expression_type:resolve_column:resolve_bound_column: exit
execute:execute_statement:execute_statement:execute_delete:infer_query_expression_type:infer_expression_data_type:infer_expression_data_type:infer_expression_type:resolve_operator_type:infer_expression_type:resolve_column: exit
execute:execute_statement:execute_statement:execute_delete:infer_query_expression_type:infer_expression_data_type:infer_expression_data_type:infer_expression_type:resolve_operator_type:infer_expression_type: exit
execute:execute_statement:execute_statement:execute_delete:infer_query_expression_type:infer_expression_data_type:infer_expression_data_type:infer_expression_type:resolve_operator_type:infer_expression_type: enter
execute:execute_statement:execute_statement:execute_delete:infer_query_expression_type:infer_expression_data_type:infer_expression_data_type:infer_expression_type:resolve_operator_type:infer_expression_type:extract_ast_value: enter
execute:execute_statement:execute_statement:execute_delete:infer_query_expression_type:infer_expression_data_type:infer_expression_data_type:infer_expression_type:resolve_operator_type:infer_expression_type:extract_ast_value: exit
execute:execute_statement:execute_statement:execute_delete:infer_query_expression_type:infer_expression_data_type:infer_expression_data_type:infer_expression_type:resolve_operator_type:infer_expression_type:parse_integer_literal: enter
execute:execute_statement:execute_statement:execute_delete:infer_query_expression_type:infer_expression_data_type:infer_expression_data_type:infer_expression_type:resolve_operator_type:infer_expression_type:parse_integer_literal: exit
execute:execute_statement:execute_statement:execute_delete:infer_query_expression_type:infer_expression_data_type:infer_expression_data_type:infer_expression_type:resolve_operator_type:infer_expression_type:get_base_type: enter
execute:execute_statement:execute_statement:execute_delete:infer_query_expression_type:infer_expression_data_type:infer_expression_data_type:infer_expression_type:resolve_operator_type:infer_expression_type:get_base_type: exit
execute:execute_statement:execute_statement:execute_delete:infer_query_expression_type:infer_expression_data_type:infer_expression_data_type:infer_expression_type:resolve_operator_type:infer_expression_type: exit
execute:execute_statement:execute_statement:execute_delete:infer_query_expression_type:infer_expression_data_type:infer_expression_data_type:infer_expression_type:resolve_operator_type:resolve_expression_pair_type: enter
execute:execute_statement:execute_statement:execute_delete:infer_query_expression_type:infer_expression_data_type:infer_expression_data_type:infer_expression_type:resolve_operator_type:resolve_expression_pair_type:is_null_literal: enter
execute:execute_statement:execute_statement:execute_delete:infer_query_expression_type:infer_expression_data_type:infer_expression_data_type:infer_expression_type:resolve_operator_type:resolve_expression_pair_type:is_null_literal: exit
execute:execute_statement:execute_statement:execute_delete:infer_query_expression_type:infer_expression_data_type:infer_expression_data_type:infer_expression_type:resolve_operator_type:resolve_expression_pair_type:extract_unknown_string_literal: enter
execute:execute_statement:execute_statement:execute_delete:infer_query_expression_type:infer_expression_data_type:infer_expression_data_type:infer_expression_type:resolve_operator_type:resolve_expression_pair_type:extract_unknown_string_literal: exit
execute:execute_statement:execute_statement:execute_delete:infer_query_expression_type:infer_expression_data_type:infer_expression_data_type:infer_expression_type:resolve_operator_type:resolve_expression_pair_type:is_null_literal: enter
execute:execute_statement:execute_statement:execute_delete:infer_query_expression_type:infer_expression_data_type:infer_expression_data_type:infer_expression_type:resolve_operator_type:resolve_expression_pair_type:is_null_literal: exit
execute:execute_statement:execute_statement:execute_delete:infer_query_expression_type:infer_expression_data_type:infer_expression_data_type:infer_expression_type:resolve_operator_type:resolve_expression_pair_type:extract_unknown_string_literal: enter
execute:execute_statement:execute_statement:execute_delete:infer_query_expression_type:infer_expression_data_type:infer_expression_data_type:infer_expression_type:resolve_operator_type:resolve_expression_pair_type:extract_unknown_string_literal: exit
execute:execute_statement:execute_statement:execute_delete:infer_query_expression_type:infer_expression_data_type:infer_expression_data_type:infer_expression_type:resolve_operator_type:resolve_expression_pair_type:is_null_literal: enter
execute:execute_statement:execute_statement:execute_delete:infer_query_expression_type:infer_expression_data_type:infer_expression_data_type:infer_expression_type:resolve_operator_type:resolve_expression_pair_type:is_null_literal: exit
execute:execute_statement:execute_statement:execute_delete:infer_query_expression_type:infer_expression_data_type:infer_expression_data_type:infer_expression_type:resolve_operator_type:resolve_expression_pair_type:extract_unknown_string_literal: enter
execute:execute_statement:execute_statement:execute_delete:infer_query_expression_type:infer_expression_data_type:infer_expression_data_type:infer_expression_type:resolve_operator_type:resolve_expression_pair_type:extract_unknown_string_literal: exit
execute:execute_statement:execute_statement:execute_delete:infer_query_expression_type:infer_expression_data_type:infer_expression_data_type:infer_expression_type:resolve_operator_type:resolve_expression_pair_type:infer_expression_type: enter
execute:execute_statement:execute_statement:execute_delete:infer_query_expression_type:infer_expression_data_type:infer_expression_data_type:infer_expression_type:resolve_operator_type:resolve_expression_pair_type:infer_expression_type:extract_ast_value: enter
execute:execute_statement:execute_statement:execute_delete:infer_query_expression_type:infer_expression_data_type:infer_expression_data_type:infer_expression_type:resolve_operator_type:resolve_expression_pair_type:infer_expression_type:extract_ast_value: exit
execute:execute_statement:execute_statement:execute_delete:infer_query_expression_type:infer_expression_data_type:infer_expression_data_type:infer_expression_type:resolve_operator_type:resolve_expression_pair_type:infer_expression_type:resolve_column: enter
execute:execute_statement:execute_statement:execute_delete:infer_query_expression_type:infer_expression_data_type:infer_expression_data_type:infer_expression_type:resolve_operator_type:resolve_expression_pair_type:infer_expression_type:resolve_column:resolve_bound_column: enter
execute:execute_statement:execute_statement:execute_delete:infer_query_expression_type:infer_expression_data_type:infer_expression_data_type:infer_expression_type:resolve_operator_type:resolve_expression_pair_type:infer_expression_type:resolve_column:resolve_bound_column:matches_identifier: enter
execute:execute_statement:execute_statement:execute_delete:infer_query_expression_type:infer_expression_data_type:infer_expression_data_type:infer_expression_type:resolve_operator_type:resolve_expression_pair_type:infer_expression_type:resolve_column:resolve_bound_column:matches_identifier: exit
execute:execute_statement:execute_statement:execute_delete:infer_query_expression_type:infer_expression_data_type:infer_expression_data_type:infer_expression_type:resolve_operator_type:resolve_expression_pair_type:infer_expression_type:resolve_column:resolve_bound_column:matches_identifier: enter
execute:execute_statement:execute_statement:execute_delete:infer_query_expression_type:infer_expression_data_type:infer_expression_data_type:infer_expression_type:resolve_operator_type:resolve_expression_pair_type:infer_expression_type:resolve_column:resolve_bound_column:matches_identifier: exit
execute:execute_statement:execute_statement:execute_delete:infer_query_expression_type:infer_expression_data_type:infer_expression_data_type:infer_expression_type:resolve_operator_type:resolve_expression_pair_type:infer_expression_type:resolve_column:resolve_bound_column:matches_identifier: enter
execute:execute_statement:execute_statement:execute_delete:infer_query_expression_type:infer_expression_data_type:infer_expression_data_type:infer_expression_type:resolve_operator_type:resolve_expression_pair_type:infer_expression_type:resolve_column:resolve_bound_column:matches_identifier: exit
execute:execute_statement:execute_statement:execute_delete:infer_query_expression_type:infer_expression_data_type:infer_expression_data_type:infer_expression_type:resolve_operator_type:resolve_expression_pair_type:infer_expression_type:resolve_column:resolve_bound_column:matches_identifier: enter
execute:execute_statement:execute_statement:execute_delete:infer_query_expression_type:infer_expression_data_type:infer_expression_data_type:infer_expression_type:resolve_operator_type:resolve_expression_pair_type:infer_expression_type:resolve_column:resolve_bound_column:matches_identifier: exit
execute:execute_statement:execute_statement:execute_delete:infer_query_expression_type:infer_expression_data_type:infer_expression_data_type:infer_expression_type:resolve_operator_type:resolve_expression_pair_type:infer_expression_type:resolve_column:resolve_bound_column:matches_identifier: enter
execute:execute_statement:execute_statement:execute_delete:infer_query_expression_type:infer_expression_data_type:infer_expression_data_type:infer_expression_type:resolve_operator_type:resolve_expression_pair_type:infer_expression_type:resolve_column:resolve_bound_column:matches_identifier: exit
execute:execute_statement:execute_statement:execute_delete:infer_query_expression_type:infer_expression_data_type:infer_expression_data_type:infer_expression_type:resolve_operator_type:resolve_expression_pair_type:infer_expression_type:resolve_column:resolve_bound_column: exit
execute:execute_statement:execute_statement:execute_delete:infer_query_expression_type:infer_expression_data_type:infer_expression_data_type:infer_expression_type:resolve_operator_type:resolve_expression_pair_type:infer_expression_type:resolve_column: exit
execute:execute_statement:execute_statement:execute_delete:infer_query_expression_type:infer_expression_data_type:infer_expression_data_type:infer_expression_type:resolve_operator_type:resolve_expression_pair_type:infer_expression_type: exit
execute:execute_statement:execute_statement:execute_delete:infer_query_expression_type:infer_expression_data_type:infer_expression_data_type:infer_expression_type:resolve_operator_type:resolve_expression_pair_type:infer_expression_type: enter
execute:execute_statement:execute_statement:execute_delete:infer_query_expression_type:infer_expression_data_type:infer_expression_data_type:infer_expression_type:resolve_operator_type:resolve_expression_pair_type:infer_expression_type:extract_ast_value: enter
execute:execute_statement:execute_statement:execute_delete:infer_query_expression_type:infer_expression_data_type:infer_expression_data_type:infer_expression_type:resolve_operator_type:resolve_expression_pair_type:infer_expression_type:extract_ast_value: exit
execute:execute_statement:execute_statement:execute_delete:infer_query_expression_type:infer_expression_data_type:infer_expression_data_type:infer_expression_type:resolve_operator_type:resolve_expression_pair_type:infer_expression_type:parse_integer_literal: enter
execute:execute_statement:execute_statement:execute_delete:infer_query_expression_type:infer_expression_data_type:infer_expression_data_type:infer_expression_type:resolve_operator_type:resolve_expression_pair_type:infer_expression_type:parse_integer_literal: exit
execute:execute_statement:execute_statement:execute_delete:infer_query_expression_type:infer_expression_data_type:infer_expression_data_type:infer_expression_type:resolve_operator_type:resolve_expression_pair_type:infer_expression_type:get_base_type: enter
execute:execute_statement:execute_statement:execute_delete:infer_query_expression_type:infer_expression_data_type:infer_expression_data_type:infer_expression_type:resolve_operator_type:resolve_expression_pair_type:infer_expression_type:get_base_type: exit
execute:execute_statement:execute_statement:execute_delete:infer_query_expression_type:infer_expression_data_type:infer_expression_data_type:infer_expression_type:resolve_operator_type:resolve_expression_pair_type:infer_expression_type: exit
execute:execute_statement:execute_statement:execute_delete:infer_query_expression_type:infer_expression_data_type:infer_expression_data_type:infer_expression_type:resolve_operator_type:resolve_expression_pair_type:resolve_common_type: enter
execute:execute_statement:execute_statement:execute_delete:infer_query_expression_type:infer_expression_data_type:infer_expression_data_type:infer_expression_type:resolve_operator_type:resolve_expression_pair_type:resolve_common_type: exit
execute:execute_statement:execute_statement:execute_delete:infer_query_expression_type:infer_expression_data_type:infer_expression_data_type:infer_expression_type:resolve_operator_type:resolve_expression_pair_type: exit
execute:execute_statement:execute_statement:execute_delete:infer_query_expression_type:infer_expression_data_type:infer_expression_data_type:infer_expression_type:resolve_operator_type: exit
execute:execute_statement:execute_statement:execute_delete:infer_query_expression_type:infer_expression_data_type:infer_expression_data_type:infer_expression_type: exit
execute:execute_statement:execute_statement:execute_delete:infer_query_expression_type:infer_expression_data_type:infer_expression_data_type:create: enter
execute:execute_statement:execute_statement:execute_delete:infer_query_expression_type:infer_expression_data_type:infer_expression_data_type:create: exit
execute:execute_statement:execute_statement:execute_delete:infer_query_expression_type:infer_expression_data_type:infer_expression_data_type: exit
execute:execute_statement:execute_statement:execute_delete:infer_query_expression_type:infer_expression_data_type: exit
execute:execute_statement:execute_statement:execute_delete:infer_query_expression_type: exit
execute:execute_statement:execute_statement:execute_delete:materialize_mutation_source_rows: enter
execute:execute_statement:execute_statement:execute_delete:materialize_mutation_source_rows: exit
execute:execute_statement:execute_statement:execute_delete:iterate_version_chains: enter
execute:execute_statement:execute_statement:execute_delete:iterate_version_chains: exit
execute:execute_statement:execute_statement:execute_delete:find_visible_version: enter
execute:execute_statement:execute_statement:execute_delete:find_visible_version:is_visible: enter
execute:execute_statement:execute_statement:execute_delete:find_visible_version:is_visible:get_status: enter
execute:execute_statement:execute_statement:execute_delete:find_visible_version:is_visible:get_status: exit
execute:execute_statement:execute_statement:execute_delete:find_visible_version:is_visible: exit
execute:execute_statement:execute_statement:execute_delete:find_visible_version: exit
execute:execute_statement:execute_statement:execute_delete:matches_mutation_row: enter
execute:execute_statement:execute_statement:execute_delete:matches_mutation_row:evaluate_query_expression: enter
execute:execute_statement:execute_statement:execute_delete:matches_mutation_row:evaluate_query_expression:contains_subquery: enter
execute:execute_statement:execute_statement:execute_delete:matches_mutation_row:evaluate_query_expression:contains_subquery: exit
execute:execute_statement:execute_statement:execute_delete:matches_mutation_row:evaluate_query_expression:evaluate: enter
execute:execute_statement:execute_statement:execute_delete:matches_mutation_row:evaluate_query_expression:evaluate:infer_expression_type: enter
execute:execute_statement:execute_statement:execute_delete:matches_mutation_row:evaluate_query_expression:evaluate:infer_expression_type:extract_ast_value: enter
execute:execute_statement:execute_statement:execute_delete:matches_mutation_row:evaluate_query_expression:evaluate:infer_expression_type:extract_ast_value: exit
execute:execute_statement:execute_statement:execute_delete:matches_mutation_row:evaluate_query_expression:evaluate:infer_expression_type:resolve_column: enter
execute:execute_statement:execute_statement:execute_delete:matches_mutation_row:evaluate_query_expression:evaluate:infer_expression_type:resolve_column:resolve_bound_column: enter
execute:execute_statement:execute_statement:execute_delete:matches_mutation_row:evaluate_query_expression:evaluate:infer_expression_type:resolve_column:resolve_bound_column:matches_identifier: enter
execute:execute_statement:execute_statement:execute_delete:matches_mutation_row:evaluate_query_expression:evaluate:infer_expression_type:resolve_column:resolve_bound_column:matches_identifier: exit
execute:execute_statement:execute_statement:execute_delete:matches_mutation_row:evaluate_query_expression:evaluate:infer_expression_type:resolve_column:resolve_bound_column:matches_identifier: enter
execute:execute_statement:execute_statement:execute_delete:matches_mutation_row:evaluate_query_expression:evaluate:infer_expression_type:resolve_column:resolve_bound_column:matches_identifier: exit
execute:execute_statement:execute_statement:execute_delete:matches_mutation_row:evaluate_query_expression:evaluate:infer_expression_type:resolve_column:resolve_bound_column:matches_identifier: enter
execute:execute_statement:execute_statement:execute_delete:matches_mutation_row:evaluate_query_expression:evaluate:infer_expression_type:resolve_column:resolve_bound_column:matches_identifier: exit
execute:execute_statement:execute_statement:execute_delete:matches_mutation_row:evaluate_query_expression:evaluate:infer_expression_type:resolve_column:resolve_bound_column:matches_identifier: enter
execute:execute_statement:execute_statement:execute_delete:matches_mutation_row:evaluate_query_expression:evaluate:infer_expression_type:resolve_column:resolve_bound_column:matches_identifier: exit
execute:execute_statement:execute_statement:execute_delete:matches_mutation_row:evaluate_query_expression:evaluate:infer_expression_type:resolve_column:resolve_bound_column:matches_identifier: enter
execute:execute_statement:execute_statement:execute_delete:matches_mutation_row:evaluate_query_expression:evaluate:infer_expression_type:resolve_column:resolve_bound_column:matches_identifier: exit
execute:execute_statement:execute_statement:execute_delete:matches_mutation_row:evaluate_query_expression:evaluate:infer_expression_type:resolve_column:resolve_bound_column: exit
execute:execute_statement:execute_statement:execute_delete:matches_mutation_row:evaluate_query_expression:evaluate:infer_expression_type:resolve_column: exit
execute:execute_statement:execute_statement:execute_delete:matches_mutation_row:evaluate_query_expression:evaluate:infer_expression_type: exit
execute:execute_statement:execute_statement:execute_delete:matches_mutation_row:evaluate_query_expression:evaluate:infer_expression_type: enter
execute:execute_statement:execute_statement:execute_delete:matches_mutation_row:evaluate_query_expression:evaluate:infer_expression_type:extract_ast_value: enter
execute:execute_statement:execute_statement:execute_delete:matches_mutation_row:evaluate_query_expression:evaluate:infer_expression_type:extract_ast_value: exit
execute:execute_statement:execute_statement:execute_delete:matches_mutation_row:evaluate_query_expression:evaluate:infer_expression_type:parse_integer_literal: enter
execute:execute_statement:execute_statement:execute_delete:matches_mutation_row:evaluate_query_expression:evaluate:infer_expression_type:parse_integer_literal: exit
execute:execute_statement:execute_statement:execute_delete:matches_mutation_row:evaluate_query_expression:evaluate:infer_expression_type:get_base_type: enter
execute:execute_statement:execute_statement:execute_delete:matches_mutation_row:evaluate_query_expression:evaluate:infer_expression_type:get_base_type: exit
execute:execute_statement:execute_statement:execute_delete:matches_mutation_row:evaluate_query_expression:evaluate:infer_expression_type: exit
execute:execute_statement:execute_statement:execute_delete:matches_mutation_row:evaluate_query_expression:evaluate:resolve_operator_type: enter
execute:execute_statement:execute_statement:execute_delete:matches_mutation_row:evaluate_query_expression:evaluate:resolve_operator_type:is_parameter_placeholder: enter
execute:execute_statement:execute_statement:execute_delete:matches_mutation_row:evaluate_query_expression:evaluate:resolve_operator_type:is_parameter_placeholder:extract_ast_value: enter
execute:execute_statement:execute_statement:execute_delete:matches_mutation_row:evaluate_query_expression:evaluate:resolve_operator_type:is_parameter_placeholder:extract_ast_value: exit
execute:execute_statement:execute_statement:execute_delete:matches_mutation_row:evaluate_query_expression:evaluate:resolve_operator_type:is_parameter_placeholder: exit
execute:execute_statement:execute_statement:execute_delete:matches_mutation_row:evaluate_query_expression:evaluate:resolve_operator_type:is_parameter_placeholder: enter
execute:execute_statement:execute_statement:execute_delete:matches_mutation_row:evaluate_query_expression:evaluate:resolve_operator_type:is_parameter_placeholder:extract_ast_value: enter
execute:execute_statement:execute_statement:execute_delete:matches_mutation_row:evaluate_query_expression:evaluate:resolve_operator_type:is_parameter_placeholder:extract_ast_value: exit
execute:execute_statement:execute_statement:execute_delete:matches_mutation_row:evaluate_query_expression:evaluate:resolve_operator_type:is_parameter_placeholder: exit
execute:execute_statement:execute_statement:execute_delete:matches_mutation_row:evaluate_query_expression:evaluate:resolve_operator_type:infer_expression_type: enter
execute:execute_statement:execute_statement:execute_delete:matches_mutation_row:evaluate_query_expression:evaluate:resolve_operator_type:infer_expression_type:extract_ast_value: enter
execute:execute_statement:execute_statement:execute_delete:matches_mutation_row:evaluate_query_expression:evaluate:resolve_operator_type:infer_expression_type:extract_ast_value: exit
execute:execute_statement:execute_statement:execute_delete:matches_mutation_row:evaluate_query_expression:evaluate:resolve_operator_type:infer_expression_type:resolve_column: enter
execute:execute_statement:execute_statement:execute_delete:matches_mutation_row:evaluate_query_expression:evaluate:resolve_operator_type:infer_expression_type:resolve_column:resolve_bound_column: enter
execute:execute_statement:execute_statement:execute_delete:matches_mutation_row:evaluate_query_expression:evaluate:resolve_operator_type:infer_expression_type:resolve_column:resolve_bound_column:matches_identifier: enter
execute:execute_statement:execute_statement:execute_delete:matches_mutation_row:evaluate_query_expression:evaluate:resolve_operator_type:infer_expression_type:resolve_column:resolve_bound_column:matches_identifier: exit
execute:execute_statement:execute_statement:execute_delete:matches_mutation_row:evaluate_query_expression:evaluate:resolve_operator_type:infer_expression_type:resolve_column:resolve_bound_column:matches_identifier: enter
execute:execute_statement:execute_statement:execute_delete:matches_mutation_row:evaluate_query_expression:evaluate:resolve_operator_type:infer_expression_type:resolve_column:resolve_bound_column:matches_identifier: exit
execute:execute_statement:execute_statement:execute_delete:matches_mutation_row:evaluate_query_expression:evaluate:resolve_operator_type:infer_expression_type:resolve_column:resolve_bound_column:matches_identifier: enter
execute:execute_statement:execute_statement:execute_delete:matches_mutation_row:evaluate_query_expression:evaluate:resolve_operator_type:infer_expression_type:resolve_column:resolve_bound_column:matches_identifier: exit
execute:execute_statement:execute_statement:execute_delete:matches_mutation_row:evaluate_query_expression:evaluate:resolve_operator_type:infer_expression_type:resolve_column:resolve_bound_column:matches_identifier: enter
execute:execute_statement:execute_statement:execute_delete:matches_mutation_row:evaluate_query_expression:evaluate:resolve_operator_type:infer_expression_type:resolve_column:resolve_bound_column:matches_identifier: exit
execute:execute_statement:execute_statement:execute_delete:matches_mutation_row:evaluate_query_expression:evaluate:resolve_operator_type:infer_expression_type:resolve_column:resolve_bound_column:matches_identifier: enter
execute:execute_statement:execute_statement:execute_delete:matches_mutation_row:evaluate_query_expression:evaluate:resolve_operator_type:infer_expression_type:resolve_column:resolve_bound_column:matches_identifier: exit
execute:execute_statement:execute_statement:execute_delete:matches_mutation_row:evaluate_query_expression:evaluate:resolve_operator_type:infer_expression_type:resolve_column:resolve_bound_column: exit
execute:execute_statement:execute_statement:execute_delete:matches_mutation_row:evaluate_query_expression:evaluate:resolve_operator_type:infer_expression_type:resolve_column: exit
execute:execute_statement:execute_statement:execute_delete:matches_mutation_row:evaluate_query_expression:evaluate:resolve_operator_type:infer_expression_type: exit
execute:execute_statement:execute_statement:execute_delete:matches_mutation_row:evaluate_query_expression:evaluate:resolve_operator_type:infer_expression_type: enter
execute:execute_statement:execute_statement:execute_delete:matches_mutation_row:evaluate_query_expression:evaluate:resolve_operator_type:infer_expression_type:extract_ast_value: enter
execute:execute_statement:execute_statement:execute_delete:matches_mutation_row:evaluate_query_expression:evaluate:resolve_operator_type:infer_expression_type:extract_ast_value: exit
execute:execute_statement:execute_statement:execute_delete:matches_mutation_row:evaluate_query_expression:evaluate:resolve_operator_type:infer_expression_type:parse_integer_literal: enter
execute:execute_statement:execute_statement:execute_delete:matches_mutation_row:evaluate_query_expression:evaluate:resolve_operator_type:infer_expression_type:parse_integer_literal: exit
execute:execute_statement:execute_statement:execute_delete:matches_mutation_row:evaluate_query_expression:evaluate:resolve_operator_type:infer_expression_type:get_base_type: enter
execute:execute_statement:execute_statement:execute_delete:matches_mutation_row:evaluate_query_expression:evaluate:resolve_operator_type:infer_expression_type:get_base_type: exit
execute:execute_statement:execute_statement:execute_delete:matches_mutation_row:evaluate_query_expression:evaluate:resolve_operator_type:infer_expression_type: exit
execute:execute_statement:execute_statement:execute_delete:matches_mutation_row:evaluate_query_expression:evaluate:resolve_operator_type:resolve_expression_pair_type: enter
execute:execute_statement:execute_statement:execute_delete:matches_mutation_row:evaluate_query_expression:evaluate:resolve_operator_type:resolve_expression_pair_type:is_null_literal: enter
execute:execute_statement:execute_statement:execute_delete:matches_mutation_row:evaluate_query_expression:evaluate:resolve_operator_type:resolve_expression_pair_type:is_null_literal: exit
execute:execute_statement:execute_statement:execute_delete:matches_mutation_row:evaluate_query_expression:evaluate:resolve_operator_type:resolve_expression_pair_type:extract_unknown_string_literal: enter
execute:execute_statement:execute_statement:execute_delete:matches_mutation_row:evaluate_query_expression:evaluate:resolve_operator_type:resolve_expression_pair_type:extract_unknown_string_literal: exit
execute:execute_statement:execute_statement:execute_delete:matches_mutation_row:evaluate_query_expression:evaluate:resolve_operator_type:resolve_expression_pair_type:is_null_literal: enter
execute:execute_statement:execute_statement:execute_delete:matches_mutation_row:evaluate_query_expression:evaluate:resolve_operator_type:resolve_expression_pair_type:is_null_literal: exit
execute:execute_statement:execute_statement:execute_delete:matches_mutation_row:evaluate_query_expression:evaluate:resolve_operator_type:resolve_expression_pair_type:extract_unknown_string_literal: enter
execute:execute_statement:execute_statement:execute_delete:matches_mutation_row:evaluate_query_expression:evaluate:resolve_operator_type:resolve_expression_pair_type:extract_unknown_string_literal: exit
execute:execute_statement:execute_statement:execute_delete:matches_mutation_row:evaluate_query_expression:evaluate:resolve_operator_type:resolve_expression_pair_type:is_null_literal: enter
execute:execute_statement:execute_statement:execute_delete:matches_mutation_row:evaluate_query_expression:evaluate:resolve_operator_type:resolve_expression_pair_type:is_null_literal: exit
execute:execute_statement:execute_statement:execute_delete:matches_mutation_row:evaluate_query_expression:evaluate:resolve_operator_type:resolve_expression_pair_type:extract_unknown_string_literal: enter
execute:execute_statement:execute_statement:execute_delete:matches_mutation_row:evaluate_query_expression:evaluate:resolve_operator_type:resolve_expression_pair_type:extract_unknown_string_literal: exit
execute:execute_statement:execute_statement:execute_delete:matches_mutation_row:evaluate_query_expression:evaluate:resolve_operator_type:resolve_expression_pair_type:infer_expression_type: enter
execute:execute_statement:execute_statement:execute_delete:matches_mutation_row:evaluate_query_expression:evaluate:resolve_operator_type:resolve_expression_pair_type:infer_expression_type:extract_ast_value: enter
execute:execute_statement:execute_statement:execute_delete:matches_mutation_row:evaluate_query_expression:evaluate:resolve_operator_type:resolve_expression_pair_type:infer_expression_type:extract_ast_value: exit
execute:execute_statement:execute_statement:execute_delete:matches_mutation_row:evaluate_query_expression:evaluate:resolve_operator_type:resolve_expression_pair_type:infer_expression_type:resolve_column: enter
execute:execute_statement:execute_statement:execute_delete:matches_mutation_row:evaluate_query_expression:evaluate:resolve_operator_type:resolve_expression_pair_type:infer_expression_type:resolve_column:resolve_bound_column: enter
execute:execute_statement:execute_statement:execute_delete:matches_mutation_row:evaluate_query_expression:evaluate:resolve_operator_type:resolve_expression_pair_type:infer_expression_type:resolve_column:resolve_bound_column:matches_identifier: enter
execute:execute_statement:execute_statement:execute_delete:matches_mutation_row:evaluate_query_expression:evaluate:resolve_operator_type:resolve_expression_pair_type:infer_expression_type:resolve_column:resolve_bound_column:matches_identifier: exit
execute:execute_statement:execute_statement:execute_delete:matches_mutation_row:evaluate_query_expression:evaluate:resolve_operator_type:resolve_expression_pair_type:infer_expression_type:resolve_column:resolve_bound_column:matches_identifier: enter
execute:execute_statement:execute_statement:execute_delete:matches_mutation_row:evaluate_query_expression:evaluate:resolve_operator_type:resolve_expression_pair_type:infer_expression_type:resolve_column:resolve_bound_column:matches_identifier: exit
execute:execute_statement:execute_statement:execute_delete:matches_mutation_row:evaluate_query_expression:evaluate:resolve_operator_type:resolve_expression_pair_type:infer_expression_type:resolve_column:resolve_bound_column:matches_identifier: enter
execute:execute_statement:execute_statement:execute_delete:matches_mutation_row:evaluate_query_expression:evaluate:resolve_operator_type:resolve_expression_pair_type:infer_expression_type:resolve_column:resolve_bound_column:matches_identifier: exit
execute:execute_statement:execute_statement:execute_delete:matches_mutation_row:evaluate_query_expression:evaluate:resolve_operator_type:resolve_expression_pair_type:infer_expression_type:resolve_column:resolve_bound_column:matches_identifier: enter
execute:execute_statement:execute_statement:execute_delete:matches_mutation_row:evaluate_query_expression:evaluate:resolve_operator_type:resolve_expression_pair_type:infer_expression_type:resolve_column:resolve_bound_column:matches_identifier: exit
execute:execute_statement:execute_statement:execute_delete:matches_mutation_row:evaluate_query_expression:evaluate:resolve_operator_type:resolve_expression_pair_type:infer_expression_type:resolve_column:resolve_bound_column:matches_identifier: enter
execute:execute_statement:execute_statement:execute_delete:matches_mutation_row:evaluate_query_expression:evaluate:resolve_operator_type:resolve_expression_pair_type:infer_expression_type:resolve_column:resolve_bound_column:matches_identifier: exit
execute:execute_statement:execute_statement:execute_delete:matches_mutation_row:evaluate_query_expression:evaluate:resolve_operator_type:resolve_expression_pair_type:infer_expression_type:resolve_column:resolve_bound_column: exit
execute:execute_statement:execute_statement:execute_delete:matches_mutation_row:evaluate_query_expression:evaluate:resolve_operator_type:resolve_expression_pair_type:infer_expression_type:resolve_column: exit
execute:execute_statement:execute_statement:execute_delete:matches_mutation_row:evaluate_query_expression:evaluate:resolve_operator_type:resolve_expression_pair_type:infer_expression_type: exit
execute:execute_statement:execute_statement:execute_delete:matches_mutation_row:evaluate_query_expression:evaluate:resolve_operator_type:resolve_expression_pair_type:infer_expression_type: enter
execute:execute_statement:execute_statement:execute_delete:matches_mutation_row:evaluate_query_expression:evaluate:resolve_operator_type:resolve_expression_pair_type:infer_expression_type:extract_ast_value: enter
execute:execute_statement:execute_statement:execute_delete:matches_mutation_row:evaluate_query_expression:evaluate:resolve_operator_type:resolve_expression_pair_type:infer_expression_type:extract_ast_value: exit
execute:execute_statement:execute_statement:execute_delete:matches_mutation_row:evaluate_query_expression:evaluate:resolve_operator_type:resolve_expression_pair_type:infer_expression_type:parse_integer_literal: enter
execute:execute_statement:execute_statement:execute_delete:matches_mutation_row:evaluate_query_expression:evaluate:resolve_operator_type:resolve_expression_pair_type:infer_expression_type:parse_integer_literal: exit
execute:execute_statement:execute_statement:execute_delete:matches_mutation_row:evaluate_query_expression:evaluate:resolve_operator_type:resolve_expression_pair_type:infer_expression_type:get_base_type: enter
execute:execute_statement:execute_statement:execute_delete:matches_mutation_row:evaluate_query_expression:evaluate:resolve_operator_type:resolve_expression_pair_type:infer_expression_type:get_base_type: exit
execute:execute_statement:execute_statement:execute_delete:matches_mutation_row:evaluate_query_expression:evaluate:resolve_operator_type:resolve_expression_pair_type:infer_expression_type: exit
execute:execute_statement:execute_statement:execute_delete:matches_mutation_row:evaluate_query_expression:evaluate:resolve_operator_type:resolve_expression_pair_type:resolve_common_type: enter
execute:execute_statement:execute_statement:execute_delete:matches_mutation_row:evaluate_query_expression:evaluate:resolve_operator_type:resolve_expression_pair_type:resolve_common_type: exit
execute:execute_statement:execute_statement:execute_delete:matches_mutation_row:evaluate_query_expression:evaluate:resolve_operator_type:resolve_expression_pair_type: exit
execute:execute_statement:execute_statement:execute_delete:matches_mutation_row:evaluate_query_expression:evaluate:resolve_operator_type: exit
execute:execute_statement:execute_statement:execute_delete:matches_mutation_row:evaluate_query_expression:evaluate:evaluate_and_coerce: enter
execute:execute_statement:execute_statement:execute_delete:matches_mutation_row:evaluate_query_expression:evaluate:evaluate_and_coerce:extract_unknown_string_literal: enter
execute:execute_statement:execute_statement:execute_delete:matches_mutation_row:evaluate_query_expression:evaluate:evaluate_and_coerce:extract_unknown_string_literal: exit
execute:execute_statement:execute_statement:execute_delete:matches_mutation_row:evaluate_query_expression:evaluate:evaluate_and_coerce:infer_expression_type: enter
execute:execute_statement:execute_statement:execute_delete:matches_mutation_row:evaluate_query_expression:evaluate:evaluate_and_coerce:infer_expression_type:extract_ast_value: enter
execute:execute_statement:execute_statement:execute_delete:matches_mutation_row:evaluate_query_expression:evaluate:evaluate_and_coerce:infer_expression_type:extract_ast_value: exit
execute:execute_statement:execute_statement:execute_delete:matches_mutation_row:evaluate_query_expression:evaluate:evaluate_and_coerce:infer_expression_type:resolve_column: enter
execute:execute_statement:execute_statement:execute_delete:matches_mutation_row:evaluate_query_expression:evaluate:evaluate_and_coerce:infer_expression_type:resolve_column:resolve_bound_column: enter
execute:execute_statement:execute_statement:execute_delete:matches_mutation_row:evaluate_query_expression:evaluate:evaluate_and_coerce:infer_expression_type:resolve_column:resolve_bound_column:matches_identifier: enter
execute:execute_statement:execute_statement:execute_delete:matches_mutation_row:evaluate_query_expression:evaluate:evaluate_and_coerce:infer_expression_type:resolve_column:resolve_bound_column:matches_identifier: exit
execute:execute_statement:execute_statement:execute_delete:matches_mutation_row:evaluate_query_expression:evaluate:evaluate_and_coerce:infer_expression_type:resolve_column:resolve_bound_column:matches_identifier: enter
execute:execute_statement:execute_statement:execute_delete:matches_mutation_row:evaluate_query_expression:evaluate:evaluate_and_coerce:infer_expression_type:resolve_column:resolve_bound_column:matches_identifier: exit
execute:execute_statement:execute_statement:execute_delete:matches_mutation_row:evaluate_query_expression:evaluate:evaluate_and_coerce:infer_expression_type:resolve_column:resolve_bound_column:matches_identifier: enter
execute:execute_statement:execute_statement:execute_delete:matches_mutation_row:evaluate_query_expression:evaluate:evaluate_and_coerce:infer_expression_type:resolve_column:resolve_bound_column:matches_identifier: exit
execute:execute_statement:execute_statement:execute_delete:matches_mutation_row:evaluate_query_expression:evaluate:evaluate_and_coerce:infer_expression_type:resolve_column:resolve_bound_column:matches_identifier: enter
execute:execute_statement:execute_statement:execute_delete:matches_mutation_row:evaluate_query_expression:evaluate:evaluate_and_coerce:infer_expression_type:resolve_column:resolve_bound_column:matches_identifier: exit
execute:execute_statement:execute_statement:execute_delete:matches_mutation_row:evaluate_query_expression:evaluate:evaluate_and_coerce:infer_expression_type:resolve_column:resolve_bound_column:matches_identifier: enter
execute:execute_statement:execute_statement:execute_delete:matches_mutation_row:evaluate_query_expression:evaluate:evaluate_and_coerce:infer_expression_type:resolve_column:resolve_bound_column:matches_identifier: exit
execute:execute_statement:execute_statement:execute_delete:matches_mutation_row:evaluate_query_expression:evaluate:evaluate_and_coerce:infer_expression_type:resolve_column:resolve_bound_column: exit
execute:execute_statement:execute_statement:execute_delete:matches_mutation_row:evaluate_query_expression:evaluate:evaluate_and_coerce:infer_expression_type:resolve_column: exit
execute:execute_statement:execute_statement:execute_delete:matches_mutation_row:evaluate_query_expression:evaluate:evaluate_and_coerce:infer_expression_type: exit
execute:execute_statement:execute_statement:execute_delete:matches_mutation_row:evaluate_query_expression:evaluate:evaluate_and_coerce:evaluate: enter
execute:execute_statement:execute_statement:execute_delete:matches_mutation_row:evaluate_query_expression:evaluate:evaluate_and_coerce:evaluate:resolve_column_value: enter
execute:execute_statement:execute_statement:execute_delete:matches_mutation_row:evaluate_query_expression:evaluate:evaluate_and_coerce:evaluate:resolve_column_value:resolve_bound_column: enter
execute:execute_statement:execute_statement:execute_delete:matches_mutation_row:evaluate_query_expression:evaluate:evaluate_and_coerce:evaluate:resolve_column_value:resolve_bound_column:matches_identifier: enter
execute:execute_statement:execute_statement:execute_delete:matches_mutation_row:evaluate_query_expression:evaluate:evaluate_and_coerce:evaluate:resolve_column_value:resolve_bound_column:matches_identifier: exit
execute:execute_statement:execute_statement:execute_delete:matches_mutation_row:evaluate_query_expression:evaluate:evaluate_and_coerce:evaluate:resolve_column_value:resolve_bound_column:matches_identifier: enter
execute:execute_statement:execute_statement:execute_delete:matches_mutation_row:evaluate_query_expression:evaluate:evaluate_and_coerce:evaluate:resolve_column_value:resolve_bound_column:matches_identifier: exit
execute:execute_statement:execute_statement:execute_delete:matches_mutation_row:evaluate_query_expression:evaluate:evaluate_and_coerce:evaluate:resolve_column_value:resolve_bound_column:matches_identifier: enter
execute:execute_statement:execute_statement:execute_delete:matches_mutation_row:evaluate_query_expression:evaluate:evaluate_and_coerce:evaluate:resolve_column_value:resolve_bound_column:matches_identifier: exit
execute:execute_statement:execute_statement:execute_delete:matches_mutation_row:evaluate_query_expression:evaluate:evaluate_and_coerce:evaluate:resolve_column_value:resolve_bound_column:matches_identifier: enter
execute:execute_statement:execute_statement:execute_delete:matches_mutation_row:evaluate_query_expression:evaluate:evaluate_and_coerce:evaluate:resolve_column_value:resolve_bound_column:matches_identifier: exit
execute:execute_statement:execute_statement:execute_delete:matches_mutation_row:evaluate_query_expression:evaluate:evaluate_and_coerce:evaluate:resolve_column_value:resolve_bound_column:matches_identifier: enter
execute:execute_statement:execute_statement:execute_delete:matches_mutation_row:evaluate_query_expression:evaluate:evaluate_and_coerce:evaluate:resolve_column_value:resolve_bound_column:matches_identifier: exit
execute:execute_statement:execute_statement:execute_delete:matches_mutation_row:evaluate_query_expression:evaluate:evaluate_and_coerce:evaluate:resolve_column_value:resolve_bound_column: exit
execute:execute_statement:execute_statement:execute_delete:matches_mutation_row:evaluate_query_expression:evaluate:evaluate_and_coerce:evaluate:resolve_column_value: exit
execute:execute_statement:execute_statement:execute_delete:matches_mutation_row:evaluate_query_expression:evaluate:evaluate_and_coerce:evaluate: exit
execute:execute_statement:execute_statement:execute_delete:matches_mutation_row:evaluate_query_expression:evaluate:evaluate_and_coerce:create: enter
execute:execute_statement:execute_statement:execute_delete:matches_mutation_row:evaluate_query_expression:evaluate:evaluate_and_coerce:create: exit
execute:execute_statement:execute_statement:execute_delete:matches_mutation_row:evaluate_query_expression:evaluate:evaluate_and_coerce:coerce: enter
execute:execute_statement:execute_statement:execute_delete:matches_mutation_row:evaluate_query_expression:evaluate:evaluate_and_coerce:coerce:is_null: enter
execute:execute_statement:execute_statement:execute_delete:matches_mutation_row:evaluate_query_expression:evaluate:evaluate_and_coerce:coerce:is_null: exit
execute:execute_statement:execute_statement:execute_delete:matches_mutation_row:evaluate_query_expression:evaluate:evaluate_and_coerce:coerce:can_cast: enter
execute:execute_statement:execute_statement:execute_delete:matches_mutation_row:evaluate_query_expression:evaluate:evaluate_and_coerce:coerce:can_cast:resolve_required_cast_context: enter
execute:execute_statement:execute_statement:execute_delete:matches_mutation_row:evaluate_query_expression:evaluate:evaluate_and_coerce:coerce:can_cast:resolve_required_cast_context: exit
execute:execute_statement:execute_statement:execute_delete:matches_mutation_row:evaluate_query_expression:evaluate:evaluate_and_coerce:coerce:can_cast: exit
execute:execute_statement:execute_statement:execute_delete:matches_mutation_row:evaluate_query_expression:evaluate:evaluate_and_coerce:coerce:apply_typmod: enter
execute:execute_statement:execute_statement:execute_delete:matches_mutation_row:evaluate_query_expression:evaluate:evaluate_and_coerce:coerce:apply_typmod: exit
execute:execute_statement:execute_statement:execute_delete:matches_mutation_row:evaluate_query_expression:evaluate:evaluate_and_coerce:coerce: exit
execute:execute_statement:execute_statement:execute_delete:matches_mutation_row:evaluate_query_expression:evaluate:evaluate_and_coerce: exit
execute:execute_statement:execute_statement:execute_delete:matches_mutation_row:evaluate_query_expression:evaluate:evaluate_and_coerce: enter
execute:execute_statement:execute_statement:execute_delete:matches_mutation_row:evaluate_query_expression:evaluate:evaluate_and_coerce:extract_unknown_string_literal: enter
execute:execute_statement:execute_statement:execute_delete:matches_mutation_row:evaluate_query_expression:evaluate:evaluate_and_coerce:extract_unknown_string_literal: exit
execute:execute_statement:execute_statement:execute_delete:matches_mutation_row:evaluate_query_expression:evaluate:evaluate_and_coerce:infer_expression_type: enter
execute:execute_statement:execute_statement:execute_delete:matches_mutation_row:evaluate_query_expression:evaluate:evaluate_and_coerce:infer_expression_type:extract_ast_value: enter
execute:execute_statement:execute_statement:execute_delete:matches_mutation_row:evaluate_query_expression:evaluate:evaluate_and_coerce:infer_expression_type:extract_ast_value: exit
execute:execute_statement:execute_statement:execute_delete:matches_mutation_row:evaluate_query_expression:evaluate:evaluate_and_coerce:infer_expression_type:parse_integer_literal: enter
execute:execute_statement:execute_statement:execute_delete:matches_mutation_row:evaluate_query_expression:evaluate:evaluate_and_coerce:infer_expression_type:parse_integer_literal: exit
execute:execute_statement:execute_statement:execute_delete:matches_mutation_row:evaluate_query_expression:evaluate:evaluate_and_coerce:infer_expression_type:get_base_type: enter
execute:execute_statement:execute_statement:execute_delete:matches_mutation_row:evaluate_query_expression:evaluate:evaluate_and_coerce:infer_expression_type:get_base_type: exit
execute:execute_statement:execute_statement:execute_delete:matches_mutation_row:evaluate_query_expression:evaluate:evaluate_and_coerce:infer_expression_type: exit
execute:execute_statement:execute_statement:execute_delete:matches_mutation_row:evaluate_query_expression:evaluate:evaluate_and_coerce:evaluate: enter
execute:execute_statement:execute_statement:execute_delete:matches_mutation_row:evaluate_query_expression:evaluate:evaluate_and_coerce:evaluate:evaluate_literal: enter
execute:execute_statement:execute_statement:execute_delete:matches_mutation_row:evaluate_query_expression:evaluate:evaluate_and_coerce:evaluate:evaluate_literal:extract_ast_value: enter
execute:execute_statement:execute_statement:execute_delete:matches_mutation_row:evaluate_query_expression:evaluate:evaluate_and_coerce:evaluate:evaluate_literal:extract_ast_value: exit
execute:execute_statement:execute_statement:execute_delete:matches_mutation_row:evaluate_query_expression:evaluate:evaluate_and_coerce:evaluate:evaluate_literal:parse_integer_literal: enter
execute:execute_statement:execute_statement:execute_delete:matches_mutation_row:evaluate_query_expression:evaluate:evaluate_and_coerce:evaluate:evaluate_literal:parse_integer_literal: exit
execute:execute_statement:execute_statement:execute_delete:matches_mutation_row:evaluate_query_expression:evaluate:evaluate_and_coerce:evaluate:evaluate_literal: exit
execute:execute_statement:execute_statement:execute_delete:matches_mutation_row:evaluate_query_expression:evaluate:evaluate_and_coerce:evaluate: exit
execute:execute_statement:execute_statement:execute_delete:matches_mutation_row:evaluate_query_expression:evaluate:evaluate_and_coerce:create: enter
execute:execute_statement:execute_statement:execute_delete:matches_mutation_row:evaluate_query_expression:evaluate:evaluate_and_coerce:create: exit
execute:execute_statement:execute_statement:execute_delete:matches_mutation_row:evaluate_query_expression:evaluate:evaluate_and_coerce:coerce: enter
execute:execute_statement:execute_statement:execute_delete:matches_mutation_row:evaluate_query_expression:evaluate:evaluate_and_coerce:coerce:is_null: enter
execute:execute_statement:execute_statement:execute_delete:matches_mutation_row:evaluate_query_expression:evaluate:evaluate_and_coerce:coerce:is_null: exit
execute:execute_statement:execute_statement:execute_delete:matches_mutation_row:evaluate_query_expression:evaluate:evaluate_and_coerce:coerce:can_cast: enter
execute:execute_statement:execute_statement:execute_delete:matches_mutation_row:evaluate_query_expression:evaluate:evaluate_and_coerce:coerce:can_cast:resolve_required_cast_context: enter
execute:execute_statement:execute_statement:execute_delete:matches_mutation_row:evaluate_query_expression:evaluate:evaluate_and_coerce:coerce:can_cast:resolve_required_cast_context: exit
execute:execute_statement:execute_statement:execute_delete:matches_mutation_row:evaluate_query_expression:evaluate:evaluate_and_coerce:coerce:can_cast: exit
execute:execute_statement:execute_statement:execute_delete:matches_mutation_row:evaluate_query_expression:evaluate:evaluate_and_coerce:coerce:apply_typmod: enter
execute:execute_statement:execute_statement:execute_delete:matches_mutation_row:evaluate_query_expression:evaluate:evaluate_and_coerce:coerce:apply_typmod: exit
execute:execute_statement:execute_statement:execute_delete:matches_mutation_row:evaluate_query_expression:evaluate:evaluate_and_coerce:coerce: exit
execute:execute_statement:execute_statement:execute_delete:matches_mutation_row:evaluate_query_expression:evaluate:evaluate_and_coerce: exit
execute:execute_statement:execute_statement:execute_delete:matches_mutation_row:evaluate_query_expression:evaluate:is_null: enter
execute:execute_statement:execute_statement:execute_delete:matches_mutation_row:evaluate_query_expression:evaluate:is_null: exit
execute:execute_statement:execute_statement:execute_delete:matches_mutation_row:evaluate_query_expression:evaluate:is_null: enter
execute:execute_statement:execute_statement:execute_delete:matches_mutation_row:evaluate_query_expression:evaluate:is_null: exit
execute:execute_statement:execute_statement:execute_delete:matches_mutation_row:evaluate_query_expression:evaluate:evaluate_comparison: enter
execute:execute_statement:execute_statement:execute_delete:matches_mutation_row:evaluate_query_expression:evaluate:evaluate_comparison:compare_values: enter
execute:execute_statement:execute_statement:execute_delete:matches_mutation_row:evaluate_query_expression:evaluate:evaluate_comparison:compare_values: exit
execute:execute_statement:execute_statement:execute_delete:matches_mutation_row:evaluate_query_expression:evaluate:evaluate_comparison: exit
execute:execute_statement:execute_statement:execute_delete:matches_mutation_row:evaluate_query_expression:evaluate: exit
execute:execute_statement:execute_statement:execute_delete:matches_mutation_row:evaluate_query_expression: exit
execute:execute_statement:execute_statement:execute_delete:matches_mutation_row: exit
execute:execute_statement:execute_statement:execute_delete:find_visible_version: enter
execute:execute_statement:execute_statement:execute_delete:find_visible_version:is_visible: enter
execute:execute_statement:execute_statement:execute_delete:find_visible_version:is_visible:get_status: enter
execute:execute_statement:execute_statement:execute_delete:find_visible_version:is_visible:get_status: exit
execute:execute_statement:execute_statement:execute_delete:find_visible_version:is_visible: exit
execute:execute_statement:execute_statement:execute_delete:find_visible_version: exit
execute:execute_statement:execute_statement:execute_delete:matches_mutation_row: enter
execute:execute_statement:execute_statement:execute_delete:matches_mutation_row:evaluate_query_expression: enter
execute:execute_statement:execute_statement:execute_delete:matches_mutation_row:evaluate_query_expression:contains_subquery: enter
execute:execute_statement:execute_statement:execute_delete:matches_mutation_row:evaluate_query_expression:contains_subquery: exit
execute:execute_statement:execute_statement:execute_delete:matches_mutation_row:evaluate_query_expression:evaluate: enter
execute:execute_statement:execute_statement:execute_delete:matches_mutation_row:evaluate_query_expression:evaluate:infer_expression_type: enter
execute:execute_statement:execute_statement:execute_delete:matches_mutation_row:evaluate_query_expression:evaluate:infer_expression_type:extract_ast_value: enter
execute:execute_statement:execute_statement:execute_delete:matches_mutation_row:evaluate_query_expression:evaluate:infer_expression_type:extract_ast_value: exit
execute:execute_statement:execute_statement:execute_delete:matches_mutation_row:evaluate_query_expression:evaluate:infer_expression_type:resolve_column: enter
execute:execute_statement:execute_statement:execute_delete:matches_mutation_row:evaluate_query_expression:evaluate:infer_expression_type:resolve_column:resolve_bound_column: enter
execute:execute_statement:execute_statement:execute_delete:matches_mutation_row:evaluate_query_expression:evaluate:infer_expression_type:resolve_column:resolve_bound_column:matches_identifier: enter
execute:execute_statement:execute_statement:execute_delete:matches_mutation_row:evaluate_query_expression:evaluate:infer_expression_type:resolve_column:resolve_bound_column:matches_identifier: exit
execute:execute_statement:execute_statement:execute_delete:matches_mutation_row:evaluate_query_expression:evaluate:infer_expression_type:resolve_column:resolve_bound_column:matches_identifier: enter
execute:execute_statement:execute_statement:execute_delete:matches_mutation_row:evaluate_query_expression:evaluate:infer_expression_type:resolve_column:resolve_bound_column:matches_identifier: exit
execute:execute_statement:execute_statement:execute_delete:matches_mutation_row:evaluate_query_expression:evaluate:infer_expression_type:resolve_column:resolve_bound_column:matches_identifier: enter
execute:execute_statement:execute_statement:execute_delete:matches_mutation_row:evaluate_query_expression:evaluate:infer_expression_type:resolve_column:resolve_bound_column:matches_identifier: exit
execute:execute_statement:execute_statement:execute_delete:matches_mutation_row:evaluate_query_expression:evaluate:infer_expression_type:resolve_column:resolve_bound_column:matches_identifier: enter
execute:execute_statement:execute_statement:execute_delete:matches_mutation_row:evaluate_query_expression:evaluate:infer_expression_type:resolve_column:resolve_bound_column:matches_identifier: exit
execute:execute_statement:execute_statement:execute_delete:matches_mutation_row:evaluate_query_expression:evaluate:infer_expression_type:resolve_column:resolve_bound_column:matches_identifier: enter
execute:execute_statement:execute_statement:execute_delete:matches_mutation_row:evaluate_query_expression:evaluate:infer_expression_type:resolve_column:resolve_bound_column:matches_identifier: exit
execute:execute_statement:execute_statement:execute_delete:matches_mutation_row:evaluate_query_expression:evaluate:infer_expression_type:resolve_column:resolve_bound_column: exit
execute:execute_statement:execute_statement:execute_delete:matches_mutation_row:evaluate_query_expression:evaluate:infer_expression_type:resolve_column: exit
execute:execute_statement:execute_statement:execute_delete:matches_mutation_row:evaluate_query_expression:evaluate:infer_expression_type: exit
execute:execute_statement:execute_statement:execute_delete:matches_mutation_row:evaluate_query_expression:evaluate:infer_expression_type: enter
execute:execute_statement:execute_statement:execute_delete:matches_mutation_row:evaluate_query_expression:evaluate:infer_expression_type:extract_ast_value: enter
execute:execute_statement:execute_statement:execute_delete:matches_mutation_row:evaluate_query_expression:evaluate:infer_expression_type:extract_ast_value: exit
execute:execute_statement:execute_statement:execute_delete:matches_mutation_row:evaluate_query_expression:evaluate:infer_expression_type:parse_integer_literal: enter
execute:execute_statement:execute_statement:execute_delete:matches_mutation_row:evaluate_query_expression:evaluate:infer_expression_type:parse_integer_literal: exit
execute:execute_statement:execute_statement:execute_delete:matches_mutation_row:evaluate_query_expression:evaluate:infer_expression_type:get_base_type: enter
execute:execute_statement:execute_statement:execute_delete:matches_mutation_row:evaluate_query_expression:evaluate:infer_expression_type:get_base_type: exit
execute:execute_statement:execute_statement:execute_delete:matches_mutation_row:evaluate_query_expression:evaluate:infer_expression_type: exit
execute:execute_statement:execute_statement:execute_delete:matches_mutation_row:evaluate_query_expression:evaluate:resolve_operator_type: enter
execute:execute_statement:execute_statement:execute_delete:matches_mutation_row:evaluate_query_expression:evaluate:resolve_operator_type:is_parameter_placeholder: enter
execute:execute_statement:execute_statement:execute_delete:matches_mutation_row:evaluate_query_expression:evaluate:resolve_operator_type:is_parameter_placeholder:extract_ast_value: enter
execute:execute_statement:execute_statement:execute_delete:matches_mutation_row:evaluate_query_expression:evaluate:resolve_operator_type:is_parameter_placeholder:extract_ast_value: exit
execute:execute_statement:execute_statement:execute_delete:matches_mutation_row:evaluate_query_expression:evaluate:resolve_operator_type:is_parameter_placeholder: exit
execute:execute_statement:execute_statement:execute_delete:matches_mutation_row:evaluate_query_expression:evaluate:resolve_operator_type:is_parameter_placeholder: enter
execute:execute_statement:execute_statement:execute_delete:matches_mutation_row:evaluate_query_expression:evaluate:resolve_operator_type:is_parameter_placeholder:extract_ast_value: enter
execute:execute_statement:execute_statement:execute_delete:matches_mutation_row:evaluate_query_expression:evaluate:resolve_operator_type:is_parameter_placeholder:extract_ast_value: exit
execute:execute_statement:execute_statement:execute_delete:matches_mutation_row:evaluate_query_expression:evaluate:resolve_operator_type:is_parameter_placeholder: exit
execute:execute_statement:execute_statement:execute_delete:matches_mutation_row:evaluate_query_expression:evaluate:resolve_operator_type:infer_expression_type: enter
execute:execute_statement:execute_statement:execute_delete:matches_mutation_row:evaluate_query_expression:evaluate:resolve_operator_type:infer_expression_type:extract_ast_value: enter
execute:execute_statement:execute_statement:execute_delete:matches_mutation_row:evaluate_query_expression:evaluate:resolve_operator_type:infer_expression_type:extract_ast_value: exit
execute:execute_statement:execute_statement:execute_delete:matches_mutation_row:evaluate_query_expression:evaluate:resolve_operator_type:infer_expression_type:resolve_column: enter
execute:execute_statement:execute_statement:execute_delete:matches_mutation_row:evaluate_query_expression:evaluate:resolve_operator_type:infer_expression_type:resolve_column:resolve_bound_column: enter
execute:execute_statement:execute_statement:execute_delete:matches_mutation_row:evaluate_query_expression:evaluate:resolve_operator_type:infer_expression_type:resolve_column:resolve_bound_column:matches_identifier: enter
execute:execute_statement:execute_statement:execute_delete:matches_mutation_row:evaluate_query_expression:evaluate:resolve_operator_type:infer_expression_type:resolve_column:resolve_bound_column:matches_identifier: exit
execute:execute_statement:execute_statement:execute_delete:matches_mutation_row:evaluate_query_expression:evaluate:resolve_operator_type:infer_expression_type:resolve_column:resolve_bound_column:matches_identifier: enter
execute:execute_statement:execute_statement:execute_delete:matches_mutation_row:evaluate_query_expression:evaluate:resolve_operator_type:infer_expression_type:resolve_column:resolve_bound_column:matches_identifier: exit
execute:execute_statement:execute_statement:execute_delete:matches_mutation_row:evaluate_query_expression:evaluate:resolve_operator_type:infer_expression_type:resolve_column:resolve_bound_column:matches_identifier: enter
execute:execute_statement:execute_statement:execute_delete:matches_mutation_row:evaluate_query_expression:evaluate:resolve_operator_type:infer_expression_type:resolve_column:resolve_bound_column:matches_identifier: exit
execute:execute_statement:execute_statement:execute_delete:matches_mutation_row:evaluate_query_expression:evaluate:resolve_operator_type:infer_expression_type:resolve_column:resolve_bound_column:matches_identifier: enter
execute:execute_statement:execute_statement:execute_delete:matches_mutation_row:evaluate_query_expression:evaluate:resolve_operator_type:infer_expression_type:resolve_column:resolve_bound_column:matches_identifier: exit
execute:execute_statement:execute_statement:execute_delete:matches_mutation_row:evaluate_query_expression:evaluate:resolve_operator_type:infer_expression_type:resolve_column:resolve_bound_column:matches_identifier: enter
execute:execute_statement:execute_statement:execute_delete:matches_mutation_row:evaluate_query_expression:evaluate:resolve_operator_type:infer_expression_type:resolve_column:resolve_bound_column:matches_identifier: exit
execute:execute_statement:execute_statement:execute_delete:matches_mutation_row:evaluate_query_expression:evaluate:resolve_operator_type:infer_expression_type:resolve_column:resolve_bound_column: exit
execute:execute_statement:execute_statement:execute_delete:matches_mutation_row:evaluate_query_expression:evaluate:resolve_operator_type:infer_expression_type:resolve_column: exit
execute:execute_statement:execute_statement:execute_delete:matches_mutation_row:evaluate_query_expression:evaluate:resolve_operator_type:infer_expression_type: exit
execute:execute_statement:execute_statement:execute_delete:matches_mutation_row:evaluate_query_expression:evaluate:resolve_operator_type:infer_expression_type: enter
execute:execute_statement:execute_statement:execute_delete:matches_mutation_row:evaluate_query_expression:evaluate:resolve_operator_type:infer_expression_type:extract_ast_value: enter
execute:execute_statement:execute_statement:execute_delete:matches_mutation_row:evaluate_query_expression:evaluate:resolve_operator_type:infer_expression_type:extract_ast_value: exit
execute:execute_statement:execute_statement:execute_delete:matches_mutation_row:evaluate_query_expression:evaluate:resolve_operator_type:infer_expression_type:parse_integer_literal: enter
execute:execute_statement:execute_statement:execute_delete:matches_mutation_row:evaluate_query_expression:evaluate:resolve_operator_type:infer_expression_type:parse_integer_literal: exit
execute:execute_statement:execute_statement:execute_delete:matches_mutation_row:evaluate_query_expression:evaluate:resolve_operator_type:infer_expression_type:get_base_type: enter
execute:execute_statement:execute_statement:execute_delete:matches_mutation_row:evaluate_query_expression:evaluate:resolve_operator_type:infer_expression_type:get_base_type: exit
execute:execute_statement:execute_statement:execute_delete:matches_mutation_row:evaluate_query_expression:evaluate:resolve_operator_type:infer_expression_type: exit
execute:execute_statement:execute_statement:execute_delete:matches_mutation_row:evaluate_query_expression:evaluate:resolve_operator_type:resolve_expression_pair_type: enter
execute:execute_statement:execute_statement:execute_delete:matches_mutation_row:evaluate_query_expression:evaluate:resolve_operator_type:resolve_expression_pair_type:is_null_literal: enter
execute:execute_statement:execute_statement:execute_delete:matches_mutation_row:evaluate_query_expression:evaluate:resolve_operator_type:resolve_expression_pair_type:is_null_literal: exit
execute:execute_statement:execute_statement:execute_delete:matches_mutation_row:evaluate_query_expression:evaluate:resolve_operator_type:resolve_expression_pair_type:extract_unknown_string_literal: enter
execute:execute_statement:execute_statement:execute_delete:matches_mutation_row:evaluate_query_expression:evaluate:resolve_operator_type:resolve_expression_pair_type:extract_unknown_string_literal: exit
execute:execute_statement:execute_statement:execute_delete:matches_mutation_row:evaluate_query_expression:evaluate:resolve_operator_type:resolve_expression_pair_type:is_null_literal: enter
execute:execute_statement:execute_statement:execute_delete:matches_mutation_row:evaluate_query_expression:evaluate:resolve_operator_type:resolve_expression_pair_type:is_null_literal: exit
execute:execute_statement:execute_statement:execute_delete:matches_mutation_row:evaluate_query_expression:evaluate:resolve_operator_type:resolve_expression_pair_type:extract_unknown_string_literal: enter
execute:execute_statement:execute_statement:execute_delete:matches_mutation_row:evaluate_query_expression:evaluate:resolve_operator_type:resolve_expression_pair_type:extract_unknown_string_literal: exit
execute:execute_statement:execute_statement:execute_delete:matches_mutation_row:evaluate_query_expression:evaluate:resolve_operator_type:resolve_expression_pair_type:is_null_literal: enter
execute:execute_statement:execute_statement:execute_delete:matches_mutation_row:evaluate_query_expression:evaluate:resolve_operator_type:resolve_expression_pair_type:is_null_literal: exit
execute:execute_statement:execute_statement:execute_delete:matches_mutation_row:evaluate_query_expression:evaluate:resolve_operator_type:resolve_expression_pair_type:extract_unknown_string_literal: enter
execute:execute_statement:execute_statement:execute_delete:matches_mutation_row:evaluate_query_expression:evaluate:resolve_operator_type:resolve_expression_pair_type:extract_unknown_string_literal: exit
execute:execute_statement:execute_statement:execute_delete:matches_mutation_row:evaluate_query_expression:evaluate:resolve_operator_type:resolve_expression_pair_type:infer_expression_type: enter
execute:execute_statement:execute_statement:execute_delete:matches_mutation_row:evaluate_query_expression:evaluate:resolve_operator_type:resolve_expression_pair_type:infer_expression_type:extract_ast_value: enter
execute:execute_statement:execute_statement:execute_delete:matches_mutation_row:evaluate_query_expression:evaluate:resolve_operator_type:resolve_expression_pair_type:infer_expression_type:extract_ast_value: exit
execute:execute_statement:execute_statement:execute_delete:matches_mutation_row:evaluate_query_expression:evaluate:resolve_operator_type:resolve_expression_pair_type:infer_expression_type:resolve_column: enter
execute:execute_statement:execute_statement:execute_delete:matches_mutation_row:evaluate_query_expression:evaluate:resolve_operator_type:resolve_expression_pair_type:infer_expression_type:resolve_column:resolve_bound_column: enter
execute:execute_statement:execute_statement:execute_delete:matches_mutation_row:evaluate_query_expression:evaluate:resolve_operator_type:resolve_expression_pair_type:infer_expression_type:resolve_column:resolve_bound_column:matches_identifier: enter
execute:execute_statement:execute_statement:execute_delete:matches_mutation_row:evaluate_query_expression:evaluate:resolve_operator_type:resolve_expression_pair_type:infer_expression_type:resolve_column:resolve_bound_column:matches_identifier: exit
execute:execute_statement:execute_statement:execute_delete:matches_mutation_row:evaluate_query_expression:evaluate:resolve_operator_type:resolve_expression_pair_type:infer_expression_type:resolve_column:resolve_bound_column:matches_identifier: enter
execute:execute_statement:execute_statement:execute_delete:matches_mutation_row:evaluate_query_expression:evaluate:resolve_operator_type:resolve_expression_pair_type:infer_expression_type:resolve_column:resolve_bound_column:matches_identifier: exit
execute:execute_statement:execute_statement:execute_delete:matches_mutation_row:evaluate_query_expression:evaluate:resolve_operator_type:resolve_expression_pair_type:infer_expression_type:resolve_column:resolve_bound_column:matches_identifier: enter
execute:execute_statement:execute_statement:execute_delete:matches_mutation_row:evaluate_query_expression:evaluate:resolve_operator_type:resolve_expression_pair_type:infer_expression_type:resolve_column:resolve_bound_column:matches_identifier: exit
execute:execute_statement:execute_statement:execute_delete:matches_mutation_row:evaluate_query_expression:evaluate:resolve_operator_type:resolve_expression_pair_type:infer_expression_type:resolve_column:resolve_bound_column:matches_identifier: enter
execute:execute_statement:execute_statement:execute_delete:matches_mutation_row:evaluate_query_expression:evaluate:resolve_operator_type:resolve_expression_pair_type:infer_expression_type:resolve_column:resolve_bound_column:matches_identifier: exit
execute:execute_statement:execute_statement:execute_delete:matches_mutation_row:evaluate_query_expression:evaluate:resolve_operator_type:resolve_expression_pair_type:infer_expression_type:resolve_column:resolve_bound_column:matches_identifier: enter
execute:execute_statement:execute_statement:execute_delete:matches_mutation_row:evaluate_query_expression:evaluate:resolve_operator_type:resolve_expression_pair_type:infer_expression_type:resolve_column:resolve_bound_column:matches_identifier: exit
execute:execute_statement:execute_statement:execute_delete:matches_mutation_row:evaluate_query_expression:evaluate:resolve_operator_type:resolve_expression_pair_type:infer_expression_type:resolve_column:resolve_bound_column: exit
execute:execute_statement:execute_statement:execute_delete:matches_mutation_row:evaluate_query_expression:evaluate:resolve_operator_type:resolve_expression_pair_type:infer_expression_type:resolve_column: exit
execute:execute_statement:execute_statement:execute_delete:matches_mutation_row:evaluate_query_expression:evaluate:resolve_operator_type:resolve_expression_pair_type:infer_expression_type: exit
execute:execute_statement:execute_statement:execute_delete:matches_mutation_row:evaluate_query_expression:evaluate:resolve_operator_type:resolve_expression_pair_type:infer_expression_type: enter
execute:execute_statement:execute_statement:execute_delete:matches_mutation_row:evaluate_query_expression:evaluate:resolve_operator_type:resolve_expression_pair_type:infer_expression_type:extract_ast_value: enter
execute:execute_statement:execute_statement:execute_delete:matches_mutation_row:evaluate_query_expression:evaluate:resolve_operator_type:resolve_expression_pair_type:infer_expression_type:extract_ast_value: exit
execute:execute_statement:execute_statement:execute_delete:matches_mutation_row:evaluate_query_expression:evaluate:resolve_operator_type:resolve_expression_pair_type:infer_expression_type:parse_integer_literal: enter
execute:execute_statement:execute_statement:execute_delete:matches_mutation_row:evaluate_query_expression:evaluate:resolve_operator_type:resolve_expression_pair_type:infer_expression_type:parse_integer_literal: exit
execute:execute_statement:execute_statement:execute_delete:matches_mutation_row:evaluate_query_expression:evaluate:resolve_operator_type:resolve_expression_pair_type:infer_expression_type:get_base_type: enter
execute:execute_statement:execute_statement:execute_delete:matches_mutation_row:evaluate_query_expression:evaluate:resolve_operator_type:resolve_expression_pair_type:infer_expression_type:get_base_type: exit
execute:execute_statement:execute_statement:execute_delete:matches_mutation_row:evaluate_query_expression:evaluate:resolve_operator_type:resolve_expression_pair_type:infer_expression_type: exit
execute:execute_statement:execute_statement:execute_delete:matches_mutation_row:evaluate_query_expression:evaluate:resolve_operator_type:resolve_expression_pair_type:resolve_common_type: enter
execute:execute_statement:execute_statement:execute_delete:matches_mutation_row:evaluate_query_expression:evaluate:resolve_operator_type:resolve_expression_pair_type:resolve_common_type: exit
execute:execute_statement:execute_statement:execute_delete:matches_mutation_row:evaluate_query_expression:evaluate:resolve_operator_type:resolve_expression_pair_type: exit
execute:execute_statement:execute_statement:execute_delete:matches_mutation_row:evaluate_query_expression:evaluate:resolve_operator_type: exit
execute:execute_statement:execute_statement:execute_delete:matches_mutation_row:evaluate_query_expression:evaluate:evaluate_and_coerce: enter
execute:execute_statement:execute_statement:execute_delete:matches_mutation_row:evaluate_query_expression:evaluate:evaluate_and_coerce:extract_unknown_string_literal: enter
execute:execute_statement:execute_statement:execute_delete:matches_mutation_row:evaluate_query_expression:evaluate:evaluate_and_coerce:extract_unknown_string_literal: exit
execute:execute_statement:execute_statement:execute_delete:matches_mutation_row:evaluate_query_expression:evaluate:evaluate_and_coerce:infer_expression_type: enter
execute:execute_statement:execute_statement:execute_delete:matches_mutation_row:evaluate_query_expression:evaluate:evaluate_and_coerce:infer_expression_type:extract_ast_value: enter
execute:execute_statement:execute_statement:execute_delete:matches_mutation_row:evaluate_query_expression:evaluate:evaluate_and_coerce:infer_expression_type:extract_ast_value: exit
execute:execute_statement:execute_statement:execute_delete:matches_mutation_row:evaluate_query_expression:evaluate:evaluate_and_coerce:infer_expression_type:resolve_column: enter
execute:execute_statement:execute_statement:execute_delete:matches_mutation_row:evaluate_query_expression:evaluate:evaluate_and_coerce:infer_expression_type:resolve_column:resolve_bound_column: enter
execute:execute_statement:execute_statement:execute_delete:matches_mutation_row:evaluate_query_expression:evaluate:evaluate_and_coerce:infer_expression_type:resolve_column:resolve_bound_column:matches_identifier: enter
execute:execute_statement:execute_statement:execute_delete:matches_mutation_row:evaluate_query_expression:evaluate:evaluate_and_coerce:infer_expression_type:resolve_column:resolve_bound_column:matches_identifier: exit
execute:execute_statement:execute_statement:execute_delete:matches_mutation_row:evaluate_query_expression:evaluate:evaluate_and_coerce:infer_expression_type:resolve_column:resolve_bound_column:matches_identifier: enter
execute:execute_statement:execute_statement:execute_delete:matches_mutation_row:evaluate_query_expression:evaluate:evaluate_and_coerce:infer_expression_type:resolve_column:resolve_bound_column:matches_identifier: exit
execute:execute_statement:execute_statement:execute_delete:matches_mutation_row:evaluate_query_expression:evaluate:evaluate_and_coerce:infer_expression_type:resolve_column:resolve_bound_column:matches_identifier: enter
execute:execute_statement:execute_statement:execute_delete:matches_mutation_row:evaluate_query_expression:evaluate:evaluate_and_coerce:infer_expression_type:resolve_column:resolve_bound_column:matches_identifier: exit
execute:execute_statement:execute_statement:execute_delete:matches_mutation_row:evaluate_query_expression:evaluate:evaluate_and_coerce:infer_expression_type:resolve_column:resolve_bound_column:matches_identifier: enter
execute:execute_statement:execute_statement:execute_delete:matches_mutation_row:evaluate_query_expression:evaluate:evaluate_and_coerce:infer_expression_type:resolve_column:resolve_bound_column:matches_identifier: exit
execute:execute_statement:execute_statement:execute_delete:matches_mutation_row:evaluate_query_expression:evaluate:evaluate_and_coerce:infer_expression_type:resolve_column:resolve_bound_column:matches_identifier: enter
execute:execute_statement:execute_statement:execute_delete:matches_mutation_row:evaluate_query_expression:evaluate:evaluate_and_coerce:infer_expression_type:resolve_column:resolve_bound_column:matches_identifier: exit
execute:execute_statement:execute_statement:execute_delete:matches_mutation_row:evaluate_query_expression:evaluate:evaluate_and_coerce:infer_expression_type:resolve_column:resolve_bound_column: exit
execute:execute_statement:execute_statement:execute_delete:matches_mutation_row:evaluate_query_expression:evaluate:evaluate_and_coerce:infer_expression_type:resolve_column: exit
execute:execute_statement:execute_statement:execute_delete:matches_mutation_row:evaluate_query_expression:evaluate:evaluate_and_coerce:infer_expression_type: exit
execute:execute_statement:execute_statement:execute_delete:matches_mutation_row:evaluate_query_expression:evaluate:evaluate_and_coerce:evaluate: enter
execute:execute_statement:execute_statement:execute_delete:matches_mutation_row:evaluate_query_expression:evaluate:evaluate_and_coerce:evaluate:resolve_column_value: enter
execute:execute_statement:execute_statement:execute_delete:matches_mutation_row:evaluate_query_expression:evaluate:evaluate_and_coerce:evaluate:resolve_column_value:resolve_bound_column: enter
execute:execute_statement:execute_statement:execute_delete:matches_mutation_row:evaluate_query_expression:evaluate:evaluate_and_coerce:evaluate:resolve_column_value:resolve_bound_column:matches_identifier: enter
execute:execute_statement:execute_statement:execute_delete:matches_mutation_row:evaluate_query_expression:evaluate:evaluate_and_coerce:evaluate:resolve_column_value:resolve_bound_column:matches_identifier: exit
execute:execute_statement:execute_statement:execute_delete:matches_mutation_row:evaluate_query_expression:evaluate:evaluate_and_coerce:evaluate:resolve_column_value:resolve_bound_column:matches_identifier: enter
execute:execute_statement:execute_statement:execute_delete:matches_mutation_row:evaluate_query_expression:evaluate:evaluate_and_coerce:evaluate:resolve_column_value:resolve_bound_column:matches_identifier: exit
execute:execute_statement:execute_statement:execute_delete:matches_mutation_row:evaluate_query_expression:evaluate:evaluate_and_coerce:evaluate:resolve_column_value:resolve_bound_column:matches_identifier: enter
execute:execute_statement:execute_statement:execute_delete:matches_mutation_row:evaluate_query_expression:evaluate:evaluate_and_coerce:evaluate:resolve_column_value:resolve_bound_column:matches_identifier: exit
execute:execute_statement:execute_statement:execute_delete:matches_mutation_row:evaluate_query_expression:evaluate:evaluate_and_coerce:evaluate:resolve_column_value:resolve_bound_column:matches_identifier: enter
execute:execute_statement:execute_statement:execute_delete:matches_mutation_row:evaluate_query_expression:evaluate:evaluate_and_coerce:evaluate:resolve_column_value:resolve_bound_column:matches_identifier: exit
execute:execute_statement:execute_statement:execute_delete:matches_mutation_row:evaluate_query_expression:evaluate:evaluate_and_coerce:evaluate:resolve_column_value:resolve_bound_column:matches_identifier: enter
execute:execute_statement:execute_statement:execute_delete:matches_mutation_row:evaluate_query_expression:evaluate:evaluate_and_coerce:evaluate:resolve_column_value:resolve_bound_column:matches_identifier: exit
execute:execute_statement:execute_statement:execute_delete:matches_mutation_row:evaluate_query_expression:evaluate:evaluate_and_coerce:evaluate:resolve_column_value:resolve_bound_column: exit
execute:execute_statement:execute_statement:execute_delete:matches_mutation_row:evaluate_query_expression:evaluate:evaluate_and_coerce:evaluate:resolve_column_value: exit
execute:execute_statement:execute_statement:execute_delete:matches_mutation_row:evaluate_query_expression:evaluate:evaluate_and_coerce:evaluate: exit
execute:execute_statement:execute_statement:execute_delete:matches_mutation_row:evaluate_query_expression:evaluate:evaluate_and_coerce:create: enter
execute:execute_statement:execute_statement:execute_delete:matches_mutation_row:evaluate_query_expression:evaluate:evaluate_and_coerce:create: exit
execute:execute_statement:execute_statement:execute_delete:matches_mutation_row:evaluate_query_expression:evaluate:evaluate_and_coerce:coerce: enter
execute:execute_statement:execute_statement:execute_delete:matches_mutation_row:evaluate_query_expression:evaluate:evaluate_and_coerce:coerce:is_null: enter
execute:execute_statement:execute_statement:execute_delete:matches_mutation_row:evaluate_query_expression:evaluate:evaluate_and_coerce:coerce:is_null: exit
execute:execute_statement:execute_statement:execute_delete:matches_mutation_row:evaluate_query_expression:evaluate:evaluate_and_coerce:coerce:can_cast: enter
execute:execute_statement:execute_statement:execute_delete:matches_mutation_row:evaluate_query_expression:evaluate:evaluate_and_coerce:coerce:can_cast:resolve_required_cast_context: enter
execute:execute_statement:execute_statement:execute_delete:matches_mutation_row:evaluate_query_expression:evaluate:evaluate_and_coerce:coerce:can_cast:resolve_required_cast_context: exit
execute:execute_statement:execute_statement:execute_delete:matches_mutation_row:evaluate_query_expression:evaluate:evaluate_and_coerce:coerce:can_cast: exit
execute:execute_statement:execute_statement:execute_delete:matches_mutation_row:evaluate_query_expression:evaluate:evaluate_and_coerce:coerce:apply_typmod: enter
execute:execute_statement:execute_statement:execute_delete:matches_mutation_row:evaluate_query_expression:evaluate:evaluate_and_coerce:coerce:apply_typmod: exit
execute:execute_statement:execute_statement:execute_delete:matches_mutation_row:evaluate_query_expression:evaluate:evaluate_and_coerce:coerce: exit
execute:execute_statement:execute_statement:execute_delete:matches_mutation_row:evaluate_query_expression:evaluate:evaluate_and_coerce: exit
execute:execute_statement:execute_statement:execute_delete:matches_mutation_row:evaluate_query_expression:evaluate:evaluate_and_coerce: enter
execute:execute_statement:execute_statement:execute_delete:matches_mutation_row:evaluate_query_expression:evaluate:evaluate_and_coerce:extract_unknown_string_literal: enter
execute:execute_statement:execute_statement:execute_delete:matches_mutation_row:evaluate_query_expression:evaluate:evaluate_and_coerce:extract_unknown_string_literal: exit
execute:execute_statement:execute_statement:execute_delete:matches_mutation_row:evaluate_query_expression:evaluate:evaluate_and_coerce:infer_expression_type: enter
execute:execute_statement:execute_statement:execute_delete:matches_mutation_row:evaluate_query_expression:evaluate:evaluate_and_coerce:infer_expression_type:extract_ast_value: enter
execute:execute_statement:execute_statement:execute_delete:matches_mutation_row:evaluate_query_expression:evaluate:evaluate_and_coerce:infer_expression_type:extract_ast_value: exit
execute:execute_statement:execute_statement:execute_delete:matches_mutation_row:evaluate_query_expression:evaluate:evaluate_and_coerce:infer_expression_type:parse_integer_literal: enter
execute:execute_statement:execute_statement:execute_delete:matches_mutation_row:evaluate_query_expression:evaluate:evaluate_and_coerce:infer_expression_type:parse_integer_literal: exit
execute:execute_statement:execute_statement:execute_delete:matches_mutation_row:evaluate_query_expression:evaluate:evaluate_and_coerce:infer_expression_type:get_base_type: enter
execute:execute_statement:execute_statement:execute_delete:matches_mutation_row:evaluate_query_expression:evaluate:evaluate_and_coerce:infer_expression_type:get_base_type: exit
execute:execute_statement:execute_statement:execute_delete:matches_mutation_row:evaluate_query_expression:evaluate:evaluate_and_coerce:infer_expression_type: exit
execute:execute_statement:execute_statement:execute_delete:matches_mutation_row:evaluate_query_expression:evaluate:evaluate_and_coerce:evaluate: enter
execute:execute_statement:execute_statement:execute_delete:matches_mutation_row:evaluate_query_expression:evaluate:evaluate_and_coerce:evaluate:evaluate_literal: enter
execute:execute_statement:execute_statement:execute_delete:matches_mutation_row:evaluate_query_expression:evaluate:evaluate_and_coerce:evaluate:evaluate_literal:extract_ast_value: enter
execute:execute_statement:execute_statement:execute_delete:matches_mutation_row:evaluate_query_expression:evaluate:evaluate_and_coerce:evaluate:evaluate_literal:extract_ast_value: exit
execute:execute_statement:execute_statement:execute_delete:matches_mutation_row:evaluate_query_expression:evaluate:evaluate_and_coerce:evaluate:evaluate_literal:parse_integer_literal: enter
execute:execute_statement:execute_statement:execute_delete:matches_mutation_row:evaluate_query_expression:evaluate:evaluate_and_coerce:evaluate:evaluate_literal:parse_integer_literal: exit
execute:execute_statement:execute_statement:execute_delete:matches_mutation_row:evaluate_query_expression:evaluate:evaluate_and_coerce:evaluate:evaluate_literal: exit
execute:execute_statement:execute_statement:execute_delete:matches_mutation_row:evaluate_query_expression:evaluate:evaluate_and_coerce:evaluate: exit
execute:execute_statement:execute_statement:execute_delete:matches_mutation_row:evaluate_query_expression:evaluate:evaluate_and_coerce:create: enter
execute:execute_statement:execute_statement:execute_delete:matches_mutation_row:evaluate_query_expression:evaluate:evaluate_and_coerce:create: exit
execute:execute_statement:execute_statement:execute_delete:matches_mutation_row:evaluate_query_expression:evaluate:evaluate_and_coerce:coerce: enter
execute:execute_statement:execute_statement:execute_delete:matches_mutation_row:evaluate_query_expression:evaluate:evaluate_and_coerce:coerce:is_null: enter
execute:execute_statement:execute_statement:execute_delete:matches_mutation_row:evaluate_query_expression:evaluate:evaluate_and_coerce:coerce:is_null: exit
execute:execute_statement:execute_statement:execute_delete:matches_mutation_row:evaluate_query_expression:evaluate:evaluate_and_coerce:coerce:can_cast: enter
execute:execute_statement:execute_statement:execute_delete:matches_mutation_row:evaluate_query_expression:evaluate:evaluate_and_coerce:coerce:can_cast:resolve_required_cast_context: enter
execute:execute_statement:execute_statement:execute_delete:matches_mutation_row:evaluate_query_expression:evaluate:evaluate_and_coerce:coerce:can_cast:resolve_required_cast_context: exit
execute:execute_statement:execute_statement:execute_delete:matches_mutation_row:evaluate_query_expression:evaluate:evaluate_and_coerce:coerce:can_cast: exit
execute:execute_statement:execute_statement:execute_delete:matches_mutation_row:evaluate_query_expression:evaluate:evaluate_and_coerce:coerce:apply_typmod: enter
execute:execute_statement:execute_statement:execute_delete:matches_mutation_row:evaluate_query_expression:evaluate:evaluate_and_coerce:coerce:apply_typmod: exit
execute:execute_statement:execute_statement:execute_delete:matches_mutation_row:evaluate_query_expression:evaluate:evaluate_and_coerce:coerce: exit
execute:execute_statement:execute_statement:execute_delete:matches_mutation_row:evaluate_query_expression:evaluate:evaluate_and_coerce: exit
execute:execute_statement:execute_statement:execute_delete:matches_mutation_row:evaluate_query_expression:evaluate:is_null: enter
execute:execute_statement:execute_statement:execute_delete:matches_mutation_row:evaluate_query_expression:evaluate:is_null: exit
execute:execute_statement:execute_statement:execute_delete:matches_mutation_row:evaluate_query_expression:evaluate:is_null: enter
execute:execute_statement:execute_statement:execute_delete:matches_mutation_row:evaluate_query_expression:evaluate:is_null: exit
execute:execute_statement:execute_statement:execute_delete:matches_mutation_row:evaluate_query_expression:evaluate:evaluate_comparison: enter
execute:execute_statement:execute_statement:execute_delete:matches_mutation_row:evaluate_query_expression:evaluate:evaluate_comparison:compare_values: enter
execute:execute_statement:execute_statement:execute_delete:matches_mutation_row:evaluate_query_expression:evaluate:evaluate_comparison:compare_values: exit
execute:execute_statement:execute_statement:execute_delete:matches_mutation_row:evaluate_query_expression:evaluate:evaluate_comparison: exit
execute:execute_statement:execute_statement:execute_delete:matches_mutation_row:evaluate_query_expression:evaluate: exit
execute:execute_statement:execute_statement:execute_delete:matches_mutation_row:evaluate_query_expression: exit
execute:execute_statement:execute_statement:execute_delete:matches_mutation_row: exit
execute:execute_statement:execute_statement:execute_delete:find_visible_version: enter
execute:execute_statement:execute_statement:execute_delete:find_visible_version:is_visible: enter
execute:execute_statement:execute_statement:execute_delete:find_visible_version:is_visible:get_status: enter
execute:execute_statement:execute_statement:execute_delete:find_visible_version:is_visible:get_status: exit
execute:execute_statement:execute_statement:execute_delete:find_visible_version:is_visible: exit
execute:execute_statement:execute_statement:execute_delete:find_visible_version: exit
execute:execute_statement:execute_statement:execute_delete:matches_mutation_row: enter
execute:execute_statement:execute_statement:execute_delete:matches_mutation_row:evaluate_query_expression: enter
execute:execute_statement:execute_statement:execute_delete:matches_mutation_row:evaluate_query_expression:contains_subquery: enter
execute:execute_statement:execute_statement:execute_delete:matches_mutation_row:evaluate_query_expression:contains_subquery: exit
execute:execute_statement:execute_statement:execute_delete:matches_mutation_row:evaluate_query_expression:evaluate: enter
execute:execute_statement:execute_statement:execute_delete:matches_mutation_row:evaluate_query_expression:evaluate:infer_expression_type: enter
execute:execute_statement:execute_statement:execute_delete:matches_mutation_row:evaluate_query_expression:evaluate:infer_expression_type:extract_ast_value: enter
execute:execute_statement:execute_statement:execute_delete:matches_mutation_row:evaluate_query_expression:evaluate:infer_expression_type:extract_ast_value: exit
execute:execute_statement:execute_statement:execute_delete:matches_mutation_row:evaluate_query_expression:evaluate:infer_expression_type:resolve_column: enter
execute:execute_statement:execute_statement:execute_delete:matches_mutation_row:evaluate_query_expression:evaluate:infer_expression_type:resolve_column:resolve_bound_column: enter
execute:execute_statement:execute_statement:execute_delete:matches_mutation_row:evaluate_query_expression:evaluate:infer_expression_type:resolve_column:resolve_bound_column:matches_identifier: enter
execute:execute_statement:execute_statement:execute_delete:matches_mutation_row:evaluate_query_expression:evaluate:infer_expression_type:resolve_column:resolve_bound_column:matches_identifier: exit
execute:execute_statement:execute_statement:execute_delete:matches_mutation_row:evaluate_query_expression:evaluate:infer_expression_type:resolve_column:resolve_bound_column:matches_identifier: enter
execute:execute_statement:execute_statement:execute_delete:matches_mutation_row:evaluate_query_expression:evaluate:infer_expression_type:resolve_column:resolve_bound_column:matches_identifier: exit
execute:execute_statement:execute_statement:execute_delete:matches_mutation_row:evaluate_query_expression:evaluate:infer_expression_type:resolve_column:resolve_bound_column:matches_identifier: enter
execute:execute_statement:execute_statement:execute_delete:matches_mutation_row:evaluate_query_expression:evaluate:infer_expression_type:resolve_column:resolve_bound_column:matches_identifier: exit
execute:execute_statement:execute_statement:execute_delete:matches_mutation_row:evaluate_query_expression:evaluate:infer_expression_type:resolve_column:resolve_bound_column:matches_identifier: enter
execute:execute_statement:execute_statement:execute_delete:matches_mutation_row:evaluate_query_expression:evaluate:infer_expression_type:resolve_column:resolve_bound_column:matches_identifier: exit
execute:execute_statement:execute_statement:execute_delete:matches_mutation_row:evaluate_query_expression:evaluate:infer_expression_type:resolve_column:resolve_bound_column:matches_identifier: enter
execute:execute_statement:execute_statement:execute_delete:matches_mutation_row:evaluate_query_expression:evaluate:infer_expression_type:resolve_column:resolve_bound_column:matches_identifier: exit
execute:execute_statement:execute_statement:execute_delete:matches_mutation_row:evaluate_query_expression:evaluate:infer_expression_type:resolve_column:resolve_bound_column: exit
execute:execute_statement:execute_statement:execute_delete:matches_mutation_row:evaluate_query_expression:evaluate:infer_expression_type:resolve_column: exit
execute:execute_statement:execute_statement:execute_delete:matches_mutation_row:evaluate_query_expression:evaluate:infer_expression_type: exit
execute:execute_statement:execute_statement:execute_delete:matches_mutation_row:evaluate_query_expression:evaluate:infer_expression_type: enter
execute:execute_statement:execute_statement:execute_delete:matches_mutation_row:evaluate_query_expression:evaluate:infer_expression_type:extract_ast_value: enter
execute:execute_statement:execute_statement:execute_delete:matches_mutation_row:evaluate_query_expression:evaluate:infer_expression_type:extract_ast_value: exit
execute:execute_statement:execute_statement:execute_delete:matches_mutation_row:evaluate_query_expression:evaluate:infer_expression_type:parse_integer_literal: enter
execute:execute_statement:execute_statement:execute_delete:matches_mutation_row:evaluate_query_expression:evaluate:infer_expression_type:parse_integer_literal: exit
execute:execute_statement:execute_statement:execute_delete:matches_mutation_row:evaluate_query_expression:evaluate:infer_expression_type:get_base_type: enter
execute:execute_statement:execute_statement:execute_delete:matches_mutation_row:evaluate_query_expression:evaluate:infer_expression_type:get_base_type: exit
execute:execute_statement:execute_statement:execute_delete:matches_mutation_row:evaluate_query_expression:evaluate:infer_expression_type: exit
execute:execute_statement:execute_statement:execute_delete:matches_mutation_row:evaluate_query_expression:evaluate:resolve_operator_type: enter
execute:execute_statement:execute_statement:execute_delete:matches_mutation_row:evaluate_query_expression:evaluate:resolve_operator_type:is_parameter_placeholder: enter
execute:execute_statement:execute_statement:execute_delete:matches_mutation_row:evaluate_query_expression:evaluate:resolve_operator_type:is_parameter_placeholder:extract_ast_value: enter
execute:execute_statement:execute_statement:execute_delete:matches_mutation_row:evaluate_query_expression:evaluate:resolve_operator_type:is_parameter_placeholder:extract_ast_value: exit
execute:execute_statement:execute_statement:execute_delete:matches_mutation_row:evaluate_query_expression:evaluate:resolve_operator_type:is_parameter_placeholder: exit
execute:execute_statement:execute_statement:execute_delete:matches_mutation_row:evaluate_query_expression:evaluate:resolve_operator_type:is_parameter_placeholder: enter
execute:execute_statement:execute_statement:execute_delete:matches_mutation_row:evaluate_query_expression:evaluate:resolve_operator_type:is_parameter_placeholder:extract_ast_value: enter
execute:execute_statement:execute_statement:execute_delete:matches_mutation_row:evaluate_query_expression:evaluate:resolve_operator_type:is_parameter_placeholder:extract_ast_value: exit
execute:execute_statement:execute_statement:execute_delete:matches_mutation_row:evaluate_query_expression:evaluate:resolve_operator_type:is_parameter_placeholder: exit
execute:execute_statement:execute_statement:execute_delete:matches_mutation_row:evaluate_query_expression:evaluate:resolve_operator_type:infer_expression_type: enter
execute:execute_statement:execute_statement:execute_delete:matches_mutation_row:evaluate_query_expression:evaluate:resolve_operator_type:infer_expression_type:extract_ast_value: enter
execute:execute_statement:execute_statement:execute_delete:matches_mutation_row:evaluate_query_expression:evaluate:resolve_operator_type:infer_expression_type:extract_ast_value: exit
execute:execute_statement:execute_statement:execute_delete:matches_mutation_row:evaluate_query_expression:evaluate:resolve_operator_type:infer_expression_type:resolve_column: enter
execute:execute_statement:execute_statement:execute_delete:matches_mutation_row:evaluate_query_expression:evaluate:resolve_operator_type:infer_expression_type:resolve_column:resolve_bound_column: enter
execute:execute_statement:execute_statement:execute_delete:matches_mutation_row:evaluate_query_expression:evaluate:resolve_operator_type:infer_expression_type:resolve_column:resolve_bound_column:matches_identifier: enter
execute:execute_statement:execute_statement:execute_delete:matches_mutation_row:evaluate_query_expression:evaluate:resolve_operator_type:infer_expression_type:resolve_column:resolve_bound_column:matches_identifier: exit
execute:execute_statement:execute_statement:execute_delete:matches_mutation_row:evaluate_query_expression:evaluate:resolve_operator_type:infer_expression_type:resolve_column:resolve_bound_column:matches_identifier: enter
execute:execute_statement:execute_statement:execute_delete:matches_mutation_row:evaluate_query_expression:evaluate:resolve_operator_type:infer_expression_type:resolve_column:resolve_bound_column:matches_identifier: exit
execute:execute_statement:execute_statement:execute_delete:matches_mutation_row:evaluate_query_expression:evaluate:resolve_operator_type:infer_expression_type:resolve_column:resolve_bound_column:matches_identifier: enter
execute:execute_statement:execute_statement:execute_delete:matches_mutation_row:evaluate_query_expression:evaluate:resolve_operator_type:infer_expression_type:resolve_column:resolve_bound_column:matches_identifier: exit
execute:execute_statement:execute_statement:execute_delete:matches_mutation_row:evaluate_query_expression:evaluate:resolve_operator_type:infer_expression_type:resolve_column:resolve_bound_column:matches_identifier: enter
execute:execute_statement:execute_statement:execute_delete:matches_mutation_row:evaluate_query_expression:evaluate:resolve_operator_type:infer_expression_type:resolve_column:resolve_bound_column:matches_identifier: exit
execute:execute_statement:execute_statement:execute_delete:matches_mutation_row:evaluate_query_expression:evaluate:resolve_operator_type:infer_expression_type:resolve_column:resolve_bound_column:matches_identifier: enter
execute:execute_statement:execute_statement:execute_delete:matches_mutation_row:evaluate_query_expression:evaluate:resolve_operator_type:infer_expression_type:resolve_column:resolve_bound_column:matches_identifier: exit
execute:execute_statement:execute_statement:execute_delete:matches_mutation_row:evaluate_query_expression:evaluate:resolve_operator_type:infer_expression_type:resolve_column:resolve_bound_column: exit
execute:execute_statement:execute_statement:execute_delete:matches_mutation_row:evaluate_query_expression:evaluate:resolve_operator_type:infer_expression_type:resolve_column: exit
execute:execute_statement:execute_statement:execute_delete:matches_mutation_row:evaluate_query_expression:evaluate:resolve_operator_type:infer_expression_type: exit
execute:execute_statement:execute_statement:execute_delete:matches_mutation_row:evaluate_query_expression:evaluate:resolve_operator_type:infer_expression_type: enter
execute:execute_statement:execute_statement:execute_delete:matches_mutation_row:evaluate_query_expression:evaluate:resolve_operator_type:infer_expression_type:extract_ast_value: enter
execute:execute_statement:execute_statement:execute_delete:matches_mutation_row:evaluate_query_expression:evaluate:resolve_operator_type:infer_expression_type:extract_ast_value: exit
execute:execute_statement:execute_statement:execute_delete:matches_mutation_row:evaluate_query_expression:evaluate:resolve_operator_type:infer_expression_type:parse_integer_literal: enter
execute:execute_statement:execute_statement:execute_delete:matches_mutation_row:evaluate_query_expression:evaluate:resolve_operator_type:infer_expression_type:parse_integer_literal: exit
execute:execute_statement:execute_statement:execute_delete:matches_mutation_row:evaluate_query_expression:evaluate:resolve_operator_type:infer_expression_type:get_base_type: enter
execute:execute_statement:execute_statement:execute_delete:matches_mutation_row:evaluate_query_expression:evaluate:resolve_operator_type:infer_expression_type:get_base_type: exit
execute:execute_statement:execute_statement:execute_delete:matches_mutation_row:evaluate_query_expression:evaluate:resolve_operator_type:infer_expression_type: exit
execute:execute_statement:execute_statement:execute_delete:matches_mutation_row:evaluate_query_expression:evaluate:resolve_operator_type:resolve_expression_pair_type: enter
execute:execute_statement:execute_statement:execute_delete:matches_mutation_row:evaluate_query_expression:evaluate:resolve_operator_type:resolve_expression_pair_type:is_null_literal: enter
execute:execute_statement:execute_statement:execute_delete:matches_mutation_row:evaluate_query_expression:evaluate:resolve_operator_type:resolve_expression_pair_type:is_null_literal: exit
execute:execute_statement:execute_statement:execute_delete:matches_mutation_row:evaluate_query_expression:evaluate:resolve_operator_type:resolve_expression_pair_type:extract_unknown_string_literal: enter
execute:execute_statement:execute_statement:execute_delete:matches_mutation_row:evaluate_query_expression:evaluate:resolve_operator_type:resolve_expression_pair_type:extract_unknown_string_literal: exit
execute:execute_statement:execute_statement:execute_delete:matches_mutation_row:evaluate_query_expression:evaluate:resolve_operator_type:resolve_expression_pair_type:is_null_literal: enter
execute:execute_statement:execute_statement:execute_delete:matches_mutation_row:evaluate_query_expression:evaluate:resolve_operator_type:resolve_expression_pair_type:is_null_literal: exit
execute:execute_statement:execute_statement:execute_delete:matches_mutation_row:evaluate_query_expression:evaluate:resolve_operator_type:resolve_expression_pair_type:extract_unknown_string_literal: enter
execute:execute_statement:execute_statement:execute_delete:matches_mutation_row:evaluate_query_expression:evaluate:resolve_operator_type:resolve_expression_pair_type:extract_unknown_string_literal: exit
execute:execute_statement:execute_statement:execute_delete:matches_mutation_row:evaluate_query_expression:evaluate:resolve_operator_type:resolve_expression_pair_type:is_null_literal: enter
execute:execute_statement:execute_statement:execute_delete:matches_mutation_row:evaluate_query_expression:evaluate:resolve_operator_type:resolve_expression_pair_type:is_null_literal: exit
execute:execute_statement:execute_statement:execute_delete:matches_mutation_row:evaluate_query_expression:evaluate:resolve_operator_type:resolve_expression_pair_type:extract_unknown_string_literal: enter
execute:execute_statement:execute_statement:execute_delete:matches_mutation_row:evaluate_query_expression:evaluate:resolve_operator_type:resolve_expression_pair_type:extract_unknown_string_literal: exit
execute:execute_statement:execute_statement:execute_delete:matches_mutation_row:evaluate_query_expression:evaluate:resolve_operator_type:resolve_expression_pair_type:infer_expression_type: enter
execute:execute_statement:execute_statement:execute_delete:matches_mutation_row:evaluate_query_expression:evaluate:resolve_operator_type:resolve_expression_pair_type:infer_expression_type:extract_ast_value: enter
execute:execute_statement:execute_statement:execute_delete:matches_mutation_row:evaluate_query_expression:evaluate:resolve_operator_type:resolve_expression_pair_type:infer_expression_type:extract_ast_value: exit
execute:execute_statement:execute_statement:execute_delete:matches_mutation_row:evaluate_query_expression:evaluate:resolve_operator_type:resolve_expression_pair_type:infer_expression_type:resolve_column: enter
execute:execute_statement:execute_statement:execute_delete:matches_mutation_row:evaluate_query_expression:evaluate:resolve_operator_type:resolve_expression_pair_type:infer_expression_type:resolve_column:resolve_bound_column: enter
execute:execute_statement:execute_statement:execute_delete:matches_mutation_row:evaluate_query_expression:evaluate:resolve_operator_type:resolve_expression_pair_type:infer_expression_type:resolve_column:resolve_bound_column:matches_identifier: enter
execute:execute_statement:execute_statement:execute_delete:matches_mutation_row:evaluate_query_expression:evaluate:resolve_operator_type:resolve_expression_pair_type:infer_expression_type:resolve_column:resolve_bound_column:matches_identifier: exit
execute:execute_statement:execute_statement:execute_delete:matches_mutation_row:evaluate_query_expression:evaluate:resolve_operator_type:resolve_expression_pair_type:infer_expression_type:resolve_column:resolve_bound_column:matches_identifier: enter
execute:execute_statement:execute_statement:execute_delete:matches_mutation_row:evaluate_query_expression:evaluate:resolve_operator_type:resolve_expression_pair_type:infer_expression_type:resolve_column:resolve_bound_column:matches_identifier: exit
execute:execute_statement:execute_statement:execute_delete:matches_mutation_row:evaluate_query_expression:evaluate:resolve_operator_type:resolve_expression_pair_type:infer_expression_type:resolve_column:resolve_bound_column:matches_identifier: enter
execute:execute_statement:execute_statement:execute_delete:matches_mutation_row:evaluate_query_expression:evaluate:resolve_operator_type:resolve_expression_pair_type:infer_expression_type:resolve_column:resolve_bound_column:matches_identifier: exit
execute:execute_statement:execute_statement:execute_delete:matches_mutation_row:evaluate_query_expression:evaluate:resolve_operator_type:resolve_expression_pair_type:infer_expression_type:resolve_column:resolve_bound_column:matches_identifier: enter
execute:execute_statement:execute_statement:execute_delete:matches_mutation_row:evaluate_query_expression:evaluate:resolve_operator_type:resolve_expression_pair_type:infer_expression_type:resolve_column:resolve_bound_column:matches_identifier: exit
execute:execute_statement:execute_statement:execute_delete:matches_mutation_row:evaluate_query_expression:evaluate:resolve_operator_type:resolve_expression_pair_type:infer_expression_type:resolve_column:resolve_bound_column:matches_identifier: enter
execute:execute_statement:execute_statement:execute_delete:matches_mutation_row:evaluate_query_expression:evaluate:resolve_operator_type:resolve_expression_pair_type:infer_expression_type:resolve_column:resolve_bound_column:matches_identifier: exit
execute:execute_statement:execute_statement:execute_delete:matches_mutation_row:evaluate_query_expression:evaluate:resolve_operator_type:resolve_expression_pair_type:infer_expression_type:resolve_column:resolve_bound_column: exit
execute:execute_statement:execute_statement:execute_delete:matches_mutation_row:evaluate_query_expression:evaluate:resolve_operator_type:resolve_expression_pair_type:infer_expression_type:resolve_column: exit
execute:execute_statement:execute_statement:execute_delete:matches_mutation_row:evaluate_query_expression:evaluate:resolve_operator_type:resolve_expression_pair_type:infer_expression_type: exit
execute:execute_statement:execute_statement:execute_delete:matches_mutation_row:evaluate_query_expression:evaluate:resolve_operator_type:resolve_expression_pair_type:infer_expression_type: enter
execute:execute_statement:execute_statement:execute_delete:matches_mutation_row:evaluate_query_expression:evaluate:resolve_operator_type:resolve_expression_pair_type:infer_expression_type:extract_ast_value: enter
execute:execute_statement:execute_statement:execute_delete:matches_mutation_row:evaluate_query_expression:evaluate:resolve_operator_type:resolve_expression_pair_type:infer_expression_type:extract_ast_value: exit
execute:execute_statement:execute_statement:execute_delete:matches_mutation_row:evaluate_query_expression:evaluate:resolve_operator_type:resolve_expression_pair_type:infer_expression_type:parse_integer_literal: enter
execute:execute_statement:execute_statement:execute_delete:matches_mutation_row:evaluate_query_expression:evaluate:resolve_operator_type:resolve_expression_pair_type:infer_expression_type:parse_integer_literal: exit
execute:execute_statement:execute_statement:execute_delete:matches_mutation_row:evaluate_query_expression:evaluate:resolve_operator_type:resolve_expression_pair_type:infer_expression_type:get_base_type: enter
execute:execute_statement:execute_statement:execute_delete:matches_mutation_row:evaluate_query_expression:evaluate:resolve_operator_type:resolve_expression_pair_type:infer_expression_type:get_base_type: exit
execute:execute_statement:execute_statement:execute_delete:matches_mutation_row:evaluate_query_expression:evaluate:resolve_operator_type:resolve_expression_pair_type:infer_expression_type: exit
execute:execute_statement:execute_statement:execute_delete:matches_mutation_row:evaluate_query_expression:evaluate:resolve_operator_type:resolve_expression_pair_type:resolve_common_type: enter
execute:execute_statement:execute_statement:execute_delete:matches_mutation_row:evaluate_query_expression:evaluate:resolve_operator_type:resolve_expression_pair_type:resolve_common_type: exit
execute:execute_statement:execute_statement:execute_delete:matches_mutation_row:evaluate_query_expression:evaluate:resolve_operator_type:resolve_expression_pair_type: exit
execute:execute_statement:execute_statement:execute_delete:matches_mutation_row:evaluate_query_expression:evaluate:resolve_operator_type: exit
execute:execute_statement:execute_statement:execute_delete:matches_mutation_row:evaluate_query_expression:evaluate:evaluate_and_coerce: enter
execute:execute_statement:execute_statement:execute_delete:matches_mutation_row:evaluate_query_expression:evaluate:evaluate_and_coerce:extract_unknown_string_literal: enter
execute:execute_statement:execute_statement:execute_delete:matches_mutation_row:evaluate_query_expression:evaluate:evaluate_and_coerce:extract_unknown_string_literal: exit
execute:execute_statement:execute_statement:execute_delete:matches_mutation_row:evaluate_query_expression:evaluate:evaluate_and_coerce:infer_expression_type: enter
execute:execute_statement:execute_statement:execute_delete:matches_mutation_row:evaluate_query_expression:evaluate:evaluate_and_coerce:infer_expression_type:extract_ast_value: enter
execute:execute_statement:execute_statement:execute_delete:matches_mutation_row:evaluate_query_expression:evaluate:evaluate_and_coerce:infer_expression_type:extract_ast_value: exit
execute:execute_statement:execute_statement:execute_delete:matches_mutation_row:evaluate_query_expression:evaluate:evaluate_and_coerce:infer_expression_type:resolve_column: enter
execute:execute_statement:execute_statement:execute_delete:matches_mutation_row:evaluate_query_expression:evaluate:evaluate_and_coerce:infer_expression_type:resolve_column:resolve_bound_column: enter
execute:execute_statement:execute_statement:execute_delete:matches_mutation_row:evaluate_query_expression:evaluate:evaluate_and_coerce:infer_expression_type:resolve_column:resolve_bound_column:matches_identifier: enter
execute:execute_statement:execute_statement:execute_delete:matches_mutation_row:evaluate_query_expression:evaluate:evaluate_and_coerce:infer_expression_type:resolve_column:resolve_bound_column:matches_identifier: exit
execute:execute_statement:execute_statement:execute_delete:matches_mutation_row:evaluate_query_expression:evaluate:evaluate_and_coerce:infer_expression_type:resolve_column:resolve_bound_column:matches_identifier: enter
execute:execute_statement:execute_statement:execute_delete:matches_mutation_row:evaluate_query_expression:evaluate:evaluate_and_coerce:infer_expression_type:resolve_column:resolve_bound_column:matches_identifier: exit
execute:execute_statement:execute_statement:execute_delete:matches_mutation_row:evaluate_query_expression:evaluate:evaluate_and_coerce:infer_expression_type:resolve_column:resolve_bound_column:matches_identifier: enter
execute:execute_statement:execute_statement:execute_delete:matches_mutation_row:evaluate_query_expression:evaluate:evaluate_and_coerce:infer_expression_type:resolve_column:resolve_bound_column:matches_identifier: exit
execute:execute_statement:execute_statement:execute_delete:matches_mutation_row:evaluate_query_expression:evaluate:evaluate_and_coerce:infer_expression_type:resolve_column:resolve_bound_column:matches_identifier: enter
execute:execute_statement:execute_statement:execute_delete:matches_mutation_row:evaluate_query_expression:evaluate:evaluate_and_coerce:infer_expression_type:resolve_column:resolve_bound_column:matches_identifier: exit
execute:execute_statement:execute_statement:execute_delete:matches_mutation_row:evaluate_query_expression:evaluate:evaluate_and_coerce:infer_expression_type:resolve_column:resolve_bound_column:matches_identifier: enter
execute:execute_statement:execute_statement:execute_delete:matches_mutation_row:evaluate_query_expression:evaluate:evaluate_and_coerce:infer_expression_type:resolve_column:resolve_bound_column:matches_identifier: exit
execute:execute_statement:execute_statement:execute_delete:matches_mutation_row:evaluate_query_expression:evaluate:evaluate_and_coerce:infer_expression_type:resolve_column:resolve_bound_column: exit
execute:execute_statement:execute_statement:execute_delete:matches_mutation_row:evaluate_query_expression:evaluate:evaluate_and_coerce:infer_expression_type:resolve_column: exit
execute:execute_statement:execute_statement:execute_delete:matches_mutation_row:evaluate_query_expression:evaluate:evaluate_and_coerce:infer_expression_type: exit
execute:execute_statement:execute_statement:execute_delete:matches_mutation_row:evaluate_query_expression:evaluate:evaluate_and_coerce:evaluate: enter
execute:execute_statement:execute_statement:execute_delete:matches_mutation_row:evaluate_query_expression:evaluate:evaluate_and_coerce:evaluate:resolve_column_value: enter
execute:execute_statement:execute_statement:execute_delete:matches_mutation_row:evaluate_query_expression:evaluate:evaluate_and_coerce:evaluate:resolve_column_value:resolve_bound_column: enter
execute:execute_statement:execute_statement:execute_delete:matches_mutation_row:evaluate_query_expression:evaluate:evaluate_and_coerce:evaluate:resolve_column_value:resolve_bound_column:matches_identifier: enter
execute:execute_statement:execute_statement:execute_delete:matches_mutation_row:evaluate_query_expression:evaluate:evaluate_and_coerce:evaluate:resolve_column_value:resolve_bound_column:matches_identifier: exit
execute:execute_statement:execute_statement:execute_delete:matches_mutation_row:evaluate_query_expression:evaluate:evaluate_and_coerce:evaluate:resolve_column_value:resolve_bound_column:matches_identifier: enter
execute:execute_statement:execute_statement:execute_delete:matches_mutation_row:evaluate_query_expression:evaluate:evaluate_and_coerce:evaluate:resolve_column_value:resolve_bound_column:matches_identifier: exit
execute:execute_statement:execute_statement:execute_delete:matches_mutation_row:evaluate_query_expression:evaluate:evaluate_and_coerce:evaluate:resolve_column_value:resolve_bound_column:matches_identifier: enter
execute:execute_statement:execute_statement:execute_delete:matches_mutation_row:evaluate_query_expression:evaluate:evaluate_and_coerce:evaluate:resolve_column_value:resolve_bound_column:matches_identifier: exit
execute:execute_statement:execute_statement:execute_delete:matches_mutation_row:evaluate_query_expression:evaluate:evaluate_and_coerce:evaluate:resolve_column_value:resolve_bound_column:matches_identifier: enter
execute:execute_statement:execute_statement:execute_delete:matches_mutation_row:evaluate_query_expression:evaluate:evaluate_and_coerce:evaluate:resolve_column_value:resolve_bound_column:matches_identifier: exit
execute:execute_statement:execute_statement:execute_delete:matches_mutation_row:evaluate_query_expression:evaluate:evaluate_and_coerce:evaluate:resolve_column_value:resolve_bound_column:matches_identifier: enter
execute:execute_statement:execute_statement:execute_delete:matches_mutation_row:evaluate_query_expression:evaluate:evaluate_and_coerce:evaluate:resolve_column_value:resolve_bound_column:matches_identifier: exit
execute:execute_statement:execute_statement:execute_delete:matches_mutation_row:evaluate_query_expression:evaluate:evaluate_and_coerce:evaluate:resolve_column_value:resolve_bound_column: exit
execute:execute_statement:execute_statement:execute_delete:matches_mutation_row:evaluate_query_expression:evaluate:evaluate_and_coerce:evaluate:resolve_column_value: exit
execute:execute_statement:execute_statement:execute_delete:matches_mutation_row:evaluate_query_expression:evaluate:evaluate_and_coerce:evaluate: exit
execute:execute_statement:execute_statement:execute_delete:matches_mutation_row:evaluate_query_expression:evaluate:evaluate_and_coerce:create: enter
execute:execute_statement:execute_statement:execute_delete:matches_mutation_row:evaluate_query_expression:evaluate:evaluate_and_coerce:create: exit
execute:execute_statement:execute_statement:execute_delete:matches_mutation_row:evaluate_query_expression:evaluate:evaluate_and_coerce:coerce: enter
execute:execute_statement:execute_statement:execute_delete:matches_mutation_row:evaluate_query_expression:evaluate:evaluate_and_coerce:coerce:is_null: enter
execute:execute_statement:execute_statement:execute_delete:matches_mutation_row:evaluate_query_expression:evaluate:evaluate_and_coerce:coerce:is_null: exit
execute:execute_statement:execute_statement:execute_delete:matches_mutation_row:evaluate_query_expression:evaluate:evaluate_and_coerce:coerce:can_cast: enter
execute:execute_statement:execute_statement:execute_delete:matches_mutation_row:evaluate_query_expression:evaluate:evaluate_and_coerce:coerce:can_cast:resolve_required_cast_context: enter
execute:execute_statement:execute_statement:execute_delete:matches_mutation_row:evaluate_query_expression:evaluate:evaluate_and_coerce:coerce:can_cast:resolve_required_cast_context: exit
execute:execute_statement:execute_statement:execute_delete:matches_mutation_row:evaluate_query_expression:evaluate:evaluate_and_coerce:coerce:can_cast: exit
execute:execute_statement:execute_statement:execute_delete:matches_mutation_row:evaluate_query_expression:evaluate:evaluate_and_coerce:coerce:apply_typmod: enter
execute:execute_statement:execute_statement:execute_delete:matches_mutation_row:evaluate_query_expression:evaluate:evaluate_and_coerce:coerce:apply_typmod: exit
execute:execute_statement:execute_statement:execute_delete:matches_mutation_row:evaluate_query_expression:evaluate:evaluate_and_coerce:coerce: exit
execute:execute_statement:execute_statement:execute_delete:matches_mutation_row:evaluate_query_expression:evaluate:evaluate_and_coerce: exit
execute:execute_statement:execute_statement:execute_delete:matches_mutation_row:evaluate_query_expression:evaluate:evaluate_and_coerce: enter
execute:execute_statement:execute_statement:execute_delete:matches_mutation_row:evaluate_query_expression:evaluate:evaluate_and_coerce:extract_unknown_string_literal: enter
execute:execute_statement:execute_statement:execute_delete:matches_mutation_row:evaluate_query_expression:evaluate:evaluate_and_coerce:extract_unknown_string_literal: exit
execute:execute_statement:execute_statement:execute_delete:matches_mutation_row:evaluate_query_expression:evaluate:evaluate_and_coerce:infer_expression_type: enter
execute:execute_statement:execute_statement:execute_delete:matches_mutation_row:evaluate_query_expression:evaluate:evaluate_and_coerce:infer_expression_type:extract_ast_value: enter
execute:execute_statement:execute_statement:execute_delete:matches_mutation_row:evaluate_query_expression:evaluate:evaluate_and_coerce:infer_expression_type:extract_ast_value: exit
execute:execute_statement:execute_statement:execute_delete:matches_mutation_row:evaluate_query_expression:evaluate:evaluate_and_coerce:infer_expression_type:parse_integer_literal: enter
execute:execute_statement:execute_statement:execute_delete:matches_mutation_row:evaluate_query_expression:evaluate:evaluate_and_coerce:infer_expression_type:parse_integer_literal: exit
execute:execute_statement:execute_statement:execute_delete:matches_mutation_row:evaluate_query_expression:evaluate:evaluate_and_coerce:infer_expression_type:get_base_type: enter
execute:execute_statement:execute_statement:execute_delete:matches_mutation_row:evaluate_query_expression:evaluate:evaluate_and_coerce:infer_expression_type:get_base_type: exit
execute:execute_statement:execute_statement:execute_delete:matches_mutation_row:evaluate_query_expression:evaluate:evaluate_and_coerce:infer_expression_type: exit
execute:execute_statement:execute_statement:execute_delete:matches_mutation_row:evaluate_query_expression:evaluate:evaluate_and_coerce:evaluate: enter
execute:execute_statement:execute_statement:execute_delete:matches_mutation_row:evaluate_query_expression:evaluate:evaluate_and_coerce:evaluate:evaluate_literal: enter
execute:execute_statement:execute_statement:execute_delete:matches_mutation_row:evaluate_query_expression:evaluate:evaluate_and_coerce:evaluate:evaluate_literal:extract_ast_value: enter
execute:execute_statement:execute_statement:execute_delete:matches_mutation_row:evaluate_query_expression:evaluate:evaluate_and_coerce:evaluate:evaluate_literal:extract_ast_value: exit
execute:execute_statement:execute_statement:execute_delete:matches_mutation_row:evaluate_query_expression:evaluate:evaluate_and_coerce:evaluate:evaluate_literal:parse_integer_literal: enter
execute:execute_statement:execute_statement:execute_delete:matches_mutation_row:evaluate_query_expression:evaluate:evaluate_and_coerce:evaluate:evaluate_literal:parse_integer_literal: exit
execute:execute_statement:execute_statement:execute_delete:matches_mutation_row:evaluate_query_expression:evaluate:evaluate_and_coerce:evaluate:evaluate_literal: exit
execute:execute_statement:execute_statement:execute_delete:matches_mutation_row:evaluate_query_expression:evaluate:evaluate_and_coerce:evaluate: exit
execute:execute_statement:execute_statement:execute_delete:matches_mutation_row:evaluate_query_expression:evaluate:evaluate_and_coerce:create: enter
execute:execute_statement:execute_statement:execute_delete:matches_mutation_row:evaluate_query_expression:evaluate:evaluate_and_coerce:create: exit
execute:execute_statement:execute_statement:execute_delete:matches_mutation_row:evaluate_query_expression:evaluate:evaluate_and_coerce:coerce: enter
execute:execute_statement:execute_statement:execute_delete:matches_mutation_row:evaluate_query_expression:evaluate:evaluate_and_coerce:coerce:is_null: enter
execute:execute_statement:execute_statement:execute_delete:matches_mutation_row:evaluate_query_expression:evaluate:evaluate_and_coerce:coerce:is_null: exit
execute:execute_statement:execute_statement:execute_delete:matches_mutation_row:evaluate_query_expression:evaluate:evaluate_and_coerce:coerce:can_cast: enter
execute:execute_statement:execute_statement:execute_delete:matches_mutation_row:evaluate_query_expression:evaluate:evaluate_and_coerce:coerce:can_cast:resolve_required_cast_context: enter
execute:execute_statement:execute_statement:execute_delete:matches_mutation_row:evaluate_query_expression:evaluate:evaluate_and_coerce:coerce:can_cast:resolve_required_cast_context: exit
execute:execute_statement:execute_statement:execute_delete:matches_mutation_row:evaluate_query_expression:evaluate:evaluate_and_coerce:coerce:can_cast: exit
execute:execute_statement:execute_statement:execute_delete:matches_mutation_row:evaluate_query_expression:evaluate:evaluate_and_coerce:coerce:apply_typmod: enter
execute:execute_statement:execute_statement:execute_delete:matches_mutation_row:evaluate_query_expression:evaluate:evaluate_and_coerce:coerce:apply_typmod: exit
execute:execute_statement:execute_statement:execute_delete:matches_mutation_row:evaluate_query_expression:evaluate:evaluate_and_coerce:coerce: exit
execute:execute_statement:execute_statement:execute_delete:matches_mutation_row:evaluate_query_expression:evaluate:evaluate_and_coerce: exit
execute:execute_statement:execute_statement:execute_delete:matches_mutation_row:evaluate_query_expression:evaluate:is_null: enter
execute:execute_statement:execute_statement:execute_delete:matches_mutation_row:evaluate_query_expression:evaluate:is_null: exit
execute:execute_statement:execute_statement:execute_delete:matches_mutation_row:evaluate_query_expression:evaluate:is_null: enter
execute:execute_statement:execute_statement:execute_delete:matches_mutation_row:evaluate_query_expression:evaluate:is_null: exit
execute:execute_statement:execute_statement:execute_delete:matches_mutation_row:evaluate_query_expression:evaluate:evaluate_comparison: enter
execute:execute_statement:execute_statement:execute_delete:matches_mutation_row:evaluate_query_expression:evaluate:evaluate_comparison:compare_values: enter
execute:execute_statement:execute_statement:execute_delete:matches_mutation_row:evaluate_query_expression:evaluate:evaluate_comparison:compare_values: exit
execute:execute_statement:execute_statement:execute_delete:matches_mutation_row:evaluate_query_expression:evaluate:evaluate_comparison: exit
execute:execute_statement:execute_statement:execute_delete:matches_mutation_row:evaluate_query_expression:evaluate: exit
execute:execute_statement:execute_statement:execute_delete:matches_mutation_row:evaluate_query_expression: exit
execute:execute_statement:execute_statement:execute_delete:matches_mutation_row: exit
execute:execute_statement:execute_statement:execute_delete:apply_referencing_foreign_key_actions: enter
execute:execute_statement:execute_statement:execute_delete:apply_referencing_foreign_key_actions:include_current_command: enter
execute:execute_statement:execute_statement:execute_delete:apply_referencing_foreign_key_actions:include_current_command: exit
execute:execute_statement:execute_statement:execute_delete:apply_referencing_foreign_key_actions:iterate_tables: enter
execute:execute_statement:execute_statement:execute_delete:apply_referencing_foreign_key_actions:iterate_tables: exit
execute:execute_statement:execute_statement:execute_delete:apply_referencing_foreign_key_actions: exit
execute:execute_statement:execute_statement:execute_delete:mark_version_deleted: enter
execute:execute_statement:execute_statement:execute_delete:mark_version_deleted: exit
execute:execute_statement:execute_statement:execute_delete:evaluate_returning_row: enter
execute:execute_statement:execute_statement:execute_delete:evaluate_returning_row: exit
execute:execute_statement:execute_statement:execute_delete:create_write_result: enter
execute:execute_statement:execute_statement:execute_delete:create_write_result: exit
execute:execute_statement:execute_statement:execute_delete: exit
execute:execute_statement:execute_statement: exit
execute:execute_statement:contains_deferred_foreign_keys: enter
execute:execute_statement:contains_deferred_foreign_keys:iterate_tables: enter
execute:execute_statement:contains_deferred_foreign_keys:iterate_tables: exit
execute:execute_statement:contains_deferred_foreign_keys: exit
execute:execute_statement: exit
execute:is_transaction_implicit_batch: enter
execute:is_transaction_implicit_batch: exit
execute:commit_transaction: enter
execute:commit_transaction:commit: enter
execute:commit_transaction:commit:get_status: enter
execute:commit_transaction:commit:get_status: exit
execute:commit_transaction:commit: exit
execute:commit_transaction:commit_transaction_versions: enter
execute:commit_transaction:commit_transaction_versions: exit
execute:commit_transaction:commit_transaction_versions: enter
execute:commit_transaction:commit_transaction_versions: exit
execute:commit_transaction:commit_transaction_versions: enter
execute:commit_transaction:commit_transaction_versions: exit
execute:commit_transaction:prune_database_versions: enter
execute:commit_transaction:prune_database_versions:find_reclamation_horizon: enter
execute:commit_transaction:prune_database_versions:find_reclamation_horizon: exit
execute:commit_transaction:prune_database_versions:prune_versions: enter
execute:commit_transaction:prune_database_versions:prune_versions:get_status: enter
execute:commit_transaction:prune_database_versions:prune_versions:get_status: exit
execute:commit_transaction:prune_database_versions:prune_versions:build_row_index_key: enter
execute:commit_transaction:prune_database_versions:prune_versions:build_row_index_key:build_index_key: enter
execute:commit_transaction:prune_database_versions:prune_versions:build_row_index_key:build_index_key:normalize_index_value: enter
execute:commit_transaction:prune_database_versions:prune_versions:build_row_index_key:build_index_key:normalize_index_value: exit
execute:commit_transaction:prune_database_versions:prune_versions:build_row_index_key:build_index_key: exit
execute:commit_transaction:prune_database_versions:prune_versions:build_row_index_key: exit
execute:commit_transaction:prune_database_versions:prune_versions: exit
execute:commit_transaction:prune_database_versions:prune_versions: enter
execute:commit_transaction:prune_database_versions:prune_versions: exit
execute:commit_transaction:prune_database_versions:prune_versions: enter
execute:commit_transaction:prune_database_versions:prune_versions: exit
execute:commit_transaction:prune_database_versions: exit
execute:commit_transaction:release_transaction_locks: enter
execute:commit_transaction:release_transaction_locks: exit
execute:commit_transaction:remove_transaction: enter
execute:commit_transaction:remove_transaction: exit
execute:commit_transaction: exit
execute: exit
