TRACE QUERY START query_case="select_filter" sql="SELECT id, name FROM users WHERE active = true"
execute: enter
execute:try_execute_set_constraints: enter
execute:try_execute_set_constraints: exit
execute:parse: enter
execute:parse: exit
execute:start_transaction: enter
execute:start_transaction:begin: enter
execute:start_transaction:begin: exit
execute:start_transaction:read_clock: enter
execute:start_transaction:read_clock: exit
execute:start_transaction: exit
execute:execute_statement: enter
execute:execute_statement:create: enter
execute:execute_statement:create: exit
execute:execute_statement:use_command: enter
execute:execute_statement:use_command: exit
execute:execute_statement:read_clock: enter
execute:execute_statement:read_clock: exit
execute:execute_statement:read_clock: enter
execute:execute_statement:read_clock: exit
execute:execute_statement:create: enter
execute:execute_statement:create:iterate_sequences: enter
execute:execute_statement:create:iterate_sequences: exit
execute:execute_statement:create:iterate_tables: enter
execute:execute_statement:create:iterate_tables: exit
execute:execute_statement:create: exit
execute:execute_statement:contains_dml: enter
execute:execute_statement:contains_dml: exit
execute:execute_statement:acquire_row_locks: enter
execute:execute_statement:acquire_row_locks:collect_required_cte_row_locks: enter
execute:execute_statement:acquire_row_locks:collect_required_cte_row_locks:has_zero_limit: enter
execute:execute_statement:acquire_row_locks:collect_required_cte_row_locks:has_zero_limit: exit
execute:execute_statement:acquire_row_locks:collect_required_cte_row_locks:collect_reachable_cte_names: enter
execute:execute_statement:acquire_row_locks:collect_required_cte_row_locks:collect_reachable_cte_names: exit
execute:execute_statement:acquire_row_locks:collect_required_cte_row_locks: exit
execute:execute_statement:acquire_row_locks:clear_wait: enter
execute:execute_statement:acquire_row_locks:clear_wait: exit
execute:execute_statement:acquire_row_locks: exit
execute:execute_statement:materialize_ctes: enter
execute:execute_statement:materialize_ctes:materialize_query_ctes: enter
execute:execute_statement:materialize_ctes:materialize_query_ctes:pre_visit_table_factor: enter
execute:execute_statement:materialize_ctes:materialize_query_ctes:pre_visit_table_factor: exit
execute:execute_statement:materialize_ctes:materialize_query_ctes: exit
execute:execute_statement:materialize_ctes:convert_query_to_statement: enter
execute:execute_statement:materialize_ctes:convert_query_to_statement: exit
execute:execute_statement:materialize_ctes: exit
execute:execute_statement:materialize_uncorrelated_subqueries: enter
execute:execute_statement:materialize_uncorrelated_subqueries:materialize_subqueries: enter
execute:execute_statement:materialize_uncorrelated_subqueries:materialize_subqueries:pre_visit_query: enter
execute:execute_statement:materialize_uncorrelated_subqueries:materialize_subqueries:pre_visit_query:bind_query_scope: enter
execute:execute_statement:materialize_uncorrelated_subqueries:materialize_subqueries:pre_visit_query:bind_query_scope:bind_from_scope: enter
execute:execute_statement:materialize_uncorrelated_subqueries:materialize_subqueries:pre_visit_query:bind_query_scope:bind_from_scope:bind_table_with_joins: enter
execute:execute_statement:materialize_uncorrelated_subqueries:materialize_subqueries:pre_visit_query:bind_query_scope:bind_from_scope:bind_table_with_joins:bind_table_factor: enter
execute:execute_statement:materialize_uncorrelated_subqueries:materialize_subqueries:pre_visit_query:bind_query_scope:bind_from_scope:bind_table_with_joins:bind_table_factor:normalize_unqualified_object_name: enter
execute:execute_statement:materialize_uncorrelated_subqueries:materialize_subqueries:pre_visit_query:bind_query_scope:bind_from_scope:bind_table_with_joins:bind_table_factor:normalize_unqualified_object_name:normalize_identifier: enter
execute:execute_statement:materialize_uncorrelated_subqueries:materialize_subqueries:pre_visit_query:bind_query_scope:bind_from_scope:bind_table_with_joins:bind_table_factor:normalize_unqualified_object_name:normalize_identifier: exit
execute:execute_statement:materialize_uncorrelated_subqueries:materialize_subqueries:pre_visit_query:bind_query_scope:bind_from_scope:bind_table_with_joins:bind_table_factor:normalize_unqualified_object_name: exit
execute:execute_statement:materialize_uncorrelated_subqueries:materialize_subqueries:pre_visit_query:bind_query_scope:bind_from_scope:bind_table_with_joins:bind_table_factor:require_table: enter
execute:execute_statement:materialize_uncorrelated_subqueries:materialize_subqueries:pre_visit_query:bind_query_scope:bind_from_scope:bind_table_with_joins:bind_table_factor:require_table: exit
execute:execute_statement:materialize_uncorrelated_subqueries:materialize_subqueries:pre_visit_query:bind_query_scope:bind_from_scope:bind_table_with_joins:bind_table_factor:bind_table: enter
execute:execute_statement:materialize_uncorrelated_subqueries:materialize_subqueries:pre_visit_query:bind_query_scope:bind_from_scope:bind_table_with_joins:bind_table_factor:bind_table:bind_target_scope: enter
execute:execute_statement:materialize_uncorrelated_subqueries:materialize_subqueries:pre_visit_query:bind_query_scope:bind_from_scope:bind_table_with_joins:bind_table_factor:bind_table:bind_target_scope: exit
execute:execute_statement:materialize_uncorrelated_subqueries:materialize_subqueries:pre_visit_query:bind_query_scope:bind_from_scope:bind_table_with_joins:bind_table_factor:bind_table: exit
execute:execute_statement:materialize_uncorrelated_subqueries:materialize_subqueries:pre_visit_query:bind_query_scope:bind_from_scope:bind_table_with_joins:bind_table_factor: exit
execute:execute_statement:materialize_uncorrelated_subqueries:materialize_subqueries:pre_visit_query:bind_query_scope:bind_from_scope:bind_table_with_joins: exit
execute:execute_statement:materialize_uncorrelated_subqueries:materialize_subqueries:pre_visit_query:bind_query_scope:bind_from_scope: exit
execute:execute_statement:materialize_uncorrelated_subqueries:materialize_subqueries:pre_visit_query:bind_query_scope: exit
execute:execute_statement:materialize_uncorrelated_subqueries:materialize_subqueries:pre_visit_query: exit
execute:execute_statement:materialize_uncorrelated_subqueries:materialize_subqueries:pre_visit_expr: enter
execute:execute_statement:materialize_uncorrelated_subqueries:materialize_subqueries:pre_visit_expr: exit
execute:execute_statement:materialize_uncorrelated_subqueries:materialize_subqueries:pre_visit_expr: enter
execute:execute_statement:materialize_uncorrelated_subqueries:materialize_subqueries:pre_visit_expr: exit
execute:execute_statement:materialize_uncorrelated_subqueries:materialize_subqueries:pre_visit_expr: enter
execute:execute_statement:materialize_uncorrelated_subqueries:materialize_subqueries:pre_visit_expr: exit
execute:execute_statement:materialize_uncorrelated_subqueries:materialize_subqueries:pre_visit_expr: enter
execute:execute_statement:materialize_uncorrelated_subqueries:materialize_subqueries:pre_visit_expr: exit
execute:execute_statement:materialize_uncorrelated_subqueries:materialize_subqueries:pre_visit_expr: enter
execute:execute_statement:materialize_uncorrelated_subqueries:materialize_subqueries:pre_visit_expr: exit
execute:execute_statement:materialize_uncorrelated_subqueries:materialize_subqueries:post_visit_query: enter
execute:execute_statement:materialize_uncorrelated_subqueries:materialize_subqueries:post_visit_query: exit
execute:execute_statement:materialize_uncorrelated_subqueries:materialize_subqueries: exit
execute:execute_statement:materialize_uncorrelated_subqueries: exit
execute:execute_statement:classify: enter
execute:execute_statement:classify: exit
execute:execute_statement:acquire_row_locks: enter
execute:execute_statement:acquire_row_locks:collect_required_row_locks: enter
execute:execute_statement:acquire_row_locks:collect_required_row_locks:resolve_select_lock_mode: enter
execute:execute_statement:acquire_row_locks:collect_required_row_locks:resolve_select_lock_mode: exit
execute:execute_statement:acquire_row_locks:collect_required_row_locks: exit
execute:execute_statement:acquire_row_locks:clear_wait: enter
execute:execute_statement:acquire_row_locks:clear_wait: exit
execute:execute_statement:acquire_row_locks: exit
execute:execute_statement:execute_statement: enter
execute:execute_statement:execute_statement:execute_query: enter
execute:execute_statement:execute_statement:execute_query:resolve_select_lock_mode: enter
execute:execute_statement:execute_statement:execute_query:resolve_select_lock_mode: exit
execute:execute_statement:execute_statement:execute_query:bind_select_scope: enter
execute:execute_statement:execute_statement:execute_query:bind_select_scope:bind_query_scope: enter
execute:execute_statement:execute_statement:execute_query:bind_select_scope:bind_query_scope:bind_from_scope: enter
execute:execute_statement:execute_statement:execute_query:bind_select_scope:bind_query_scope:bind_from_scope:bind_table_with_joins: enter
execute:execute_statement:execute_statement:execute_query:bind_select_scope:bind_query_scope:bind_from_scope:bind_table_with_joins:bind_table_factor: enter
execute:execute_statement:execute_statement:execute_query:bind_select_scope:bind_query_scope:bind_from_scope:bind_table_with_joins:bind_table_factor:normalize_unqualified_object_name: enter
execute:execute_statement:execute_statement:execute_query:bind_select_scope:bind_query_scope:bind_from_scope:bind_table_with_joins:bind_table_factor:normalize_unqualified_object_name:normalize_identifier: enter
execute:execute_statement:execute_statement:execute_query:bind_select_scope:bind_query_scope:bind_from_scope:bind_table_with_joins:bind_table_factor:normalize_unqualified_object_name:normalize_identifier: exit
execute:execute_statement:execute_statement:execute_query:bind_select_scope:bind_query_scope:bind_from_scope:bind_table_with_joins:bind_table_factor:normalize_unqualified_object_name: exit
execute:execute_statement:execute_statement:execute_query:bind_select_scope:bind_query_scope:bind_from_scope:bind_table_with_joins:bind_table_factor:require_table: enter
execute:execute_statement:execute_statement:execute_query:bind_select_scope:bind_query_scope:bind_from_scope:bind_table_with_joins:bind_table_factor:require_table: exit
execute:execute_statement:execute_statement:execute_query:bind_select_scope:bind_query_scope:bind_from_scope:bind_table_with_joins:bind_table_factor:bind_table: enter
execute:execute_statement:execute_statement:execute_query:bind_select_scope:bind_query_scope:bind_from_scope:bind_table_with_joins:bind_table_factor:bind_table:bind_target_scope: enter
execute:execute_statement:execute_statement:execute_query:bind_select_scope:bind_query_scope:bind_from_scope:bind_table_with_joins:bind_table_factor:bind_table:bind_target_scope: exit
execute:execute_statement:execute_statement:execute_query:bind_select_scope:bind_query_scope:bind_from_scope:bind_table_with_joins:bind_table_factor:bind_table: exit
execute:execute_statement:execute_statement:execute_query:bind_select_scope:bind_query_scope:bind_from_scope:bind_table_with_joins:bind_table_factor: exit
execute:execute_statement:execute_statement:execute_query:bind_select_scope:bind_query_scope:bind_from_scope:bind_table_with_joins: exit
execute:execute_statement:execute_statement:execute_query:bind_select_scope:bind_query_scope:bind_from_scope: exit
execute:execute_statement:execute_statement:execute_query:bind_select_scope:bind_query_scope: exit
execute:execute_statement:execute_statement:execute_query:bind_select_scope: exit
execute:execute_statement:execute_statement:execute_query:inspect_aggregate_usage: enter
execute:execute_statement:execute_statement:execute_query:inspect_aggregate_usage:substitute_typed_subqueries: enter
execute:execute_statement:execute_statement:execute_query:inspect_aggregate_usage:substitute_typed_subqueries:pre_visit_expr: enter
execute:execute_statement:execute_statement:execute_query:inspect_aggregate_usage:substitute_typed_subqueries:pre_visit_expr: exit
execute:execute_statement:execute_statement:execute_query:inspect_aggregate_usage:substitute_typed_subqueries:pre_visit_expr: enter
execute:execute_statement:execute_statement:execute_query:inspect_aggregate_usage:substitute_typed_subqueries:pre_visit_expr: exit
execute:execute_statement:execute_statement:execute_query:inspect_aggregate_usage:substitute_typed_subqueries:pre_visit_expr: enter
execute:execute_statement:execute_statement:execute_query:inspect_aggregate_usage:substitute_typed_subqueries:pre_visit_expr: exit
execute:execute_statement:execute_statement:execute_query:inspect_aggregate_usage:substitute_typed_subqueries: exit
execute:execute_statement:execute_statement:execute_query:inspect_aggregate_usage:pre_visit_expr: enter
execute:execute_statement:execute_statement:execute_query:inspect_aggregate_usage:pre_visit_expr: exit
execute:execute_statement:execute_statement:execute_query:inspect_aggregate_usage:pre_visit_expr: enter
execute:execute_statement:execute_statement:execute_query:inspect_aggregate_usage:pre_visit_expr: exit
execute:execute_statement:execute_statement:execute_query:inspect_aggregate_usage:post_visit_expr: enter
execute:execute_statement:execute_statement:execute_query:inspect_aggregate_usage:post_visit_expr: exit
execute:execute_statement:execute_statement:execute_query:inspect_aggregate_usage:pre_visit_expr: enter
execute:execute_statement:execute_statement:execute_query:inspect_aggregate_usage:pre_visit_expr: exit
execute:execute_statement:execute_statement:execute_query:inspect_aggregate_usage:post_visit_expr: enter
execute:execute_statement:execute_statement:execute_query:inspect_aggregate_usage:post_visit_expr: exit
execute:execute_statement:execute_statement:execute_query:inspect_aggregate_usage:post_visit_expr: enter
execute:execute_statement:execute_statement:execute_query:inspect_aggregate_usage:post_visit_expr: exit
execute:execute_statement:execute_statement:execute_query:inspect_aggregate_usage: exit
execute:execute_statement:execute_statement:execute_query:resolve_select_limit: enter
execute:execute_statement:execute_statement:execute_query:resolve_select_limit: exit
execute:execute_statement:execute_statement:execute_query:validate_select_predicates: enter
execute:execute_statement:execute_statement:execute_query:validate_select_predicates:infer_query_expression_type: enter
execute:execute_statement:execute_statement:execute_query:validate_select_predicates:infer_query_expression_type:infer_expression_data_type: enter
execute:execute_statement:execute_statement:execute_query:validate_select_predicates:infer_query_expression_type:infer_expression_data_type:pre_visit_expr: enter
execute:execute_statement:execute_statement:execute_query:validate_select_predicates:infer_query_expression_type:infer_expression_data_type:pre_visit_expr: exit
execute:execute_statement:execute_statement:execute_query:validate_select_predicates:infer_query_expression_type:infer_expression_data_type:pre_visit_expr: enter
execute:execute_statement:execute_statement:execute_query:validate_select_predicates:infer_query_expression_type:infer_expression_data_type:pre_visit_expr: exit
execute:execute_statement:execute_statement:execute_query:validate_select_predicates:infer_query_expression_type:infer_expression_data_type:pre_visit_expr: enter
execute:execute_statement:execute_statement:execute_query:validate_select_predicates:infer_query_expression_type:infer_expression_data_type:pre_visit_expr: exit
execute:execute_statement:execute_statement:execute_query:validate_select_predicates:infer_query_expression_type:infer_expression_data_type:infer_expression_data_type: enter
execute:execute_statement:execute_statement:execute_query:validate_select_predicates:infer_query_expression_type:infer_expression_data_type:infer_expression_data_type:infer_expression_type: enter
execute:execute_statement:execute_statement:execute_query:validate_select_predicates:infer_query_expression_type:infer_expression_data_type:infer_expression_data_type:infer_expression_type:extract_ast_value: enter
execute:execute_statement:execute_statement:execute_query:validate_select_predicates:infer_query_expression_type:infer_expression_data_type:infer_expression_data_type:infer_expression_type:extract_ast_value: exit
execute:execute_statement:execute_statement:execute_query:validate_select_predicates:infer_query_expression_type:infer_expression_data_type:infer_expression_data_type:infer_expression_type:resolve_operator_type: enter
execute:execute_statement:execute_statement:execute_query:validate_select_predicates:infer_query_expression_type:infer_expression_data_type:infer_expression_data_type:infer_expression_type:resolve_operator_type:is_parameter_placeholder: enter
execute:execute_statement:execute_statement:execute_query:validate_select_predicates:infer_query_expression_type:infer_expression_data_type:infer_expression_data_type:infer_expression_type:resolve_operator_type:is_parameter_placeholder:extract_ast_value: enter
execute:execute_statement:execute_statement:execute_query:validate_select_predicates:infer_query_expression_type:infer_expression_data_type:infer_expression_data_type:infer_expression_type:resolve_operator_type:is_parameter_placeholder:extract_ast_value: exit
execute:execute_statement:execute_statement:execute_query:validate_select_predicates:infer_query_expression_type:infer_expression_data_type:infer_expression_data_type:infer_expression_type:resolve_operator_type:is_parameter_placeholder: exit
execute:execute_statement:execute_statement:execute_query:validate_select_predicates:infer_query_expression_type:infer_expression_data_type:infer_expression_data_type:infer_expression_type:resolve_operator_type:is_parameter_placeholder: enter
execute:execute_statement:execute_statement:execute_query:validate_select_predicates:infer_query_expression_type:infer_expression_data_type:infer_expression_data_type:infer_expression_type:resolve_operator_type:is_parameter_placeholder:extract_ast_value: enter
execute:execute_statement:execute_statement:execute_query:validate_select_predicates:infer_query_expression_type:infer_expression_data_type:infer_expression_data_type:infer_expression_type:resolve_operator_type:is_parameter_placeholder:extract_ast_value: exit
execute:execute_statement:execute_statement:execute_query:validate_select_predicates:infer_query_expression_type:infer_expression_data_type:infer_expression_data_type:infer_expression_type:resolve_operator_type:is_parameter_placeholder: exit
execute:execute_statement:execute_statement:execute_query:validate_select_predicates:infer_query_expression_type:infer_expression_data_type:infer_expression_data_type:infer_expression_type:resolve_operator_type:infer_expression_type: enter
execute:execute_statement:execute_statement:execute_query:validate_select_predicates:infer_query_expression_type:infer_expression_data_type:infer_expression_data_type:infer_expression_type:resolve_operator_type:infer_expression_type:extract_ast_value: enter
execute:execute_statement:execute_statement:execute_query:validate_select_predicates:infer_query_expression_type:infer_expression_data_type:infer_expression_data_type:infer_expression_type:resolve_operator_type:infer_expression_type:extract_ast_value: exit
execute:execute_statement:execute_statement:execute_query:validate_select_predicates:infer_query_expression_type:infer_expression_data_type:infer_expression_data_type:infer_expression_type:resolve_operator_type:infer_expression_type:resolve_column: enter
execute:execute_statement:execute_statement:execute_query:validate_select_predicates:infer_query_expression_type:infer_expression_data_type:infer_expression_data_type:infer_expression_type:resolve_operator_type:infer_expression_type:resolve_column:resolve_bound_column: enter
execute:execute_statement:execute_statement:execute_query:validate_select_predicates:infer_query_expression_type:infer_expression_data_type:infer_expression_data_type:infer_expression_type:resolve_operator_type:infer_expression_type:resolve_column:resolve_bound_column:matches_identifier: enter
execute:execute_statement:execute_statement:execute_query:validate_select_predicates:infer_query_expression_type:infer_expression_data_type:infer_expression_data_type:infer_expression_type:resolve_operator_type:infer_expression_type:resolve_column:resolve_bound_column:matches_identifier: exit
execute:execute_statement:execute_statement:execute_query:validate_select_predicates:infer_query_expression_type:infer_expression_data_type:infer_expression_data_type:infer_expression_type:resolve_operator_type:infer_expression_type:resolve_column:resolve_bound_column:matches_identifier: enter
execute:execute_statement:execute_statement:execute_query:validate_select_predicates:infer_query_expression_type:infer_expression_data_type:infer_expression_data_type:infer_expression_type:resolve_operator_type:infer_expression_type:resolve_column:resolve_bound_column:matches_identifier: exit
execute:execute_statement:execute_statement:execute_query:validate_select_predicates:infer_query_expression_type:infer_expression_data_type:infer_expression_data_type:infer_expression_type:resolve_operator_type:infer_expression_type:resolve_column:resolve_bound_column:matches_identifier: enter
execute:execute_statement:execute_statement:execute_query:validate_select_predicates:infer_query_expression_type:infer_expression_data_type:infer_expression_data_type:infer_expression_type:resolve_operator_type:infer_expression_type:resolve_column:resolve_bound_column:matches_identifier: exit
execute:execute_statement:execute_statement:execute_query:validate_select_predicates:infer_query_expression_type:infer_expression_data_type:infer_expression_data_type:infer_expression_type:resolve_operator_type:infer_expression_type:resolve_column:resolve_bound_column:matches_identifier: enter
execute:execute_statement:execute_statement:execute_query:validate_select_predicates:infer_query_expression_type:infer_expression_data_type:infer_expression_data_type:infer_expression_type:resolve_operator_type:infer_expression_type:resolve_column:resolve_bound_column:matches_identifier: exit
execute:execute_statement:execute_statement:execute_query:validate_select_predicates:infer_query_expression_type:infer_expression_data_type:infer_expression_data_type:infer_expression_type:resolve_operator_type:infer_expression_type:resolve_column:resolve_bound_column:matches_identifier: enter
execute:execute_statement:execute_statement:execute_query:validate_select_predicates:infer_query_expression_type:infer_expression_data_type:infer_expression_data_type:infer_expression_type:resolve_operator_type:infer_expression_type:resolve_column:resolve_bound_column:matches_identifier: exit
execute:execute_statement:execute_statement:execute_query:validate_select_predicates:infer_query_expression_type:infer_expression_data_type:infer_expression_data_type:infer_expression_type:resolve_operator_type:infer_expression_type:resolve_column:resolve_bound_column: exit
execute:execute_statement:execute_statement:execute_query:validate_select_predicates:infer_query_expression_type:infer_expression_data_type:infer_expression_data_type:infer_expression_type:resolve_operator_type:infer_expression_type:resolve_column: exit
execute:execute_statement:execute_statement:execute_query:validate_select_predicates:infer_query_expression_type:infer_expression_data_type:infer_expression_data_type:infer_expression_type:resolve_operator_type:infer_expression_type: exit
execute:execute_statement:execute_statement:execute_query:validate_select_predicates:infer_query_expression_type:infer_expression_data_type:infer_expression_data_type:infer_expression_type:resolve_operator_type:infer_expression_type: enter
execute:execute_statement:execute_statement:execute_query:validate_select_predicates:infer_query_expression_type:infer_expression_data_type:infer_expression_data_type:infer_expression_type:resolve_operator_type:infer_expression_type:extract_ast_value: enter
execute:execute_statement:execute_statement:execute_query:validate_select_predicates:infer_query_expression_type:infer_expression_data_type:infer_expression_data_type:infer_expression_type:resolve_operator_type:infer_expression_type:extract_ast_value: exit
execute:execute_statement:execute_statement:execute_query:validate_select_predicates:infer_query_expression_type:infer_expression_data_type:infer_expression_data_type:infer_expression_type:resolve_operator_type:infer_expression_type: exit
execute:execute_statement:execute_statement:execute_query:validate_select_predicates:infer_query_expression_type:infer_expression_data_type:infer_expression_data_type:infer_expression_type:resolve_operator_type:resolve_expression_pair_type: enter
execute:execute_statement:execute_statement:execute_query:validate_select_predicates:infer_query_expression_type:infer_expression_data_type:infer_expression_data_type:infer_expression_type:resolve_operator_type:resolve_expression_pair_type:is_null_literal: enter
execute:execute_statement:execute_statement:execute_query:validate_select_predicates:infer_query_expression_type:infer_expression_data_type:infer_expression_data_type:infer_expression_type:resolve_operator_type:resolve_expression_pair_type:is_null_literal: exit
execute:execute_statement:execute_statement:execute_query:validate_select_predicates:infer_query_expression_type:infer_expression_data_type:infer_expression_data_type:infer_expression_type:resolve_operator_type:resolve_expression_pair_type:extract_unknown_string_literal: enter
execute:execute_statement:execute_statement:execute_query:validate_select_predicates:infer_query_expression_type:infer_expression_data_type:infer_expression_data_type:infer_expression_type:resolve_operator_type:resolve_expression_pair_type:extract_unknown_string_literal: exit
execute:execute_statement:execute_statement:execute_query:validate_select_predicates:infer_query_expression_type:infer_expression_data_type:infer_expression_data_type:infer_expression_type:resolve_operator_type:resolve_expression_pair_type:is_null_literal: enter
execute:execute_statement:execute_statement:execute_query:validate_select_predicates:infer_query_expression_type:infer_expression_data_type:infer_expression_data_type:infer_expression_type:resolve_operator_type:resolve_expression_pair_type:is_null_literal: exit
execute:execute_statement:execute_statement:execute_query:validate_select_predicates:infer_query_expression_type:infer_expression_data_type:infer_expression_data_type:infer_expression_type:resolve_operator_type:resolve_expression_pair_type:extract_unknown_string_literal: enter
execute:execute_statement:execute_statement:execute_query:validate_select_predicates:infer_query_expression_type:infer_expression_data_type:infer_expression_data_type:infer_expression_type:resolve_operator_type:resolve_expression_pair_type:extract_unknown_string_literal: exit
execute:execute_statement:execute_statement:execute_query:validate_select_predicates:infer_query_expression_type:infer_expression_data_type:infer_expression_data_type:infer_expression_type:resolve_operator_type:resolve_expression_pair_type:is_null_literal: enter
execute:execute_statement:execute_statement:execute_query:validate_select_predicates:infer_query_expression_type:infer_expression_data_type:infer_expression_data_type:infer_expression_type:resolve_operator_type:resolve_expression_pair_type:is_null_literal: exit
execute:execute_statement:execute_statement:execute_query:validate_select_predicates:infer_query_expression_type:infer_expression_data_type:infer_expression_data_type:infer_expression_type:resolve_operator_type:resolve_expression_pair_type:extract_unknown_string_literal: enter
execute:execute_statement:execute_statement:execute_query:validate_select_predicates:infer_query_expression_type:infer_expression_data_type:infer_expression_data_type:infer_expression_type:resolve_operator_type:resolve_expression_pair_type:extract_unknown_string_literal: exit
execute:execute_statement:execute_statement:execute_query:validate_select_predicates:infer_query_expression_type:infer_expression_data_type:infer_expression_data_type:infer_expression_type:resolve_operator_type:resolve_expression_pair_type:infer_expression_type: enter
execute:execute_statement:execute_statement:execute_query:validate_select_predicates:infer_query_expression_type:infer_expression_data_type:infer_expression_data_type:infer_expression_type:resolve_operator_type:resolve_expression_pair_type:infer_expression_type:extract_ast_value: enter
execute:execute_statement:execute_statement:execute_query:validate_select_predicates:infer_query_expression_type:infer_expression_data_type:infer_expression_data_type:infer_expression_type:resolve_operator_type:resolve_expression_pair_type:infer_expression_type:extract_ast_value: exit
execute:execute_statement:execute_statement:execute_query:validate_select_predicates:infer_query_expression_type:infer_expression_data_type:infer_expression_data_type:infer_expression_type:resolve_operator_type:resolve_expression_pair_type:infer_expression_type:resolve_column: enter
execute:execute_statement:execute_statement:execute_query:validate_select_predicates:infer_query_expression_type:infer_expression_data_type:infer_expression_data_type:infer_expression_type:resolve_operator_type:resolve_expression_pair_type:infer_expression_type:resolve_column:resolve_bound_column: enter
execute:execute_statement:execute_statement:execute_query:validate_select_predicates:infer_query_expression_type:infer_expression_data_type:infer_expression_data_type:infer_expression_type:resolve_operator_type:resolve_expression_pair_type:infer_expression_type:resolve_column:resolve_bound_column:matches_identifier: enter
execute:execute_statement:execute_statement:execute_query:validate_select_predicates:infer_query_expression_type:infer_expression_data_type:infer_expression_data_type:infer_expression_type:resolve_operator_type:resolve_expression_pair_type:infer_expression_type:resolve_column:resolve_bound_column:matches_identifier: exit
execute:execute_statement:execute_statement:execute_query:validate_select_predicates:infer_query_expression_type:infer_expression_data_type:infer_expression_data_type:infer_expression_type:resolve_operator_type:resolve_expression_pair_type:infer_expression_type:resolve_column:resolve_bound_column:matches_identifier: enter
execute:execute_statement:execute_statement:execute_query:validate_select_predicates:infer_query_expression_type:infer_expression_data_type:infer_expression_data_type:infer_expression_type:resolve_operator_type:resolve_expression_pair_type:infer_expression_type:resolve_column:resolve_bound_column:matches_identifier: exit
execute:execute_statement:execute_statement:execute_query:validate_select_predicates:infer_query_expression_type:infer_expression_data_type:infer_expression_data_type:infer_expression_type:resolve_operator_type:resolve_expression_pair_type:infer_expression_type:resolve_column:resolve_bound_column:matches_identifier: enter
execute:execute_statement:execute_statement:execute_query:validate_select_predicates:infer_query_expression_type:infer_expression_data_type:infer_expression_data_type:infer_expression_type:resolve_operator_type:resolve_expression_pair_type:infer_expression_type:resolve_column:resolve_bound_column:matches_identifier: exit
execute:execute_statement:execute_statement:execute_query:validate_select_predicates:infer_query_expression_type:infer_expression_data_type:infer_expression_data_type:infer_expression_type:resolve_operator_type:resolve_expression_pair_type:infer_expression_type:resolve_column:resolve_bound_column:matches_identifier: enter
execute:execute_statement:execute_statement:execute_query:validate_select_predicates:infer_query_expression_type:infer_expression_data_type:infer_expression_data_type:infer_expression_type:resolve_operator_type:resolve_expression_pair_type:infer_expression_type:resolve_column:resolve_bound_column:matches_identifier: exit
execute:execute_statement:execute_statement:execute_query:validate_select_predicates:infer_query_expression_type:infer_expression_data_type:infer_expression_data_type:infer_expression_type:resolve_operator_type:resolve_expression_pair_type:infer_expression_type:resolve_column:resolve_bound_column:matches_identifier: enter
execute:execute_statement:execute_statement:execute_query:validate_select_predicates:infer_query_expression_type:infer_expression_data_type:infer_expression_data_type:infer_expression_type:resolve_operator_type:resolve_expression_pair_type:infer_expression_type:resolve_column:resolve_bound_column:matches_identifier: exit
execute:execute_statement:execute_statement:execute_query:validate_select_predicates:infer_query_expression_type:infer_expression_data_type:infer_expression_data_type:infer_expression_type:resolve_operator_type:resolve_expression_pair_type:infer_expression_type:resolve_column:resolve_bound_column: exit
execute:execute_statement:execute_statement:execute_query:validate_select_predicates:infer_query_expression_type:infer_expression_data_type:infer_expression_data_type:infer_expression_type:resolve_operator_type:resolve_expression_pair_type:infer_expression_type:resolve_column: exit
execute:execute_statement:execute_statement:execute_query:validate_select_predicates:infer_query_expression_type:infer_expression_data_type:infer_expression_data_type:infer_expression_type:resolve_operator_type:resolve_expression_pair_type:infer_expression_type: exit
execute:execute_statement:execute_statement:execute_query:validate_select_predicates:infer_query_expression_type:infer_expression_data_type:infer_expression_data_type:infer_expression_type:resolve_operator_type:resolve_expression_pair_type:infer_expression_type: enter
execute:execute_statement:execute_statement:execute_query:validate_select_predicates:infer_query_expression_type:infer_expression_data_type:infer_expression_data_type:infer_expression_type:resolve_operator_type:resolve_expression_pair_type:infer_expression_type:extract_ast_value: enter
execute:execute_statement:execute_statement:execute_query:validate_select_predicates:infer_query_expression_type:infer_expression_data_type:infer_expression_data_type:infer_expression_type:resolve_operator_type:resolve_expression_pair_type:infer_expression_type:extract_ast_value: exit
execute:execute_statement:execute_statement:execute_query:validate_select_predicates:infer_query_expression_type:infer_expression_data_type:infer_expression_data_type:infer_expression_type:resolve_operator_type:resolve_expression_pair_type:infer_expression_type: exit
execute:execute_statement:execute_statement:execute_query:validate_select_predicates:infer_query_expression_type:infer_expression_data_type:infer_expression_data_type:infer_expression_type:resolve_operator_type:resolve_expression_pair_type:resolve_common_type: enter
execute:execute_statement:execute_statement:execute_query:validate_select_predicates:infer_query_expression_type:infer_expression_data_type:infer_expression_data_type:infer_expression_type:resolve_operator_type:resolve_expression_pair_type:resolve_common_type: exit
execute:execute_statement:execute_statement:execute_query:validate_select_predicates:infer_query_expression_type:infer_expression_data_type:infer_expression_data_type:infer_expression_type:resolve_operator_type:resolve_expression_pair_type: exit
execute:execute_statement:execute_statement:execute_query:validate_select_predicates:infer_query_expression_type:infer_expression_data_type:infer_expression_data_type:infer_expression_type:resolve_operator_type: exit
execute:execute_statement:execute_statement:execute_query:validate_select_predicates:infer_query_expression_type:infer_expression_data_type:infer_expression_data_type:infer_expression_type: exit
execute:execute_statement:execute_statement:execute_query:validate_select_predicates:infer_query_expression_type:infer_expression_data_type:infer_expression_data_type:create: enter
execute:execute_statement:execute_statement:execute_query:validate_select_predicates:infer_query_expression_type:infer_expression_data_type:infer_expression_data_type:create: exit
execute:execute_statement:execute_statement:execute_query:validate_select_predicates:infer_query_expression_type:infer_expression_data_type:infer_expression_data_type: exit
execute:execute_statement:execute_statement:execute_query:validate_select_predicates:infer_query_expression_type:infer_expression_data_type: exit
execute:execute_statement:execute_statement:execute_query:validate_select_predicates:infer_query_expression_type: exit
execute:execute_statement:execute_statement:execute_query:validate_select_predicates: exit
execute:execute_statement:execute_statement:execute_query:build_projection_plan: enter
execute:execute_statement:execute_statement:execute_query:build_projection_plan:resolve_column: enter
execute:execute_statement:execute_statement:execute_query:build_projection_plan:resolve_column:resolve_column: enter
execute:execute_statement:execute_statement:execute_query:build_projection_plan:resolve_column:resolve_column:resolve_bound_column: enter
execute:execute_statement:execute_statement:execute_query:build_projection_plan:resolve_column:resolve_column:resolve_bound_column:matches_identifier: enter
execute:execute_statement:execute_statement:execute_query:build_projection_plan:resolve_column:resolve_column:resolve_bound_column:matches_identifier: exit
execute:execute_statement:execute_statement:execute_query:build_projection_plan:resolve_column:resolve_column:resolve_bound_column:matches_identifier: enter
execute:execute_statement:execute_statement:execute_query:build_projection_plan:resolve_column:resolve_column:resolve_bound_column:matches_identifier: exit
execute:execute_statement:execute_statement:execute_query:build_projection_plan:resolve_column:resolve_column:resolve_bound_column:matches_identifier: enter
execute:execute_statement:execute_statement:execute_query:build_projection_plan:resolve_column:resolve_column:resolve_bound_column:matches_identifier: exit
execute:execute_statement:execute_statement:execute_query:build_projection_plan:resolve_column:resolve_column:resolve_bound_column:matches_identifier: enter
execute:execute_statement:execute_statement:execute_query:build_projection_plan:resolve_column:resolve_column:resolve_bound_column:matches_identifier: exit
execute:execute_statement:execute_statement:execute_query:build_projection_plan:resolve_column:resolve_column:resolve_bound_column:matches_identifier: enter
execute:execute_statement:execute_statement:execute_query:build_projection_plan:resolve_column:resolve_column:resolve_bound_column:matches_identifier: exit
execute:execute_statement:execute_statement:execute_query:build_projection_plan:resolve_column:resolve_column:resolve_bound_column: exit
execute:execute_statement:execute_statement:execute_query:build_projection_plan:resolve_column:resolve_column: exit
execute:execute_statement:execute_statement:execute_query:build_projection_plan:resolve_column: exit
execute:execute_statement:execute_statement:execute_query:build_projection_plan:map_to_oid: enter
execute:execute_statement:execute_statement:execute_query:build_projection_plan:map_to_oid:map_to_oid: enter
execute:execute_statement:execute_statement:execute_query:build_projection_plan:map_to_oid:map_to_oid: exit
execute:execute_statement:execute_statement:execute_query:build_projection_plan:map_to_oid: exit
execute:execute_statement:execute_statement:execute_query:build_projection_plan:resolve_column: enter
execute:execute_statement:execute_statement:execute_query:build_projection_plan:resolve_column:resolve_column: enter
execute:execute_statement:execute_statement:execute_query:build_projection_plan:resolve_column:resolve_column:resolve_bound_column: enter
execute:execute_statement:execute_statement:execute_query:build_projection_plan:resolve_column:resolve_column:resolve_bound_column:matches_identifier: enter
execute:execute_statement:execute_statement:execute_query:build_projection_plan:resolve_column:resolve_column:resolve_bound_column:matches_identifier: exit
execute:execute_statement:execute_statement:execute_query:build_projection_plan:resolve_column:resolve_column:resolve_bound_column:matches_identifier: enter
execute:execute_statement:execute_statement:execute_query:build_projection_plan:resolve_column:resolve_column:resolve_bound_column:matches_identifier: exit
execute:execute_statement:execute_statement:execute_query:build_projection_plan:resolve_column:resolve_column:resolve_bound_column:matches_identifier: enter
execute:execute_statement:execute_statement:execute_query:build_projection_plan:resolve_column:resolve_column:resolve_bound_column:matches_identifier: exit
execute:execute_statement:execute_statement:execute_query:build_projection_plan:resolve_column:resolve_column:resolve_bound_column:matches_identifier: enter
execute:execute_statement:execute_statement:execute_query:build_projection_plan:resolve_column:resolve_column:resolve_bound_column:matches_identifier: exit
execute:execute_statement:execute_statement:execute_query:build_projection_plan:resolve_column:resolve_column:resolve_bound_column:matches_identifier: enter
execute:execute_statement:execute_statement:execute_query:build_projection_plan:resolve_column:resolve_column:resolve_bound_column:matches_identifier: exit
execute:execute_statement:execute_statement:execute_query:build_projection_plan:resolve_column:resolve_column:resolve_bound_column: exit
execute:execute_statement:execute_statement:execute_query:build_projection_plan:resolve_column:resolve_column: exit
execute:execute_statement:execute_statement:execute_query:build_projection_plan:resolve_column: exit
execute:execute_statement:execute_statement:execute_query:build_projection_plan:map_to_oid: enter
execute:execute_statement:execute_statement:execute_query:build_projection_plan:map_to_oid:map_to_oid: enter
execute:execute_statement:execute_statement:execute_query:build_projection_plan:map_to_oid:map_to_oid: exit
execute:execute_statement:execute_statement:execute_query:build_projection_plan:map_to_oid: exit
execute:execute_statement:execute_statement:execute_query:build_projection_plan: exit
execute:execute_statement:execute_statement:execute_query:resolve_order_specs: enter
execute:execute_statement:execute_statement:execute_query:resolve_order_specs: exit
execute:execute_statement:execute_statement:execute_query:resolve_distinct_plan: enter
execute:execute_statement:execute_statement:execute_query:resolve_distinct_plan: exit
execute:execute_statement:execute_statement:execute_query:resolve_grouping_plan: enter
execute:execute_statement:execute_statement:execute_query:resolve_grouping_plan:resolve_grouping_expressions: enter
execute:execute_statement:execute_statement:execute_query:resolve_grouping_plan:resolve_grouping_expressions: exit
execute:execute_statement:execute_statement:execute_query:resolve_grouping_plan:extend_grouped_columns_with_primary_keys: enter
execute:execute_statement:execute_statement:execute_query:resolve_grouping_plan:extend_grouped_columns_with_primary_keys:iterate_tables: enter
execute:execute_statement:execute_statement:execute_query:resolve_grouping_plan:extend_grouped_columns_with_primary_keys:iterate_tables: exit
execute:execute_statement:execute_statement:execute_query:resolve_grouping_plan:extend_grouped_columns_with_primary_keys: exit
execute:execute_statement:execute_statement:execute_query:resolve_grouping_plan:inspect_aggregate_usage: enter
execute:execute_statement:execute_statement:execute_query:resolve_grouping_plan:inspect_aggregate_usage:substitute_typed_subqueries: enter
execute:execute_statement:execute_statement:execute_query:resolve_grouping_plan:inspect_aggregate_usage:substitute_typed_subqueries:pre_visit_expr: enter
execute:execute_statement:execute_statement:execute_query:resolve_grouping_plan:inspect_aggregate_usage:substitute_typed_subqueries:pre_visit_expr: exit
execute:execute_statement:execute_statement:execute_query:resolve_grouping_plan:inspect_aggregate_usage:substitute_typed_subqueries: exit
execute:execute_statement:execute_statement:execute_query:resolve_grouping_plan:inspect_aggregate_usage:pre_visit_expr: enter
execute:execute_statement:execute_statement:execute_query:resolve_grouping_plan:inspect_aggregate_usage:pre_visit_expr: exit
execute:execute_statement:execute_statement:execute_query:resolve_grouping_plan:inspect_aggregate_usage:post_visit_expr: enter
execute:execute_statement:execute_statement:execute_query:resolve_grouping_plan:inspect_aggregate_usage:post_visit_expr: exit
execute:execute_statement:execute_statement:execute_query:resolve_grouping_plan:inspect_aggregate_usage: exit
execute:execute_statement:execute_statement:execute_query:resolve_grouping_plan:inspect_aggregate_usage: enter
execute:execute_statement:execute_statement:execute_query:resolve_grouping_plan:inspect_aggregate_usage:substitute_typed_subqueries: enter
execute:execute_statement:execute_statement:execute_query:resolve_grouping_plan:inspect_aggregate_usage:substitute_typed_subqueries:pre_visit_expr: enter
execute:execute_statement:execute_statement:execute_query:resolve_grouping_plan:inspect_aggregate_usage:substitute_typed_subqueries:pre_visit_expr: exit
execute:execute_statement:execute_statement:execute_query:resolve_grouping_plan:inspect_aggregate_usage:substitute_typed_subqueries: exit
execute:execute_statement:execute_statement:execute_query:resolve_grouping_plan:inspect_aggregate_usage:pre_visit_expr: enter
execute:execute_statement:execute_statement:execute_query:resolve_grouping_plan:inspect_aggregate_usage:pre_visit_expr: exit
execute:execute_statement:execute_statement:execute_query:resolve_grouping_plan:inspect_aggregate_usage:post_visit_expr: enter
execute:execute_statement:execute_statement:execute_query:resolve_grouping_plan:inspect_aggregate_usage:post_visit_expr: exit
execute:execute_statement:execute_statement:execute_query:resolve_grouping_plan:inspect_aggregate_usage: exit
execute:execute_statement:execute_statement:execute_query:resolve_grouping_plan: exit
execute:execute_statement:execute_statement:execute_query:execute_plain_select_rows: enter
execute:execute_statement:execute_statement:execute_query:execute_plain_select_rows:execute_correlated_exists_rows: enter
execute:execute_statement:execute_statement:execute_query:execute_plain_select_rows:execute_correlated_exists_rows: exit
execute:execute_statement:execute_statement:execute_query:execute_plain_select_rows:execute_any_membership_rows: enter
execute:execute_statement:execute_statement:execute_query:execute_plain_select_rows:execute_any_membership_rows: exit
execute:execute_statement:execute_statement:execute_query:execute_plain_select_rows:visit_query_source_rows: enter
execute:execute_statement:execute_statement:execute_query:execute_plain_select_rows:visit_query_source_rows:can_stream_inner_join: enter
execute:execute_statement:execute_statement:execute_query:execute_plain_select_rows:visit_query_source_rows:can_stream_inner_join: exit
execute:execute_statement:execute_statement:execute_query:execute_plain_select_rows:visit_query_source_rows:visit_streamed_inner_join_rows: enter
execute:execute_statement:execute_statement:execute_query:execute_plain_select_rows:visit_query_source_rows:visit_streamed_inner_join_rows:normalize_unqualified_object_name: enter
execute:execute_statement:execute_statement:execute_query:execute_plain_select_rows:visit_query_source_rows:visit_streamed_inner_join_rows:normalize_unqualified_object_name:normalize_identifier: enter
execute:execute_statement:execute_statement:execute_query:execute_plain_select_rows:visit_query_source_rows:visit_streamed_inner_join_rows:normalize_unqualified_object_name:normalize_identifier: exit
execute:execute_statement:execute_statement:execute_query:execute_plain_select_rows:visit_query_source_rows:visit_streamed_inner_join_rows:normalize_unqualified_object_name: exit
execute:execute_statement:execute_statement:execute_query:execute_plain_select_rows:visit_query_source_rows:visit_streamed_inner_join_rows:require_table: enter
execute:execute_statement:execute_statement:execute_query:execute_plain_select_rows:visit_query_source_rows:visit_streamed_inner_join_rows:require_table: exit
execute:execute_statement:execute_statement:execute_query:execute_plain_select_rows:visit_query_source_rows:visit_streamed_inner_join_rows:visit_table_factor_rows: enter
execute:execute_statement:execute_statement:execute_query:execute_plain_select_rows:visit_query_source_rows:visit_streamed_inner_join_rows:visit_table_factor_rows:normalize_unqualified_object_name: enter
execute:execute_statement:execute_statement:execute_query:execute_plain_select_rows:visit_query_source_rows:visit_streamed_inner_join_rows:visit_table_factor_rows:normalize_unqualified_object_name:normalize_identifier: enter
execute:execute_statement:execute_statement:execute_query:execute_plain_select_rows:visit_query_source_rows:visit_streamed_inner_join_rows:visit_table_factor_rows:normalize_unqualified_object_name:normalize_identifier: exit
execute:execute_statement:execute_statement:execute_query:execute_plain_select_rows:visit_query_source_rows:visit_streamed_inner_join_rows:visit_table_factor_rows:normalize_unqualified_object_name: exit
execute:execute_statement:execute_statement:execute_query:execute_plain_select_rows:visit_query_source_rows:visit_streamed_inner_join_rows:visit_table_factor_rows:require_table: enter
execute:execute_statement:execute_statement:execute_query:execute_plain_select_rows:visit_query_source_rows:visit_streamed_inner_join_rows:visit_table_factor_rows:require_table: exit
execute:execute_statement:execute_statement:execute_query:execute_plain_select_rows:visit_query_source_rows:visit_streamed_inner_join_rows:visit_table_factor_rows:collect_pushdown_filters: enter
execute:execute_statement:execute_statement:execute_query:execute_plain_select_rows:visit_query_source_rows:visit_streamed_inner_join_rows:visit_table_factor_rows:collect_pushdown_filters:is_point_lookup_value: enter
execute:execute_statement:execute_statement:execute_query:execute_plain_select_rows:visit_query_source_rows:visit_streamed_inner_join_rows:visit_table_factor_rows:collect_pushdown_filters:is_point_lookup_value: exit
execute:execute_statement:execute_statement:execute_query:execute_plain_select_rows:visit_query_source_rows:visit_streamed_inner_join_rows:visit_table_factor_rows:collect_pushdown_filters:resolve_column: enter
execute:execute_statement:execute_statement:execute_query:execute_plain_select_rows:visit_query_source_rows:visit_streamed_inner_join_rows:visit_table_factor_rows:collect_pushdown_filters:resolve_column:resolve_column: enter
execute:execute_statement:execute_statement:execute_query:execute_plain_select_rows:visit_query_source_rows:visit_streamed_inner_join_rows:visit_table_factor_rows:collect_pushdown_filters:resolve_column:resolve_column:resolve_bound_column: enter
execute:execute_statement:execute_statement:execute_query:execute_plain_select_rows:visit_query_source_rows:visit_streamed_inner_join_rows:visit_table_factor_rows:collect_pushdown_filters:resolve_column:resolve_column:resolve_bound_column:matches_identifier: enter
execute:execute_statement:execute_statement:execute_query:execute_plain_select_rows:visit_query_source_rows:visit_streamed_inner_join_rows:visit_table_factor_rows:collect_pushdown_filters:resolve_column:resolve_column:resolve_bound_column:matches_identifier: exit
execute:execute_statement:execute_statement:execute_query:execute_plain_select_rows:visit_query_source_rows:visit_streamed_inner_join_rows:visit_table_factor_rows:collect_pushdown_filters:resolve_column:resolve_column:resolve_bound_column:matches_identifier: enter
execute:execute_statement:execute_statement:execute_query:execute_plain_select_rows:visit_query_source_rows:visit_streamed_inner_join_rows:visit_table_factor_rows:collect_pushdown_filters:resolve_column:resolve_column:resolve_bound_column:matches_identifier: exit
execute:execute_statement:execute_statement:execute_query:execute_plain_select_rows:visit_query_source_rows:visit_streamed_inner_join_rows:visit_table_factor_rows:collect_pushdown_filters:resolve_column:resolve_column:resolve_bound_column:matches_identifier: enter
execute:execute_statement:execute_statement:execute_query:execute_plain_select_rows:visit_query_source_rows:visit_streamed_inner_join_rows:visit_table_factor_rows:collect_pushdown_filters:resolve_column:resolve_column:resolve_bound_column:matches_identifier: exit
execute:execute_statement:execute_statement:execute_query:execute_plain_select_rows:visit_query_source_rows:visit_streamed_inner_join_rows:visit_table_factor_rows:collect_pushdown_filters:resolve_column:resolve_column:resolve_bound_column:matches_identifier: enter
execute:execute_statement:execute_statement:execute_query:execute_plain_select_rows:visit_query_source_rows:visit_streamed_inner_join_rows:visit_table_factor_rows:collect_pushdown_filters:resolve_column:resolve_column:resolve_bound_column:matches_identifier: exit
execute:execute_statement:execute_statement:execute_query:execute_plain_select_rows:visit_query_source_rows:visit_streamed_inner_join_rows:visit_table_factor_rows:collect_pushdown_filters:resolve_column:resolve_column:resolve_bound_column:matches_identifier: enter
execute:execute_statement:execute_statement:execute_query:execute_plain_select_rows:visit_query_source_rows:visit_streamed_inner_join_rows:visit_table_factor_rows:collect_pushdown_filters:resolve_column:resolve_column:resolve_bound_column:matches_identifier: exit
execute:execute_statement:execute_statement:execute_query:execute_plain_select_rows:visit_query_source_rows:visit_streamed_inner_join_rows:visit_table_factor_rows:collect_pushdown_filters:resolve_column:resolve_column:resolve_bound_column: exit
execute:execute_statement:execute_statement:execute_query:execute_plain_select_rows:visit_query_source_rows:visit_streamed_inner_join_rows:visit_table_factor_rows:collect_pushdown_filters:resolve_column:resolve_column: exit
execute:execute_statement:execute_statement:execute_query:execute_plain_select_rows:visit_query_source_rows:visit_streamed_inner_join_rows:visit_table_factor_rows:collect_pushdown_filters:resolve_column: exit
execute:execute_statement:execute_statement:execute_query:execute_plain_select_rows:visit_query_source_rows:visit_streamed_inner_join_rows:visit_table_factor_rows:collect_pushdown_filters: exit
execute:execute_statement:execute_statement:execute_query:execute_plain_select_rows:visit_query_source_rows:visit_streamed_inner_join_rows:visit_table_factor_rows:is_point_lookup_value: enter
execute:execute_statement:execute_statement:execute_query:execute_plain_select_rows:visit_query_source_rows:visit_streamed_inner_join_rows:visit_table_factor_rows:is_point_lookup_value: exit
execute:execute_statement:execute_statement:execute_query:execute_plain_select_rows:visit_query_source_rows:visit_streamed_inner_join_rows:visit_table_factor_rows:resolve_column: enter
execute:execute_statement:execute_statement:execute_query:execute_plain_select_rows:visit_query_source_rows:visit_streamed_inner_join_rows:visit_table_factor_rows:resolve_column:resolve_column: enter
execute:execute_statement:execute_statement:execute_query:execute_plain_select_rows:visit_query_source_rows:visit_streamed_inner_join_rows:visit_table_factor_rows:resolve_column:resolve_column:resolve_bound_column: enter
execute:execute_statement:execute_statement:execute_query:execute_plain_select_rows:visit_query_source_rows:visit_streamed_inner_join_rows:visit_table_factor_rows:resolve_column:resolve_column:resolve_bound_column:matches_identifier: enter
execute:execute_statement:execute_statement:execute_query:execute_plain_select_rows:visit_query_source_rows:visit_streamed_inner_join_rows:visit_table_factor_rows:resolve_column:resolve_column:resolve_bound_column:matches_identifier: exit
execute:execute_statement:execute_statement:execute_query:execute_plain_select_rows:visit_query_source_rows:visit_streamed_inner_join_rows:visit_table_factor_rows:resolve_column:resolve_column:resolve_bound_column:matches_identifier: enter
execute:execute_statement:execute_statement:execute_query:execute_plain_select_rows:visit_query_source_rows:visit_streamed_inner_join_rows:visit_table_factor_rows:resolve_column:resolve_column:resolve_bound_column:matches_identifier: exit
execute:execute_statement:execute_statement:execute_query:execute_plain_select_rows:visit_query_source_rows:visit_streamed_inner_join_rows:visit_table_factor_rows:resolve_column:resolve_column:resolve_bound_column:matches_identifier: enter
execute:execute_statement:execute_statement:execute_query:execute_plain_select_rows:visit_query_source_rows:visit_streamed_inner_join_rows:visit_table_factor_rows:resolve_column:resolve_column:resolve_bound_column:matches_identifier: exit
execute:execute_statement:execute_statement:execute_query:execute_plain_select_rows:visit_query_source_rows:visit_streamed_inner_join_rows:visit_table_factor_rows:resolve_column:resolve_column:resolve_bound_column:matches_identifier: enter
execute:execute_statement:execute_statement:execute_query:execute_plain_select_rows:visit_query_source_rows:visit_streamed_inner_join_rows:visit_table_factor_rows:resolve_column:resolve_column:resolve_bound_column:matches_identifier: exit
execute:execute_statement:execute_statement:execute_query:execute_plain_select_rows:visit_query_source_rows:visit_streamed_inner_join_rows:visit_table_factor_rows:resolve_column:resolve_column:resolve_bound_column:matches_identifier: enter
execute:execute_statement:execute_statement:execute_query:execute_plain_select_rows:visit_query_source_rows:visit_streamed_inner_join_rows:visit_table_factor_rows:resolve_column:resolve_column:resolve_bound_column:matches_identifier: exit
execute:execute_statement:execute_statement:execute_query:execute_plain_select_rows:visit_query_source_rows:visit_streamed_inner_join_rows:visit_table_factor_rows:resolve_column:resolve_column:resolve_bound_column: exit
execute:execute_statement:execute_statement:execute_query:execute_plain_select_rows:visit_query_source_rows:visit_streamed_inner_join_rows:visit_table_factor_rows:resolve_column:resolve_column: exit
execute:execute_statement:execute_statement:execute_query:execute_plain_select_rows:visit_query_source_rows:visit_streamed_inner_join_rows:visit_table_factor_rows:resolve_column: exit
execute:execute_statement:execute_statement:execute_query:execute_plain_select_rows:visit_query_source_rows:visit_streamed_inner_join_rows:visit_table_factor_rows:has_unique_index: enter
execute:execute_statement:execute_statement:execute_query:execute_plain_select_rows:visit_query_source_rows:visit_streamed_inner_join_rows:visit_table_factor_rows:has_unique_index: exit
execute:execute_statement:execute_statement:execute_query:execute_plain_select_rows:visit_query_source_rows:visit_streamed_inner_join_rows:visit_table_factor_rows:iterate_version_chains: enter
execute:execute_statement:execute_statement:execute_query:execute_plain_select_rows:visit_query_source_rows:visit_streamed_inner_join_rows:visit_table_factor_rows:iterate_version_chains: exit
execute:execute_statement:execute_statement:execute_query:execute_plain_select_rows:visit_query_source_rows:visit_streamed_inner_join_rows:visit_table_factor_rows:find_visible_version: enter
execute:execute_statement:execute_statement:execute_query:execute_plain_select_rows:visit_query_source_rows:visit_streamed_inner_join_rows:visit_table_factor_rows:find_visible_version:is_visible: enter
execute:execute_statement:execute_statement:execute_query:execute_plain_select_rows:visit_query_source_rows:visit_streamed_inner_join_rows:visit_table_factor_rows:find_visible_version:is_visible:get_status: enter
execute:execute_statement:execute_statement:execute_query:execute_plain_select_rows:visit_query_source_rows:visit_streamed_inner_join_rows:visit_table_factor_rows:find_visible_version:is_visible:get_status: exit
execute:execute_statement:execute_statement:execute_query:execute_plain_select_rows:visit_query_source_rows:visit_streamed_inner_join_rows:visit_table_factor_rows:find_visible_version:is_visible: exit
execute:execute_statement:execute_statement:execute_query:execute_plain_select_rows:visit_query_source_rows:visit_streamed_inner_join_rows:visit_table_factor_rows:find_visible_version: exit
execute:execute_statement:execute_statement:execute_query:execute_plain_select_rows:visit_query_source_rows:visit_streamed_inner_join_rows:visit_table_factor_rows:evaluate: enter
execute:execute_statement:execute_statement:execute_query:execute_plain_select_rows:visit_query_source_rows:visit_streamed_inner_join_rows:visit_table_factor_rows:evaluate:infer_expression_type: enter
execute:execute_statement:execute_statement:execute_query:execute_plain_select_rows:visit_query_source_rows:visit_streamed_inner_join_rows:visit_table_factor_rows:evaluate:infer_expression_type:extract_ast_value: enter
execute:execute_statement:execute_statement:execute_query:execute_plain_select_rows:visit_query_source_rows:visit_streamed_inner_join_rows:visit_table_factor_rows:evaluate:infer_expression_type:extract_ast_value: exit
execute:execute_statement:execute_statement:execute_query:execute_plain_select_rows:visit_query_source_rows:visit_streamed_inner_join_rows:visit_table_factor_rows:evaluate:infer_expression_type:resolve_column: enter
execute:execute_statement:execute_statement:execute_query:execute_plain_select_rows:visit_query_source_rows:visit_streamed_inner_join_rows:visit_table_factor_rows:evaluate:infer_expression_type:resolve_column:resolve_bound_column: enter
execute:execute_statement:execute_statement:execute_query:execute_plain_select_rows:visit_query_source_rows:visit_streamed_inner_join_rows:visit_table_factor_rows:evaluate:infer_expression_type:resolve_column:resolve_bound_column:matches_identifier: enter
execute:execute_statement:execute_statement:execute_query:execute_plain_select_rows:visit_query_source_rows:visit_streamed_inner_join_rows:visit_table_factor_rows:evaluate:infer_expression_type:resolve_column:resolve_bound_column:matches_identifier: exit
execute:execute_statement:execute_statement:execute_query:execute_plain_select_rows:visit_query_source_rows:visit_streamed_inner_join_rows:visit_table_factor_rows:evaluate:infer_expression_type:resolve_column:resolve_bound_column:matches_identifier: enter
execute:execute_statement:execute_statement:execute_query:execute_plain_select_rows:visit_query_source_rows:visit_streamed_inner_join_rows:visit_table_factor_rows:evaluate:infer_expression_type:resolve_column:resolve_bound_column:matches_identifier: exit
execute:execute_statement:execute_statement:execute_query:execute_plain_select_rows:visit_query_source_rows:visit_streamed_inner_join_rows:visit_table_factor_rows:evaluate:infer_expression_type:resolve_column:resolve_bound_column:matches_identifier: enter
execute:execute_statement:execute_statement:execute_query:execute_plain_select_rows:visit_query_source_rows:visit_streamed_inner_join_rows:visit_table_factor_rows:evaluate:infer_expression_type:resolve_column:resolve_bound_column:matches_identifier: exit
execute:execute_statement:execute_statement:execute_query:execute_plain_select_rows:visit_query_source_rows:visit_streamed_inner_join_rows:visit_table_factor_rows:evaluate:infer_expression_type:resolve_column:resolve_bound_column:matches_identifier: enter
execute:execute_statement:execute_statement:execute_query:execute_plain_select_rows:visit_query_source_rows:visit_streamed_inner_join_rows:visit_table_factor_rows:evaluate:infer_expression_type:resolve_column:resolve_bound_column:matches_identifier: exit
execute:execute_statement:execute_statement:execute_query:execute_plain_select_rows:visit_query_source_rows:visit_streamed_inner_join_rows:visit_table_factor_rows:evaluate:infer_expression_type:resolve_column:resolve_bound_column:matches_identifier: enter
execute:execute_statement:execute_statement:execute_query:execute_plain_select_rows:visit_query_source_rows:visit_streamed_inner_join_rows:visit_table_factor_rows:evaluate:infer_expression_type:resolve_column:resolve_bound_column:matches_identifier: exit
execute:execute_statement:execute_statement:execute_query:execute_plain_select_rows:visit_query_source_rows:visit_streamed_inner_join_rows:visit_table_factor_rows:evaluate:infer_expression_type:resolve_column:resolve_bound_column: exit
execute:execute_statement:execute_statement:execute_query:execute_plain_select_rows:visit_query_source_rows:visit_streamed_inner_join_rows:visit_table_factor_rows:evaluate:infer_expression_type:resolve_column: exit
execute:execute_statement:execute_statement:execute_query:execute_plain_select_rows:visit_query_source_rows:visit_streamed_inner_join_rows:visit_table_factor_rows:evaluate:infer_expression_type: exit
execute:execute_statement:execute_statement:execute_query:execute_plain_select_rows:visit_query_source_rows:visit_streamed_inner_join_rows:visit_table_factor_rows:evaluate:infer_expression_type: enter
execute:execute_statement:execute_statement:execute_query:execute_plain_select_rows:visit_query_source_rows:visit_streamed_inner_join_rows:visit_table_factor_rows:evaluate:infer_expression_type:extract_ast_value: enter
execute:execute_statement:execute_statement:execute_query:execute_plain_select_rows:visit_query_source_rows:visit_streamed_inner_join_rows:visit_table_factor_rows:evaluate:infer_expression_type:extract_ast_value: exit
execute:execute_statement:execute_statement:execute_query:execute_plain_select_rows:visit_query_source_rows:visit_streamed_inner_join_rows:visit_table_factor_rows:evaluate:infer_expression_type: exit
execute:execute_statement:execute_statement:execute_query:execute_plain_select_rows:visit_query_source_rows:visit_streamed_inner_join_rows:visit_table_factor_rows:evaluate:resolve_operator_type: enter
execute:execute_statement:execute_statement:execute_query:execute_plain_select_rows:visit_query_source_rows:visit_streamed_inner_join_rows:visit_table_factor_rows:evaluate:resolve_operator_type:is_parameter_placeholder: enter
execute:execute_statement:execute_statement:execute_query:execute_plain_select_rows:visit_query_source_rows:visit_streamed_inner_join_rows:visit_table_factor_rows:evaluate:resolve_operator_type:is_parameter_placeholder:extract_ast_value: enter
execute:execute_statement:execute_statement:execute_query:execute_plain_select_rows:visit_query_source_rows:visit_streamed_inner_join_rows:visit_table_factor_rows:evaluate:resolve_operator_type:is_parameter_placeholder:extract_ast_value: exit
execute:execute_statement:execute_statement:execute_query:execute_plain_select_rows:visit_query_source_rows:visit_streamed_inner_join_rows:visit_table_factor_rows:evaluate:resolve_operator_type:is_parameter_placeholder: exit
execute:execute_statement:execute_statement:execute_query:execute_plain_select_rows:visit_query_source_rows:visit_streamed_inner_join_rows:visit_table_factor_rows:evaluate:resolve_operator_type:is_parameter_placeholder: enter
execute:execute_statement:execute_statement:execute_query:execute_plain_select_rows:visit_query_source_rows:visit_streamed_inner_join_rows:visit_table_factor_rows:evaluate:resolve_operator_type:is_parameter_placeholder:extract_ast_value: enter
execute:execute_statement:execute_statement:execute_query:execute_plain_select_rows:visit_query_source_rows:visit_streamed_inner_join_rows:visit_table_factor_rows:evaluate:resolve_operator_type:is_parameter_placeholder:extract_ast_value: exit
execute:execute_statement:execute_statement:execute_query:execute_plain_select_rows:visit_query_source_rows:visit_streamed_inner_join_rows:visit_table_factor_rows:evaluate:resolve_operator_type:is_parameter_placeholder: exit
execute:execute_statement:execute_statement:execute_query:execute_plain_select_rows:visit_query_source_rows:visit_streamed_inner_join_rows:visit_table_factor_rows:evaluate:resolve_operator_type:infer_expression_type: enter
execute:execute_statement:execute_statement:execute_query:execute_plain_select_rows:visit_query_source_rows:visit_streamed_inner_join_rows:visit_table_factor_rows:evaluate:resolve_operator_type:infer_expression_type:extract_ast_value: enter
execute:execute_statement:execute_statement:execute_query:execute_plain_select_rows:visit_query_source_rows:visit_streamed_inner_join_rows:visit_table_factor_rows:evaluate:resolve_operator_type:infer_expression_type:extract_ast_value: exit
execute:execute_statement:execute_statement:execute_query:execute_plain_select_rows:visit_query_source_rows:visit_streamed_inner_join_rows:visit_table_factor_rows:evaluate:resolve_operator_type:infer_expression_type:resolve_column: enter
execute:execute_statement:execute_statement:execute_query:execute_plain_select_rows:visit_query_source_rows:visit_streamed_inner_join_rows:visit_table_factor_rows:evaluate:resolve_operator_type:infer_expression_type:resolve_column:resolve_bound_column: enter
execute:execute_statement:execute_statement:execute_query:execute_plain_select_rows:visit_query_source_rows:visit_streamed_inner_join_rows:visit_table_factor_rows:evaluate:resolve_operator_type:infer_expression_type:resolve_column:resolve_bound_column:matches_identifier: enter
execute:execute_statement:execute_statement:execute_query:execute_plain_select_rows:visit_query_source_rows:visit_streamed_inner_join_rows:visit_table_factor_rows:evaluate:resolve_operator_type:infer_expression_type:resolve_column:resolve_bound_column:matches_identifier: exit
execute:execute_statement:execute_statement:execute_query:execute_plain_select_rows:visit_query_source_rows:visit_streamed_inner_join_rows:visit_table_factor_rows:evaluate:resolve_operator_type:infer_expression_type:resolve_column:resolve_bound_column:matches_identifier: enter
execute:execute_statement:execute_statement:execute_query:execute_plain_select_rows:visit_query_source_rows:visit_streamed_inner_join_rows:visit_table_factor_rows:evaluate:resolve_operator_type:infer_expression_type:resolve_column:resolve_bound_column:matches_identifier: exit
execute:execute_statement:execute_statement:execute_query:execute_plain_select_rows:visit_query_source_rows:visit_streamed_inner_join_rows:visit_table_factor_rows:evaluate:resolve_operator_type:infer_expression_type:resolve_column:resolve_bound_column:matches_identifier: enter
execute:execute_statement:execute_statement:execute_query:execute_plain_select_rows:visit_query_source_rows:visit_streamed_inner_join_rows:visit_table_factor_rows:evaluate:resolve_operator_type:infer_expression_type:resolve_column:resolve_bound_column:matches_identifier: exit
execute:execute_statement:execute_statement:execute_query:execute_plain_select_rows:visit_query_source_rows:visit_streamed_inner_join_rows:visit_table_factor_rows:evaluate:resolve_operator_type:infer_expression_type:resolve_column:resolve_bound_column:matches_identifier: enter
execute:execute_statement:execute_statement:execute_query:execute_plain_select_rows:visit_query_source_rows:visit_streamed_inner_join_rows:visit_table_factor_rows:evaluate:resolve_operator_type:infer_expression_type:resolve_column:resolve_bound_column:matches_identifier: exit
execute:execute_statement:execute_statement:execute_query:execute_plain_select_rows:visit_query_source_rows:visit_streamed_inner_join_rows:visit_table_factor_rows:evaluate:resolve_operator_type:infer_expression_type:resolve_column:resolve_bound_column:matches_identifier: enter
execute:execute_statement:execute_statement:execute_query:execute_plain_select_rows:visit_query_source_rows:visit_streamed_inner_join_rows:visit_table_factor_rows:evaluate:resolve_operator_type:infer_expression_type:resolve_column:resolve_bound_column:matches_identifier: exit
execute:execute_statement:execute_statement:execute_query:execute_plain_select_rows:visit_query_source_rows:visit_streamed_inner_join_rows:visit_table_factor_rows:evaluate:resolve_operator_type:infer_expression_type:resolve_column:resolve_bound_column: exit
execute:execute_statement:execute_statement:execute_query:execute_plain_select_rows:visit_query_source_rows:visit_streamed_inner_join_rows:visit_table_factor_rows:evaluate:resolve_operator_type:infer_expression_type:resolve_column: exit
execute:execute_statement:execute_statement:execute_query:execute_plain_select_rows:visit_query_source_rows:visit_streamed_inner_join_rows:visit_table_factor_rows:evaluate:resolve_operator_type:infer_expression_type: exit
execute:execute_statement:execute_statement:execute_query:execute_plain_select_rows:visit_query_source_rows:visit_streamed_inner_join_rows:visit_table_factor_rows:evaluate:resolve_operator_type:infer_expression_type: enter
execute:execute_statement:execute_statement:execute_query:execute_plain_select_rows:visit_query_source_rows:visit_streamed_inner_join_rows:visit_table_factor_rows:evaluate:resolve_operator_type:infer_expression_type:extract_ast_value: enter
execute:execute_statement:execute_statement:execute_query:execute_plain_select_rows:visit_query_source_rows:visit_streamed_inner_join_rows:visit_table_factor_rows:evaluate:resolve_operator_type:infer_expression_type:extract_ast_value: exit
execute:execute_statement:execute_statement:execute_query:execute_plain_select_rows:visit_query_source_rows:visit_streamed_inner_join_rows:visit_table_factor_rows:evaluate:resolve_operator_type:infer_expression_type: exit
execute:execute_statement:execute_statement:execute_query:execute_plain_select_rows:visit_query_source_rows:visit_streamed_inner_join_rows:visit_table_factor_rows:evaluate:resolve_operator_type:resolve_expression_pair_type: enter
execute:execute_statement:execute_statement:execute_query:execute_plain_select_rows:visit_query_source_rows:visit_streamed_inner_join_rows:visit_table_factor_rows:evaluate:resolve_operator_type:resolve_expression_pair_type:is_null_literal: enter
execute:execute_statement:execute_statement:execute_query:execute_plain_select_rows:visit_query_source_rows:visit_streamed_inner_join_rows:visit_table_factor_rows:evaluate:resolve_operator_type:resolve_expression_pair_type:is_null_literal: exit
execute:execute_statement:execute_statement:execute_query:execute_plain_select_rows:visit_query_source_rows:visit_streamed_inner_join_rows:visit_table_factor_rows:evaluate:resolve_operator_type:resolve_expression_pair_type:extract_unknown_string_literal: enter
execute:execute_statement:execute_statement:execute_query:execute_plain_select_rows:visit_query_source_rows:visit_streamed_inner_join_rows:visit_table_factor_rows:evaluate:resolve_operator_type:resolve_expression_pair_type:extract_unknown_string_literal: exit
execute:execute_statement:execute_statement:execute_query:execute_plain_select_rows:visit_query_source_rows:visit_streamed_inner_join_rows:visit_table_factor_rows:evaluate:resolve_operator_type:resolve_expression_pair_type:is_null_literal: enter
execute:execute_statement:execute_statement:execute_query:execute_plain_select_rows:visit_query_source_rows:visit_streamed_inner_join_rows:visit_table_factor_rows:evaluate:resolve_operator_type:resolve_expression_pair_type:is_null_literal: exit
execute:execute_statement:execute_statement:execute_query:execute_plain_select_rows:visit_query_source_rows:visit_streamed_inner_join_rows:visit_table_factor_rows:evaluate:resolve_operator_type:resolve_expression_pair_type:extract_unknown_string_literal: enter
execute:execute_statement:execute_statement:execute_query:execute_plain_select_rows:visit_query_source_rows:visit_streamed_inner_join_rows:visit_table_factor_rows:evaluate:resolve_operator_type:resolve_expression_pair_type:extract_unknown_string_literal: exit
execute:execute_statement:execute_statement:execute_query:execute_plain_select_rows:visit_query_source_rows:visit_streamed_inner_join_rows:visit_table_factor_rows:evaluate:resolve_operator_type:resolve_expression_pair_type:is_null_literal: enter
execute:execute_statement:execute_statement:execute_query:execute_plain_select_rows:visit_query_source_rows:visit_streamed_inner_join_rows:visit_table_factor_rows:evaluate:resolve_operator_type:resolve_expression_pair_type:is_null_literal: exit
execute:execute_statement:execute_statement:execute_query:execute_plain_select_rows:visit_query_source_rows:visit_streamed_inner_join_rows:visit_table_factor_rows:evaluate:resolve_operator_type:resolve_expression_pair_type:extract_unknown_string_literal: enter
execute:execute_statement:execute_statement:execute_query:execute_plain_select_rows:visit_query_source_rows:visit_streamed_inner_join_rows:visit_table_factor_rows:evaluate:resolve_operator_type:resolve_expression_pair_type:extract_unknown_string_literal: exit
execute:execute_statement:execute_statement:execute_query:execute_plain_select_rows:visit_query_source_rows:visit_streamed_inner_join_rows:visit_table_factor_rows:evaluate:resolve_operator_type:resolve_expression_pair_type:infer_expression_type: enter
execute:execute_statement:execute_statement:execute_query:execute_plain_select_rows:visit_query_source_rows:visit_streamed_inner_join_rows:visit_table_factor_rows:evaluate:resolve_operator_type:resolve_expression_pair_type:infer_expression_type:extract_ast_value: enter
execute:execute_statement:execute_statement:execute_query:execute_plain_select_rows:visit_query_source_rows:visit_streamed_inner_join_rows:visit_table_factor_rows:evaluate:resolve_operator_type:resolve_expression_pair_type:infer_expression_type:extract_ast_value: exit
execute:execute_statement:execute_statement:execute_query:execute_plain_select_rows:visit_query_source_rows:visit_streamed_inner_join_rows:visit_table_factor_rows:evaluate:resolve_operator_type:resolve_expression_pair_type:infer_expression_type:resolve_column: enter
execute:execute_statement:execute_statement:execute_query:execute_plain_select_rows:visit_query_source_rows:visit_streamed_inner_join_rows:visit_table_factor_rows:evaluate:resolve_operator_type:resolve_expression_pair_type:infer_expression_type:resolve_column:resolve_bound_column: enter
execute:execute_statement:execute_statement:execute_query:execute_plain_select_rows:visit_query_source_rows:visit_streamed_inner_join_rows:visit_table_factor_rows:evaluate:resolve_operator_type:resolve_expression_pair_type:infer_expression_type:resolve_column:resolve_bound_column:matches_identifier: enter
execute:execute_statement:execute_statement:execute_query:execute_plain_select_rows:visit_query_source_rows:visit_streamed_inner_join_rows:visit_table_factor_rows:evaluate:resolve_operator_type:resolve_expression_pair_type:infer_expression_type:resolve_column:resolve_bound_column:matches_identifier: exit
execute:execute_statement:execute_statement:execute_query:execute_plain_select_rows:visit_query_source_rows:visit_streamed_inner_join_rows:visit_table_factor_rows:evaluate:resolve_operator_type:resolve_expression_pair_type:infer_expression_type:resolve_column:resolve_bound_column:matches_identifier: enter
execute:execute_statement:execute_statement:execute_query:execute_plain_select_rows:visit_query_source_rows:visit_streamed_inner_join_rows:visit_table_factor_rows:evaluate:resolve_operator_type:resolve_expression_pair_type:infer_expression_type:resolve_column:resolve_bound_column:matches_identifier: exit
execute:execute_statement:execute_statement:execute_query:execute_plain_select_rows:visit_query_source_rows:visit_streamed_inner_join_rows:visit_table_factor_rows:evaluate:resolve_operator_type:resolve_expression_pair_type:infer_expression_type:resolve_column:resolve_bound_column:matches_identifier: enter
execute:execute_statement:execute_statement:execute_query:execute_plain_select_rows:visit_query_source_rows:visit_streamed_inner_join_rows:visit_table_factor_rows:evaluate:resolve_operator_type:resolve_expression_pair_type:infer_expression_type:resolve_column:resolve_bound_column:matches_identifier: exit
execute:execute_statement:execute_statement:execute_query:execute_plain_select_rows:visit_query_source_rows:visit_streamed_inner_join_rows:visit_table_factor_rows:evaluate:resolve_operator_type:resolve_expression_pair_type:infer_expression_type:resolve_column:resolve_bound_column:matches_identifier: enter
execute:execute_statement:execute_statement:execute_query:execute_plain_select_rows:visit_query_source_rows:visit_streamed_inner_join_rows:visit_table_factor_rows:evaluate:resolve_operator_type:resolve_expression_pair_type:infer_expression_type:resolve_column:resolve_bound_column:matches_identifier: exit
execute:execute_statement:execute_statement:execute_query:execute_plain_select_rows:visit_query_source_rows:visit_streamed_inner_join_rows:visit_table_factor_rows:evaluate:resolve_operator_type:resolve_expression_pair_type:infer_expression_type:resolve_column:resolve_bound_column:matches_identifier: enter
execute:execute_statement:execute_statement:execute_query:execute_plain_select_rows:visit_query_source_rows:visit_streamed_inner_join_rows:visit_table_factor_rows:evaluate:resolve_operator_type:resolve_expression_pair_type:infer_expression_type:resolve_column:resolve_bound_column:matches_identifier: exit
execute:execute_statement:execute_statement:execute_query:execute_plain_select_rows:visit_query_source_rows:visit_streamed_inner_join_rows:visit_table_factor_rows:evaluate:resolve_operator_type:resolve_expression_pair_type:infer_expression_type:resolve_column:resolve_bound_column: exit
execute:execute_statement:execute_statement:execute_query:execute_plain_select_rows:visit_query_source_rows:visit_streamed_inner_join_rows:visit_table_factor_rows:evaluate:resolve_operator_type:resolve_expression_pair_type:infer_expression_type:resolve_column: exit
execute:execute_statement:execute_statement:execute_query:execute_plain_select_rows:visit_query_source_rows:visit_streamed_inner_join_rows:visit_table_factor_rows:evaluate:resolve_operator_type:resolve_expression_pair_type:infer_expression_type: exit
execute:execute_statement:execute_statement:execute_query:execute_plain_select_rows:visit_query_source_rows:visit_streamed_inner_join_rows:visit_table_factor_rows:evaluate:resolve_operator_type:resolve_expression_pair_type:infer_expression_type: enter
execute:execute_statement:execute_statement:execute_query:execute_plain_select_rows:visit_query_source_rows:visit_streamed_inner_join_rows:visit_table_factor_rows:evaluate:resolve_operator_type:resolve_expression_pair_type:infer_expression_type:extract_ast_value: enter
execute:execute_statement:execute_statement:execute_query:execute_plain_select_rows:visit_query_source_rows:visit_streamed_inner_join_rows:visit_table_factor_rows:evaluate:resolve_operator_type:resolve_expression_pair_type:infer_expression_type:extract_ast_value: exit
execute:execute_statement:execute_statement:execute_query:execute_plain_select_rows:visit_query_source_rows:visit_streamed_inner_join_rows:visit_table_factor_rows:evaluate:resolve_operator_type:resolve_expression_pair_type:infer_expression_type: exit
execute:execute_statement:execute_statement:execute_query:execute_plain_select_rows:visit_query_source_rows:visit_streamed_inner_join_rows:visit_table_factor_rows:evaluate:resolve_operator_type:resolve_expression_pair_type:resolve_common_type: enter
execute:execute_statement:execute_statement:execute_query:execute_plain_select_rows:visit_query_source_rows:visit_streamed_inner_join_rows:visit_table_factor_rows:evaluate:resolve_operator_type:resolve_expression_pair_type:resolve_common_type: exit
execute:execute_statement:execute_statement:execute_query:execute_plain_select_rows:visit_query_source_rows:visit_streamed_inner_join_rows:visit_table_factor_rows:evaluate:resolve_operator_type:resolve_expression_pair_type: exit
execute:execute_statement:execute_statement:execute_query:execute_plain_select_rows:visit_query_source_rows:visit_streamed_inner_join_rows:visit_table_factor_rows:evaluate:resolve_operator_type: exit
execute:execute_statement:execute_statement:execute_query:execute_plain_select_rows:visit_query_source_rows:visit_streamed_inner_join_rows:visit_table_factor_rows:evaluate:evaluate_and_coerce: enter
execute:execute_statement:execute_statement:execute_query:execute_plain_select_rows:visit_query_source_rows:visit_streamed_inner_join_rows:visit_table_factor_rows:evaluate:evaluate_and_coerce:extract_unknown_string_literal: enter
execute:execute_statement:execute_statement:execute_query:execute_plain_select_rows:visit_query_source_rows:visit_streamed_inner_join_rows:visit_table_factor_rows:evaluate:evaluate_and_coerce:extract_unknown_string_literal: exit
execute:execute_statement:execute_statement:execute_query:execute_plain_select_rows:visit_query_source_rows:visit_streamed_inner_join_rows:visit_table_factor_rows:evaluate:evaluate_and_coerce:infer_expression_type: enter
execute:execute_statement:execute_statement:execute_query:execute_plain_select_rows:visit_query_source_rows:visit_streamed_inner_join_rows:visit_table_factor_rows:evaluate:evaluate_and_coerce:infer_expression_type:extract_ast_value: enter
execute:execute_statement:execute_statement:execute_query:execute_plain_select_rows:visit_query_source_rows:visit_streamed_inner_join_rows:visit_table_factor_rows:evaluate:evaluate_and_coerce:infer_expression_type:extract_ast_value: exit
execute:execute_statement:execute_statement:execute_query:execute_plain_select_rows:visit_query_source_rows:visit_streamed_inner_join_rows:visit_table_factor_rows:evaluate:evaluate_and_coerce:infer_expression_type:resolve_column: enter
execute:execute_statement:execute_statement:execute_query:execute_plain_select_rows:visit_query_source_rows:visit_streamed_inner_join_rows:visit_table_factor_rows:evaluate:evaluate_and_coerce:infer_expression_type:resolve_column:resolve_bound_column: enter
execute:execute_statement:execute_statement:execute_query:execute_plain_select_rows:visit_query_source_rows:visit_streamed_inner_join_rows:visit_table_factor_rows:evaluate:evaluate_and_coerce:infer_expression_type:resolve_column:resolve_bound_column:matches_identifier: enter
execute:execute_statement:execute_statement:execute_query:execute_plain_select_rows:visit_query_source_rows:visit_streamed_inner_join_rows:visit_table_factor_rows:evaluate:evaluate_and_coerce:infer_expression_type:resolve_column:resolve_bound_column:matches_identifier: exit
execute:execute_statement:execute_statement:execute_query:execute_plain_select_rows:visit_query_source_rows:visit_streamed_inner_join_rows:visit_table_factor_rows:evaluate:evaluate_and_coerce:infer_expression_type:resolve_column:resolve_bound_column:matches_identifier: enter
execute:execute_statement:execute_statement:execute_query:execute_plain_select_rows:visit_query_source_rows:visit_streamed_inner_join_rows:visit_table_factor_rows:evaluate:evaluate_and_coerce:infer_expression_type:resolve_column:resolve_bound_column:matches_identifier: exit
execute:execute_statement:execute_statement:execute_query:execute_plain_select_rows:visit_query_source_rows:visit_streamed_inner_join_rows:visit_table_factor_rows:evaluate:evaluate_and_coerce:infer_expression_type:resolve_column:resolve_bound_column:matches_identifier: enter
execute:execute_statement:execute_statement:execute_query:execute_plain_select_rows:visit_query_source_rows:visit_streamed_inner_join_rows:visit_table_factor_rows:evaluate:evaluate_and_coerce:infer_expression_type:resolve_column:resolve_bound_column:matches_identifier: exit
execute:execute_statement:execute_statement:execute_query:execute_plain_select_rows:visit_query_source_rows:visit_streamed_inner_join_rows:visit_table_factor_rows:evaluate:evaluate_and_coerce:infer_expression_type:resolve_column:resolve_bound_column:matches_identifier: enter
execute:execute_statement:execute_statement:execute_query:execute_plain_select_rows:visit_query_source_rows:visit_streamed_inner_join_rows:visit_table_factor_rows:evaluate:evaluate_and_coerce:infer_expression_type:resolve_column:resolve_bound_column:matches_identifier: exit
execute:execute_statement:execute_statement:execute_query:execute_plain_select_rows:visit_query_source_rows:visit_streamed_inner_join_rows:visit_table_factor_rows:evaluate:evaluate_and_coerce:infer_expression_type:resolve_column:resolve_bound_column:matches_identifier: enter
execute:execute_statement:execute_statement:execute_query:execute_plain_select_rows:visit_query_source_rows:visit_streamed_inner_join_rows:visit_table_factor_rows:evaluate:evaluate_and_coerce:infer_expression_type:resolve_column:resolve_bound_column:matches_identifier: exit
execute:execute_statement:execute_statement:execute_query:execute_plain_select_rows:visit_query_source_rows:visit_streamed_inner_join_rows:visit_table_factor_rows:evaluate:evaluate_and_coerce:infer_expression_type:resolve_column:resolve_bound_column: exit
execute:execute_statement:execute_statement:execute_query:execute_plain_select_rows:visit_query_source_rows:visit_streamed_inner_join_rows:visit_table_factor_rows:evaluate:evaluate_and_coerce:infer_expression_type:resolve_column: exit
execute:execute_statement:execute_statement:execute_query:execute_plain_select_rows:visit_query_source_rows:visit_streamed_inner_join_rows:visit_table_factor_rows:evaluate:evaluate_and_coerce:infer_expression_type: exit
execute:execute_statement:execute_statement:execute_query:execute_plain_select_rows:visit_query_source_rows:visit_streamed_inner_join_rows:visit_table_factor_rows:evaluate:evaluate_and_coerce:evaluate: enter
execute:execute_statement:execute_statement:execute_query:execute_plain_select_rows:visit_query_source_rows:visit_streamed_inner_join_rows:visit_table_factor_rows:evaluate:evaluate_and_coerce:evaluate:resolve_column_value: enter
execute:execute_statement:execute_statement:execute_query:execute_plain_select_rows:visit_query_source_rows:visit_streamed_inner_join_rows:visit_table_factor_rows:evaluate:evaluate_and_coerce:evaluate:resolve_column_value:resolve_bound_column: enter
execute:execute_statement:execute_statement:execute_query:execute_plain_select_rows:visit_query_source_rows:visit_streamed_inner_join_rows:visit_table_factor_rows:evaluate:evaluate_and_coerce:evaluate:resolve_column_value:resolve_bound_column:matches_identifier: enter
execute:execute_statement:execute_statement:execute_query:execute_plain_select_rows:visit_query_source_rows:visit_streamed_inner_join_rows:visit_table_factor_rows:evaluate:evaluate_and_coerce:evaluate:resolve_column_value:resolve_bound_column:matches_identifier: exit
execute:execute_statement:execute_statement:execute_query:execute_plain_select_rows:visit_query_source_rows:visit_streamed_inner_join_rows:visit_table_factor_rows:evaluate:evaluate_and_coerce:evaluate:resolve_column_value:resolve_bound_column:matches_identifier: enter
execute:execute_statement:execute_statement:execute_query:execute_plain_select_rows:visit_query_source_rows:visit_streamed_inner_join_rows:visit_table_factor_rows:evaluate:evaluate_and_coerce:evaluate:resolve_column_value:resolve_bound_column:matches_identifier: exit
execute:execute_statement:execute_statement:execute_query:execute_plain_select_rows:visit_query_source_rows:visit_streamed_inner_join_rows:visit_table_factor_rows:evaluate:evaluate_and_coerce:evaluate:resolve_column_value:resolve_bound_column:matches_identifier: enter
execute:execute_statement:execute_statement:execute_query:execute_plain_select_rows:visit_query_source_rows:visit_streamed_inner_join_rows:visit_table_factor_rows:evaluate:evaluate_and_coerce:evaluate:resolve_column_value:resolve_bound_column:matches_identifier: exit
execute:execute_statement:execute_statement:execute_query:execute_plain_select_rows:visit_query_source_rows:visit_streamed_inner_join_rows:visit_table_factor_rows:evaluate:evaluate_and_coerce:evaluate:resolve_column_value:resolve_bound_column:matches_identifier: enter
execute:execute_statement:execute_statement:execute_query:execute_plain_select_rows:visit_query_source_rows:visit_streamed_inner_join_rows:visit_table_factor_rows:evaluate:evaluate_and_coerce:evaluate:resolve_column_value:resolve_bound_column:matches_identifier: exit
execute:execute_statement:execute_statement:execute_query:execute_plain_select_rows:visit_query_source_rows:visit_streamed_inner_join_rows:visit_table_factor_rows:evaluate:evaluate_and_coerce:evaluate:resolve_column_value:resolve_bound_column:matches_identifier: enter
execute:execute_statement:execute_statement:execute_query:execute_plain_select_rows:visit_query_source_rows:visit_streamed_inner_join_rows:visit_table_factor_rows:evaluate:evaluate_and_coerce:evaluate:resolve_column_value:resolve_bound_column:matches_identifier: exit
execute:execute_statement:execute_statement:execute_query:execute_plain_select_rows:visit_query_source_rows:visit_streamed_inner_join_rows:visit_table_factor_rows:evaluate:evaluate_and_coerce:evaluate:resolve_column_value:resolve_bound_column: exit
execute:execute_statement:execute_statement:execute_query:execute_plain_select_rows:visit_query_source_rows:visit_streamed_inner_join_rows:visit_table_factor_rows:evaluate:evaluate_and_coerce:evaluate:resolve_column_value: exit
execute:execute_statement:execute_statement:execute_query:execute_plain_select_rows:visit_query_source_rows:visit_streamed_inner_join_rows:visit_table_factor_rows:evaluate:evaluate_and_coerce:evaluate: exit
execute:execute_statement:execute_statement:execute_query:execute_plain_select_rows:visit_query_source_rows:visit_streamed_inner_join_rows:visit_table_factor_rows:evaluate:evaluate_and_coerce:create: enter
execute:execute_statement:execute_statement:execute_query:execute_plain_select_rows:visit_query_source_rows:visit_streamed_inner_join_rows:visit_table_factor_rows:evaluate:evaluate_and_coerce:create: exit
execute:execute_statement:execute_statement:execute_query:execute_plain_select_rows:visit_query_source_rows:visit_streamed_inner_join_rows:visit_table_factor_rows:evaluate:evaluate_and_coerce:coerce: enter
execute:execute_statement:execute_statement:execute_query:execute_plain_select_rows:visit_query_source_rows:visit_streamed_inner_join_rows:visit_table_factor_rows:evaluate:evaluate_and_coerce:coerce:is_null: enter
execute:execute_statement:execute_statement:execute_query:execute_plain_select_rows:visit_query_source_rows:visit_streamed_inner_join_rows:visit_table_factor_rows:evaluate:evaluate_and_coerce:coerce:is_null: exit
execute:execute_statement:execute_statement:execute_query:execute_plain_select_rows:visit_query_source_rows:visit_streamed_inner_join_rows:visit_table_factor_rows:evaluate:evaluate_and_coerce:coerce:can_cast: enter
execute:execute_statement:execute_statement:execute_query:execute_plain_select_rows:visit_query_source_rows:visit_streamed_inner_join_rows:visit_table_factor_rows:evaluate:evaluate_and_coerce:coerce:can_cast:resolve_required_cast_context: enter
execute:execute_statement:execute_statement:execute_query:execute_plain_select_rows:visit_query_source_rows:visit_streamed_inner_join_rows:visit_table_factor_rows:evaluate:evaluate_and_coerce:coerce:can_cast:resolve_required_cast_context: exit
execute:execute_statement:execute_statement:execute_query:execute_plain_select_rows:visit_query_source_rows:visit_streamed_inner_join_rows:visit_table_factor_rows:evaluate:evaluate_and_coerce:coerce:can_cast: exit
execute:execute_statement:execute_statement:execute_query:execute_plain_select_rows:visit_query_source_rows:visit_streamed_inner_join_rows:visit_table_factor_rows:evaluate:evaluate_and_coerce:coerce:apply_typmod: enter
execute:execute_statement:execute_statement:execute_query:execute_plain_select_rows:visit_query_source_rows:visit_streamed_inner_join_rows:visit_table_factor_rows:evaluate:evaluate_and_coerce:coerce:apply_typmod: exit
execute:execute_statement:execute_statement:execute_query:execute_plain_select_rows:visit_query_source_rows:visit_streamed_inner_join_rows:visit_table_factor_rows:evaluate:evaluate_and_coerce:coerce: exit
execute:execute_statement:execute_statement:execute_query:execute_plain_select_rows:visit_query_source_rows:visit_streamed_inner_join_rows:visit_table_factor_rows:evaluate:evaluate_and_coerce: exit
execute:execute_statement:execute_statement:execute_query:execute_plain_select_rows:visit_query_source_rows:visit_streamed_inner_join_rows:visit_table_factor_rows:evaluate:evaluate_and_coerce: enter
execute:execute_statement:execute_statement:execute_query:execute_plain_select_rows:visit_query_source_rows:visit_streamed_inner_join_rows:visit_table_factor_rows:evaluate:evaluate_and_coerce:extract_unknown_string_literal: enter
execute:execute_statement:execute_statement:execute_query:execute_plain_select_rows:visit_query_source_rows:visit_streamed_inner_join_rows:visit_table_factor_rows:evaluate:evaluate_and_coerce:extract_unknown_string_literal: exit
execute:execute_statement:execute_statement:execute_query:execute_plain_select_rows:visit_query_source_rows:visit_streamed_inner_join_rows:visit_table_factor_rows:evaluate:evaluate_and_coerce:infer_expression_type: enter
execute:execute_statement:execute_statement:execute_query:execute_plain_select_rows:visit_query_source_rows:visit_streamed_inner_join_rows:visit_table_factor_rows:evaluate:evaluate_and_coerce:infer_expression_type:extract_ast_value: enter
execute:execute_statement:execute_statement:execute_query:execute_plain_select_rows:visit_query_source_rows:visit_streamed_inner_join_rows:visit_table_factor_rows:evaluate:evaluate_and_coerce:infer_expression_type:extract_ast_value: exit
execute:execute_statement:execute_statement:execute_query:execute_plain_select_rows:visit_query_source_rows:visit_streamed_inner_join_rows:visit_table_factor_rows:evaluate:evaluate_and_coerce:infer_expression_type: exit
execute:execute_statement:execute_statement:execute_query:execute_plain_select_rows:visit_query_source_rows:visit_streamed_inner_join_rows:visit_table_factor_rows:evaluate:evaluate_and_coerce:evaluate: enter
execute:execute_statement:execute_statement:execute_query:execute_plain_select_rows:visit_query_source_rows:visit_streamed_inner_join_rows:visit_table_factor_rows:evaluate:evaluate_and_coerce:evaluate:evaluate_literal: enter
execute:execute_statement:execute_statement:execute_query:execute_plain_select_rows:visit_query_source_rows:visit_streamed_inner_join_rows:visit_table_factor_rows:evaluate:evaluate_and_coerce:evaluate:evaluate_literal:extract_ast_value: enter
execute:execute_statement:execute_statement:execute_query:execute_plain_select_rows:visit_query_source_rows:visit_streamed_inner_join_rows:visit_table_factor_rows:evaluate:evaluate_and_coerce:evaluate:evaluate_literal:extract_ast_value: exit
execute:execute_statement:execute_statement:execute_query:execute_plain_select_rows:visit_query_source_rows:visit_streamed_inner_join_rows:visit_table_factor_rows:evaluate:evaluate_and_coerce:evaluate:evaluate_literal: exit
execute:execute_statement:execute_statement:execute_query:execute_plain_select_rows:visit_query_source_rows:visit_streamed_inner_join_rows:visit_table_factor_rows:evaluate:evaluate_and_coerce:evaluate: exit
execute:execute_statement:execute_statement:execute_query:execute_plain_select_rows:visit_query_source_rows:visit_streamed_inner_join_rows:visit_table_factor_rows:evaluate:evaluate_and_coerce:create: enter
execute:execute_statement:execute_statement:execute_query:execute_plain_select_rows:visit_query_source_rows:visit_streamed_inner_join_rows:visit_table_factor_rows:evaluate:evaluate_and_coerce:create: exit
execute:execute_statement:execute_statement:execute_query:execute_plain_select_rows:visit_query_source_rows:visit_streamed_inner_join_rows:visit_table_factor_rows:evaluate:evaluate_and_coerce:coerce: enter
execute:execute_statement:execute_statement:execute_query:execute_plain_select_rows:visit_query_source_rows:visit_streamed_inner_join_rows:visit_table_factor_rows:evaluate:evaluate_and_coerce:coerce:is_null: enter
execute:execute_statement:execute_statement:execute_query:execute_plain_select_rows:visit_query_source_rows:visit_streamed_inner_join_rows:visit_table_factor_rows:evaluate:evaluate_and_coerce:coerce:is_null: exit
execute:execute_statement:execute_statement:execute_query:execute_plain_select_rows:visit_query_source_rows:visit_streamed_inner_join_rows:visit_table_factor_rows:evaluate:evaluate_and_coerce:coerce:can_cast: enter
execute:execute_statement:execute_statement:execute_query:execute_plain_select_rows:visit_query_source_rows:visit_streamed_inner_join_rows:visit_table_factor_rows:evaluate:evaluate_and_coerce:coerce:can_cast:resolve_required_cast_context: enter
execute:execute_statement:execute_statement:execute_query:execute_plain_select_rows:visit_query_source_rows:visit_streamed_inner_join_rows:visit_table_factor_rows:evaluate:evaluate_and_coerce:coerce:can_cast:resolve_required_cast_context: exit
execute:execute_statement:execute_statement:execute_query:execute_plain_select_rows:visit_query_source_rows:visit_streamed_inner_join_rows:visit_table_factor_rows:evaluate:evaluate_and_coerce:coerce:can_cast: exit
execute:execute_statement:execute_statement:execute_query:execute_plain_select_rows:visit_query_source_rows:visit_streamed_inner_join_rows:visit_table_factor_rows:evaluate:evaluate_and_coerce:coerce:apply_typmod: enter
execute:execute_statement:execute_statement:execute_query:execute_plain_select_rows:visit_query_source_rows:visit_streamed_inner_join_rows:visit_table_factor_rows:evaluate:evaluate_and_coerce:coerce:apply_typmod: exit
execute:execute_statement:execute_statement:execute_query:execute_plain_select_rows:visit_query_source_rows:visit_streamed_inner_join_rows:visit_table_factor_rows:evaluate:evaluate_and_coerce:coerce: exit
execute:execute_statement:execute_statement:execute_query:execute_plain_select_rows:visit_query_source_rows:visit_streamed_inner_join_rows:visit_table_factor_rows:evaluate:evaluate_and_coerce: exit
execute:execute_statement:execute_statement:execute_query:execute_plain_select_rows:visit_query_source_rows:visit_streamed_inner_join_rows:visit_table_factor_rows:evaluate:is_null: enter
execute:execute_statement:execute_statement:execute_query:execute_plain_select_rows:visit_query_source_rows:visit_streamed_inner_join_rows:visit_table_factor_rows:evaluate:is_null: exit
execute:execute_statement:execute_statement:execute_query:execute_plain_select_rows:visit_query_source_rows:visit_streamed_inner_join_rows:visit_table_factor_rows:evaluate:is_null: enter
execute:execute_statement:execute_statement:execute_query:execute_plain_select_rows:visit_query_source_rows:visit_streamed_inner_join_rows:visit_table_factor_rows:evaluate:is_null: exit
execute:execute_statement:execute_statement:execute_query:execute_plain_select_rows:visit_query_source_rows:visit_streamed_inner_join_rows:visit_table_factor_rows:evaluate:evaluate_comparison: enter
execute:execute_statement:execute_statement:execute_query:execute_plain_select_rows:visit_query_source_rows:visit_streamed_inner_join_rows:visit_table_factor_rows:evaluate:evaluate_comparison:compare_values: enter
execute:execute_statement:execute_statement:execute_query:execute_plain_select_rows:visit_query_source_rows:visit_streamed_inner_join_rows:visit_table_factor_rows:evaluate:evaluate_comparison:compare_values: exit
execute:execute_statement:execute_statement:execute_query:execute_plain_select_rows:visit_query_source_rows:visit_streamed_inner_join_rows:visit_table_factor_rows:evaluate:evaluate_comparison: exit
execute:execute_statement:execute_statement:execute_query:execute_plain_select_rows:visit_query_source_rows:visit_streamed_inner_join_rows:visit_table_factor_rows:evaluate: exit
execute:execute_statement:execute_statement:execute_query:execute_plain_select_rows:visit_query_source_rows:visit_streamed_inner_join_rows:visit_table_factor_rows:visit_nested_loop_join_rows: enter
execute:execute_statement:execute_statement:execute_query:execute_plain_select_rows:visit_query_source_rows:visit_streamed_inner_join_rows:visit_table_factor_rows:visit_nested_loop_join_rows:evaluate_where_clause: enter
execute:execute_statement:execute_statement:execute_query:execute_plain_select_rows:visit_query_source_rows:visit_streamed_inner_join_rows:visit_table_factor_rows:visit_nested_loop_join_rows:evaluate_where_clause:evaluate_query_expression: enter
execute:execute_statement:execute_statement:execute_query:execute_plain_select_rows:visit_query_source_rows:visit_streamed_inner_join_rows:visit_table_factor_rows:visit_nested_loop_join_rows:evaluate_where_clause:evaluate_query_expression:contains_subquery: enter
execute:execute_statement:execute_statement:execute_query:execute_plain_select_rows:visit_query_source_rows:visit_streamed_inner_join_rows:visit_table_factor_rows:visit_nested_loop_join_rows:evaluate_where_clause:evaluate_query_expression:contains_subquery: exit
execute:execute_statement:execute_statement:execute_query:execute_plain_select_rows:visit_query_source_rows:visit_streamed_inner_join_rows:visit_table_factor_rows:visit_nested_loop_join_rows:evaluate_where_clause:evaluate_query_expression:evaluate: enter
execute:execute_statement:execute_statement:execute_query:execute_plain_select_rows:visit_query_source_rows:visit_streamed_inner_join_rows:visit_table_factor_rows:visit_nested_loop_join_rows:evaluate_where_clause:evaluate_query_expression:evaluate:infer_expression_type: enter
execute:execute_statement:execute_statement:execute_query:execute_plain_select_rows:visit_query_source_rows:visit_streamed_inner_join_rows:visit_table_factor_rows:visit_nested_loop_join_rows:evaluate_where_clause:evaluate_query_expression:evaluate:infer_expression_type:extract_ast_value: enter
execute:execute_statement:execute_statement:execute_query:execute_plain_select_rows:visit_query_source_rows:visit_streamed_inner_join_rows:visit_table_factor_rows:visit_nested_loop_join_rows:evaluate_where_clause:evaluate_query_expression:evaluate:infer_expression_type:extract_ast_value: exit
execute:execute_statement:execute_statement:execute_query:execute_plain_select_rows:visit_query_source_rows:visit_streamed_inner_join_rows:visit_table_factor_rows:visit_nested_loop_join_rows:evaluate_where_clause:evaluate_query_expression:evaluate:infer_expression_type:resolve_column: enter
execute:execute_statement:execute_statement:execute_query:execute_plain_select_rows:visit_query_source_rows:visit_streamed_inner_join_rows:visit_table_factor_rows:visit_nested_loop_join_rows:evaluate_where_clause:evaluate_query_expression:evaluate:infer_expression_type:resolve_column:resolve_bound_column: enter
execute:execute_statement:execute_statement:execute_query:execute_plain_select_rows:visit_query_source_rows:visit_streamed_inner_join_rows:visit_table_factor_rows:visit_nested_loop_join_rows:evaluate_where_clause:evaluate_query_expression:evaluate:infer_expression_type:resolve_column:resolve_bound_column:matches_identifier: enter
execute:execute_statement:execute_statement:execute_query:execute_plain_select_rows:visit_query_source_rows:visit_streamed_inner_join_rows:visit_table_factor_rows:visit_nested_loop_join_rows:evaluate_where_clause:evaluate_query_expression:evaluate:infer_expression_type:resolve_column:resolve_bound_column:matches_identifier: exit
execute:execute_statement:execute_statement:execute_query:execute_plain_select_rows:visit_query_source_rows:visit_streamed_inner_join_rows:visit_table_factor_rows:visit_nested_loop_join_rows:evaluate_where_clause:evaluate_query_expression:evaluate:infer_expression_type:resolve_column:resolve_bound_column:matches_identifier: enter
execute:execute_statement:execute_statement:execute_query:execute_plain_select_rows:visit_query_source_rows:visit_streamed_inner_join_rows:visit_table_factor_rows:visit_nested_loop_join_rows:evaluate_where_clause:evaluate_query_expression:evaluate:infer_expression_type:resolve_column:resolve_bound_column:matches_identifier: exit
execute:execute_statement:execute_statement:execute_query:execute_plain_select_rows:visit_query_source_rows:visit_streamed_inner_join_rows:visit_table_factor_rows:visit_nested_loop_join_rows:evaluate_where_clause:evaluate_query_expression:evaluate:infer_expression_type:resolve_column:resolve_bound_column:matches_identifier: enter
execute:execute_statement:execute_statement:execute_query:execute_plain_select_rows:visit_query_source_rows:visit_streamed_inner_join_rows:visit_table_factor_rows:visit_nested_loop_join_rows:evaluate_where_clause:evaluate_query_expression:evaluate:infer_expression_type:resolve_column:resolve_bound_column:matches_identifier: exit
execute:execute_statement:execute_statement:execute_query:execute_plain_select_rows:visit_query_source_rows:visit_streamed_inner_join_rows:visit_table_factor_rows:visit_nested_loop_join_rows:evaluate_where_clause:evaluate_query_expression:evaluate:infer_expression_type:resolve_column:resolve_bound_column:matches_identifier: enter
execute:execute_statement:execute_statement:execute_query:execute_plain_select_rows:visit_query_source_rows:visit_streamed_inner_join_rows:visit_table_factor_rows:visit_nested_loop_join_rows:evaluate_where_clause:evaluate_query_expression:evaluate:infer_expression_type:resolve_column:resolve_bound_column:matches_identifier: exit
execute:execute_statement:execute_statement:execute_query:execute_plain_select_rows:visit_query_source_rows:visit_streamed_inner_join_rows:visit_table_factor_rows:visit_nested_loop_join_rows:evaluate_where_clause:evaluate_query_expression:evaluate:infer_expression_type:resolve_column:resolve_bound_column:matches_identifier: enter
execute:execute_statement:execute_statement:execute_query:execute_plain_select_rows:visit_query_source_rows:visit_streamed_inner_join_rows:visit_table_factor_rows:visit_nested_loop_join_rows:evaluate_where_clause:evaluate_query_expression:evaluate:infer_expression_type:resolve_column:resolve_bound_column:matches_identifier: exit
execute:execute_statement:execute_statement:execute_query:execute_plain_select_rows:visit_query_source_rows:visit_streamed_inner_join_rows:visit_table_factor_rows:visit_nested_loop_join_rows:evaluate_where_clause:evaluate_query_expression:evaluate:infer_expression_type:resolve_column:resolve_bound_column: exit
execute:execute_statement:execute_statement:execute_query:execute_plain_select_rows:visit_query_source_rows:visit_streamed_inner_join_rows:visit_table_factor_rows:visit_nested_loop_join_rows:evaluate_where_clause:evaluate_query_expression:evaluate:infer_expression_type:resolve_column: exit
execute:execute_statement:execute_statement:execute_query:execute_plain_select_rows:visit_query_source_rows:visit_streamed_inner_join_rows:visit_table_factor_rows:visit_nested_loop_join_rows:evaluate_where_clause:evaluate_query_expression:evaluate:infer_expression_type: exit
execute:execute_statement:execute_statement:execute_query:execute_plain_select_rows:visit_query_source_rows:visit_streamed_inner_join_rows:visit_table_factor_rows:visit_nested_loop_join_rows:evaluate_where_clause:evaluate_query_expression:evaluate:infer_expression_type: enter
execute:execute_statement:execute_statement:execute_query:execute_plain_select_rows:visit_query_source_rows:visit_streamed_inner_join_rows:visit_table_factor_rows:visit_nested_loop_join_rows:evaluate_where_clause:evaluate_query_expression:evaluate:infer_expression_type:extract_ast_value: enter
execute:execute_statement:execute_statement:execute_query:execute_plain_select_rows:visit_query_source_rows:visit_streamed_inner_join_rows:visit_table_factor_rows:visit_nested_loop_join_rows:evaluate_where_clause:evaluate_query_expression:evaluate:infer_expression_type:extract_ast_value: exit
execute:execute_statement:execute_statement:execute_query:execute_plain_select_rows:visit_query_source_rows:visit_streamed_inner_join_rows:visit_table_factor_rows:visit_nested_loop_join_rows:evaluate_where_clause:evaluate_query_expression:evaluate:infer_expression_type: exit
execute:execute_statement:execute_statement:execute_query:execute_plain_select_rows:visit_query_source_rows:visit_streamed_inner_join_rows:visit_table_factor_rows:visit_nested_loop_join_rows:evaluate_where_clause:evaluate_query_expression:evaluate:resolve_operator_type: enter
execute:execute_statement:execute_statement:execute_query:execute_plain_select_rows:visit_query_source_rows:visit_streamed_inner_join_rows:visit_table_factor_rows:visit_nested_loop_join_rows:evaluate_where_clause:evaluate_query_expression:evaluate:resolve_operator_type:is_parameter_placeholder: enter
execute:execute_statement:execute_statement:execute_query:execute_plain_select_rows:visit_query_source_rows:visit_streamed_inner_join_rows:visit_table_factor_rows:visit_nested_loop_join_rows:evaluate_where_clause:evaluate_query_expression:evaluate:resolve_operator_type:is_parameter_placeholder:extract_ast_value: enter
execute:execute_statement:execute_statement:execute_query:execute_plain_select_rows:visit_query_source_rows:visit_streamed_inner_join_rows:visit_table_factor_rows:visit_nested_loop_join_rows:evaluate_where_clause:evaluate_query_expression:evaluate:resolve_operator_type:is_parameter_placeholder:extract_ast_value: exit
execute:execute_statement:execute_statement:execute_query:execute_plain_select_rows:visit_query_source_rows:visit_streamed_inner_join_rows:visit_table_factor_rows:visit_nested_loop_join_rows:evaluate_where_clause:evaluate_query_expression:evaluate:resolve_operator_type:is_parameter_placeholder: exit
execute:execute_statement:execute_statement:execute_query:execute_plain_select_rows:visit_query_source_rows:visit_streamed_inner_join_rows:visit_table_factor_rows:visit_nested_loop_join_rows:evaluate_where_clause:evaluate_query_expression:evaluate:resolve_operator_type:is_parameter_placeholder: enter
execute:execute_statement:execute_statement:execute_query:execute_plain_select_rows:visit_query_source_rows:visit_streamed_inner_join_rows:visit_table_factor_rows:visit_nested_loop_join_rows:evaluate_where_clause:evaluate_query_expression:evaluate:resolve_operator_type:is_parameter_placeholder:extract_ast_value: enter
execute:execute_statement:execute_statement:execute_query:execute_plain_select_rows:visit_query_source_rows:visit_streamed_inner_join_rows:visit_table_factor_rows:visit_nested_loop_join_rows:evaluate_where_clause:evaluate_query_expression:evaluate:resolve_operator_type:is_parameter_placeholder:extract_ast_value: exit
execute:execute_statement:execute_statement:execute_query:execute_plain_select_rows:visit_query_source_rows:visit_streamed_inner_join_rows:visit_table_factor_rows:visit_nested_loop_join_rows:evaluate_where_clause:evaluate_query_expression:evaluate:resolve_operator_type:is_parameter_placeholder: exit
execute:execute_statement:execute_statement:execute_query:execute_plain_select_rows:visit_query_source_rows:visit_streamed_inner_join_rows:visit_table_factor_rows:visit_nested_loop_join_rows:evaluate_where_clause:evaluate_query_expression:evaluate:resolve_operator_type:infer_expression_type: enter
execute:execute_statement:execute_statement:execute_query:execute_plain_select_rows:visit_query_source_rows:visit_streamed_inner_join_rows:visit_table_factor_rows:visit_nested_loop_join_rows:evaluate_where_clause:evaluate_query_expression:evaluate:resolve_operator_type:infer_expression_type:extract_ast_value: enter
execute:execute_statement:execute_statement:execute_query:execute_plain_select_rows:visit_query_source_rows:visit_streamed_inner_join_rows:visit_table_factor_rows:visit_nested_loop_join_rows:evaluate_where_clause:evaluate_query_expression:evaluate:resolve_operator_type:infer_expression_type:extract_ast_value: exit
execute:execute_statement:execute_statement:execute_query:execute_plain_select_rows:visit_query_source_rows:visit_streamed_inner_join_rows:visit_table_factor_rows:visit_nested_loop_join_rows:evaluate_where_clause:evaluate_query_expression:evaluate:resolve_operator_type:infer_expression_type:resolve_column: enter
execute:execute_statement:execute_statement:execute_query:execute_plain_select_rows:visit_query_source_rows:visit_streamed_inner_join_rows:visit_table_factor_rows:visit_nested_loop_join_rows:evaluate_where_clause:evaluate_query_expression:evaluate:resolve_operator_type:infer_expression_type:resolve_column:resolve_bound_column: enter
execute:execute_statement:execute_statement:execute_query:execute_plain_select_rows:visit_query_source_rows:visit_streamed_inner_join_rows:visit_table_factor_rows:visit_nested_loop_join_rows:evaluate_where_clause:evaluate_query_expression:evaluate:resolve_operator_type:infer_expression_type:resolve_column:resolve_bound_column:matches_identifier: enter
execute:execute_statement:execute_statement:execute_query:execute_plain_select_rows:visit_query_source_rows:visit_streamed_inner_join_rows:visit_table_factor_rows:visit_nested_loop_join_rows:evaluate_where_clause:evaluate_query_expression:evaluate:resolve_operator_type:infer_expression_type:resolve_column:resolve_bound_column:matches_identifier: exit
execute:execute_statement:execute_statement:execute_query:execute_plain_select_rows:visit_query_source_rows:visit_streamed_inner_join_rows:visit_table_factor_rows:visit_nested_loop_join_rows:evaluate_where_clause:evaluate_query_expression:evaluate:resolve_operator_type:infer_expression_type:resolve_column:resolve_bound_column:matches_identifier: enter
execute:execute_statement:execute_statement:execute_query:execute_plain_select_rows:visit_query_source_rows:visit_streamed_inner_join_rows:visit_table_factor_rows:visit_nested_loop_join_rows:evaluate_where_clause:evaluate_query_expression:evaluate:resolve_operator_type:infer_expression_type:resolve_column:resolve_bound_column:matches_identifier: exit
execute:execute_statement:execute_statement:execute_query:execute_plain_select_rows:visit_query_source_rows:visit_streamed_inner_join_rows:visit_table_factor_rows:visit_nested_loop_join_rows:evaluate_where_clause:evaluate_query_expression:evaluate:resolve_operator_type:infer_expression_type:resolve_column:resolve_bound_column:matches_identifier: enter
execute:execute_statement:execute_statement:execute_query:execute_plain_select_rows:visit_query_source_rows:visit_streamed_inner_join_rows:visit_table_factor_rows:visit_nested_loop_join_rows:evaluate_where_clause:evaluate_query_expression:evaluate:resolve_operator_type:infer_expression_type:resolve_column:resolve_bound_column:matches_identifier: exit
execute:execute_statement:execute_statement:execute_query:execute_plain_select_rows:visit_query_source_rows:visit_streamed_inner_join_rows:visit_table_factor_rows:visit_nested_loop_join_rows:evaluate_where_clause:evaluate_query_expression:evaluate:resolve_operator_type:infer_expression_type:resolve_column:resolve_bound_column:matches_identifier: enter
execute:execute_statement:execute_statement:execute_query:execute_plain_select_rows:visit_query_source_rows:visit_streamed_inner_join_rows:visit_table_factor_rows:visit_nested_loop_join_rows:evaluate_where_clause:evaluate_query_expression:evaluate:resolve_operator_type:infer_expression_type:resolve_column:resolve_bound_column:matches_identifier: exit
execute:execute_statement:execute_statement:execute_query:execute_plain_select_rows:visit_query_source_rows:visit_streamed_inner_join_rows:visit_table_factor_rows:visit_nested_loop_join_rows:evaluate_where_clause:evaluate_query_expression:evaluate:resolve_operator_type:infer_expression_type:resolve_column:resolve_bound_column:matches_identifier: enter
execute:execute_statement:execute_statement:execute_query:execute_plain_select_rows:visit_query_source_rows:visit_streamed_inner_join_rows:visit_table_factor_rows:visit_nested_loop_join_rows:evaluate_where_clause:evaluate_query_expression:evaluate:resolve_operator_type:infer_expression_type:resolve_column:resolve_bound_column:matches_identifier: exit
execute:execute_statement:execute_statement:execute_query:execute_plain_select_rows:visit_query_source_rows:visit_streamed_inner_join_rows:visit_table_factor_rows:visit_nested_loop_join_rows:evaluate_where_clause:evaluate_query_expression:evaluate:resolve_operator_type:infer_expression_type:resolve_column:resolve_bound_column: exit
execute:execute_statement:execute_statement:execute_query:execute_plain_select_rows:visit_query_source_rows:visit_streamed_inner_join_rows:visit_table_factor_rows:visit_nested_loop_join_rows:evaluate_where_clause:evaluate_query_expression:evaluate:resolve_operator_type:infer_expression_type:resolve_column: exit
execute:execute_statement:execute_statement:execute_query:execute_plain_select_rows:visit_query_source_rows:visit_streamed_inner_join_rows:visit_table_factor_rows:visit_nested_loop_join_rows:evaluate_where_clause:evaluate_query_expression:evaluate:resolve_operator_type:infer_expression_type: exit
execute:execute_statement:execute_statement:execute_query:execute_plain_select_rows:visit_query_source_rows:visit_streamed_inner_join_rows:visit_table_factor_rows:visit_nested_loop_join_rows:evaluate_where_clause:evaluate_query_expression:evaluate:resolve_operator_type:infer_expression_type: enter
execute:execute_statement:execute_statement:execute_query:execute_plain_select_rows:visit_query_source_rows:visit_streamed_inner_join_rows:visit_table_factor_rows:visit_nested_loop_join_rows:evaluate_where_clause:evaluate_query_expression:evaluate:resolve_operator_type:infer_expression_type:extract_ast_value: enter
execute:execute_statement:execute_statement:execute_query:execute_plain_select_rows:visit_query_source_rows:visit_streamed_inner_join_rows:visit_table_factor_rows:visit_nested_loop_join_rows:evaluate_where_clause:evaluate_query_expression:evaluate:resolve_operator_type:infer_expression_type:extract_ast_value: exit
execute:execute_statement:execute_statement:execute_query:execute_plain_select_rows:visit_query_source_rows:visit_streamed_inner_join_rows:visit_table_factor_rows:visit_nested_loop_join_rows:evaluate_where_clause:evaluate_query_expression:evaluate:resolve_operator_type:infer_expression_type: exit
execute:execute_statement:execute_statement:execute_query:execute_plain_select_rows:visit_query_source_rows:visit_streamed_inner_join_rows:visit_table_factor_rows:visit_nested_loop_join_rows:evaluate_where_clause:evaluate_query_expression:evaluate:resolve_operator_type:resolve_expression_pair_type: enter
execute:execute_statement:execute_statement:execute_query:execute_plain_select_rows:visit_query_source_rows:visit_streamed_inner_join_rows:visit_table_factor_rows:visit_nested_loop_join_rows:evaluate_where_clause:evaluate_query_expression:evaluate:resolve_operator_type:resolve_expression_pair_type:is_null_literal: enter
execute:execute_statement:execute_statement:execute_query:execute_plain_select_rows:visit_query_source_rows:visit_streamed_inner_join_rows:visit_table_factor_rows:visit_nested_loop_join_rows:evaluate_where_clause:evaluate_query_expression:evaluate:resolve_operator_type:resolve_expression_pair_type:is_null_literal: exit
execute:execute_statement:execute_statement:execute_query:execute_plain_select_rows:visit_query_source_rows:visit_streamed_inner_join_rows:visit_table_factor_rows:visit_nested_loop_join_rows:evaluate_where_clause:evaluate_query_expression:evaluate:resolve_operator_type:resolve_expression_pair_type:extract_unknown_string_literal: enter
execute:execute_statement:execute_statement:execute_query:execute_plain_select_rows:visit_query_source_rows:visit_streamed_inner_join_rows:visit_table_factor_rows:visit_nested_loop_join_rows:evaluate_where_clause:evaluate_query_expression:evaluate:resolve_operator_type:resolve_expression_pair_type:extract_unknown_string_literal: exit
execute:execute_statement:execute_statement:execute_query:execute_plain_select_rows:visit_query_source_rows:visit_streamed_inner_join_rows:visit_table_factor_rows:visit_nested_loop_join_rows:evaluate_where_clause:evaluate_query_expression:evaluate:resolve_operator_type:resolve_expression_pair_type:is_null_literal: enter
execute:execute_statement:execute_statement:execute_query:execute_plain_select_rows:visit_query_source_rows:visit_streamed_inner_join_rows:visit_table_factor_rows:visit_nested_loop_join_rows:evaluate_where_clause:evaluate_query_expression:evaluate:resolve_operator_type:resolve_expression_pair_type:is_null_literal: exit
execute:execute_statement:execute_statement:execute_query:execute_plain_select_rows:visit_query_source_rows:visit_streamed_inner_join_rows:visit_table_factor_rows:visit_nested_loop_join_rows:evaluate_where_clause:evaluate_query_expression:evaluate:resolve_operator_type:resolve_expression_pair_type:extract_unknown_string_literal: enter
execute:execute_statement:execute_statement:execute_query:execute_plain_select_rows:visit_query_source_rows:visit_streamed_inner_join_rows:visit_table_factor_rows:visit_nested_loop_join_rows:evaluate_where_clause:evaluate_query_expression:evaluate:resolve_operator_type:resolve_expression_pair_type:extract_unknown_string_literal: exit
execute:execute_statement:execute_statement:execute_query:execute_plain_select_rows:visit_query_source_rows:visit_streamed_inner_join_rows:visit_table_factor_rows:visit_nested_loop_join_rows:evaluate_where_clause:evaluate_query_expression:evaluate:resolve_operator_type:resolve_expression_pair_type:is_null_literal: enter
execute:execute_statement:execute_statement:execute_query:execute_plain_select_rows:visit_query_source_rows:visit_streamed_inner_join_rows:visit_table_factor_rows:visit_nested_loop_join_rows:evaluate_where_clause:evaluate_query_expression:evaluate:resolve_operator_type:resolve_expression_pair_type:is_null_literal: exit
execute:execute_statement:execute_statement:execute_query:execute_plain_select_rows:visit_query_source_rows:visit_streamed_inner_join_rows:visit_table_factor_rows:visit_nested_loop_join_rows:evaluate_where_clause:evaluate_query_expression:evaluate:resolve_operator_type:resolve_expression_pair_type:extract_unknown_string_literal: enter
execute:execute_statement:execute_statement:execute_query:execute_plain_select_rows:visit_query_source_rows:visit_streamed_inner_join_rows:visit_table_factor_rows:visit_nested_loop_join_rows:evaluate_where_clause:evaluate_query_expression:evaluate:resolve_operator_type:resolve_expression_pair_type:extract_unknown_string_literal: exit
execute:execute_statement:execute_statement:execute_query:execute_plain_select_rows:visit_query_source_rows:visit_streamed_inner_join_rows:visit_table_factor_rows:visit_nested_loop_join_rows:evaluate_where_clause:evaluate_query_expression:evaluate:resolve_operator_type:resolve_expression_pair_type:infer_expression_type: enter
execute:execute_statement:execute_statement:execute_query:execute_plain_select_rows:visit_query_source_rows:visit_streamed_inner_join_rows:visit_table_factor_rows:visit_nested_loop_join_rows:evaluate_where_clause:evaluate_query_expression:evaluate:resolve_operator_type:resolve_expression_pair_type:infer_expression_type:extract_ast_value: enter
execute:execute_statement:execute_statement:execute_query:execute_plain_select_rows:visit_query_source_rows:visit_streamed_inner_join_rows:visit_table_factor_rows:visit_nested_loop_join_rows:evaluate_where_clause:evaluate_query_expression:evaluate:resolve_operator_type:resolve_expression_pair_type:infer_expression_type:extract_ast_value: exit
execute:execute_statement:execute_statement:execute_query:execute_plain_select_rows:visit_query_source_rows:visit_streamed_inner_join_rows:visit_table_factor_rows:visit_nested_loop_join_rows:evaluate_where_clause:evaluate_query_expression:evaluate:resolve_operator_type:resolve_expression_pair_type:infer_expression_type:resolve_column: enter
execute:execute_statement:execute_statement:execute_query:execute_plain_select_rows:visit_query_source_rows:visit_streamed_inner_join_rows:visit_table_factor_rows:visit_nested_loop_join_rows:evaluate_where_clause:evaluate_query_expression:evaluate:resolve_operator_type:resolve_expression_pair_type:infer_expression_type:resolve_column:resolve_bound_column: enter
execute:execute_statement:execute_statement:execute_query:execute_plain_select_rows:visit_query_source_rows:visit_streamed_inner_join_rows:visit_table_factor_rows:visit_nested_loop_join_rows:evaluate_where_clause:evaluate_query_expression:evaluate:resolve_operator_type:resolve_expression_pair_type:infer_expression_type:resolve_column:resolve_bound_column:matches_identifier: enter
execute:execute_statement:execute_statement:execute_query:execute_plain_select_rows:visit_query_source_rows:visit_streamed_inner_join_rows:visit_table_factor_rows:visit_nested_loop_join_rows:evaluate_where_clause:evaluate_query_expression:evaluate:resolve_operator_type:resolve_expression_pair_type:infer_expression_type:resolve_column:resolve_bound_column:matches_identifier: exit
execute:execute_statement:execute_statement:execute_query:execute_plain_select_rows:visit_query_source_rows:visit_streamed_inner_join_rows:visit_table_factor_rows:visit_nested_loop_join_rows:evaluate_where_clause:evaluate_query_expression:evaluate:resolve_operator_type:resolve_expression_pair_type:infer_expression_type:resolve_column:resolve_bound_column:matches_identifier: enter
execute:execute_statement:execute_statement:execute_query:execute_plain_select_rows:visit_query_source_rows:visit_streamed_inner_join_rows:visit_table_factor_rows:visit_nested_loop_join_rows:evaluate_where_clause:evaluate_query_expression:evaluate:resolve_operator_type:resolve_expression_pair_type:infer_expression_type:resolve_column:resolve_bound_column:matches_identifier: exit
execute:execute_statement:execute_statement:execute_query:execute_plain_select_rows:visit_query_source_rows:visit_streamed_inner_join_rows:visit_table_factor_rows:visit_nested_loop_join_rows:evaluate_where_clause:evaluate_query_expression:evaluate:resolve_operator_type:resolve_expression_pair_type:infer_expression_type:resolve_column:resolve_bound_column:matches_identifier: enter
execute:execute_statement:execute_statement:execute_query:execute_plain_select_rows:visit_query_source_rows:visit_streamed_inner_join_rows:visit_table_factor_rows:visit_nested_loop_join_rows:evaluate_where_clause:evaluate_query_expression:evaluate:resolve_operator_type:resolve_expression_pair_type:infer_expression_type:resolve_column:resolve_bound_column:matches_identifier: exit
execute:execute_statement:execute_statement:execute_query:execute_plain_select_rows:visit_query_source_rows:visit_streamed_inner_join_rows:visit_table_factor_rows:visit_nested_loop_join_rows:evaluate_where_clause:evaluate_query_expression:evaluate:resolve_operator_type:resolve_expression_pair_type:infer_expression_type:resolve_column:resolve_bound_column:matches_identifier: enter
execute:execute_statement:execute_statement:execute_query:execute_plain_select_rows:visit_query_source_rows:visit_streamed_inner_join_rows:visit_table_factor_rows:visit_nested_loop_join_rows:evaluate_where_clause:evaluate_query_expression:evaluate:resolve_operator_type:resolve_expression_pair_type:infer_expression_type:resolve_column:resolve_bound_column:matches_identifier: exit
execute:execute_statement:execute_statement:execute_query:execute_plain_select_rows:visit_query_source_rows:visit_streamed_inner_join_rows:visit_table_factor_rows:visit_nested_loop_join_rows:evaluate_where_clause:evaluate_query_expression:evaluate:resolve_operator_type:resolve_expression_pair_type:infer_expression_type:resolve_column:resolve_bound_column:matches_identifier: enter
execute:execute_statement:execute_statement:execute_query:execute_plain_select_rows:visit_query_source_rows:visit_streamed_inner_join_rows:visit_table_factor_rows:visit_nested_loop_join_rows:evaluate_where_clause:evaluate_query_expression:evaluate:resolve_operator_type:resolve_expression_pair_type:infer_expression_type:resolve_column:resolve_bound_column:matches_identifier: exit
execute:execute_statement:execute_statement:execute_query:execute_plain_select_rows:visit_query_source_rows:visit_streamed_inner_join_rows:visit_table_factor_rows:visit_nested_loop_join_rows:evaluate_where_clause:evaluate_query_expression:evaluate:resolve_operator_type:resolve_expression_pair_type:infer_expression_type:resolve_column:resolve_bound_column: exit
execute:execute_statement:execute_statement:execute_query:execute_plain_select_rows:visit_query_source_rows:visit_streamed_inner_join_rows:visit_table_factor_rows:visit_nested_loop_join_rows:evaluate_where_clause:evaluate_query_expression:evaluate:resolve_operator_type:resolve_expression_pair_type:infer_expression_type:resolve_column: exit
execute:execute_statement:execute_statement:execute_query:execute_plain_select_rows:visit_query_source_rows:visit_streamed_inner_join_rows:visit_table_factor_rows:visit_nested_loop_join_rows:evaluate_where_clause:evaluate_query_expression:evaluate:resolve_operator_type:resolve_expression_pair_type:infer_expression_type: exit
execute:execute_statement:execute_statement:execute_query:execute_plain_select_rows:visit_query_source_rows:visit_streamed_inner_join_rows:visit_table_factor_rows:visit_nested_loop_join_rows:evaluate_where_clause:evaluate_query_expression:evaluate:resolve_operator_type:resolve_expression_pair_type:infer_expression_type: enter
execute:execute_statement:execute_statement:execute_query:execute_plain_select_rows:visit_query_source_rows:visit_streamed_inner_join_rows:visit_table_factor_rows:visit_nested_loop_join_rows:evaluate_where_clause:evaluate_query_expression:evaluate:resolve_operator_type:resolve_expression_pair_type:infer_expression_type:extract_ast_value: enter
execute:execute_statement:execute_statement:execute_query:execute_plain_select_rows:visit_query_source_rows:visit_streamed_inner_join_rows:visit_table_factor_rows:visit_nested_loop_join_rows:evaluate_where_clause:evaluate_query_expression:evaluate:resolve_operator_type:resolve_expression_pair_type:infer_expression_type:extract_ast_value: exit
execute:execute_statement:execute_statement:execute_query:execute_plain_select_rows:visit_query_source_rows:visit_streamed_inner_join_rows:visit_table_factor_rows:visit_nested_loop_join_rows:evaluate_where_clause:evaluate_query_expression:evaluate:resolve_operator_type:resolve_expression_pair_type:infer_expression_type: exit
execute:execute_statement:execute_statement:execute_query:execute_plain_select_rows:visit_query_source_rows:visit_streamed_inner_join_rows:visit_table_factor_rows:visit_nested_loop_join_rows:evaluate_where_clause:evaluate_query_expression:evaluate:resolve_operator_type:resolve_expression_pair_type:resolve_common_type: enter
execute:execute_statement:execute_statement:execute_query:execute_plain_select_rows:visit_query_source_rows:visit_streamed_inner_join_rows:visit_table_factor_rows:visit_nested_loop_join_rows:evaluate_where_clause:evaluate_query_expression:evaluate:resolve_operator_type:resolve_expression_pair_type:resolve_common_type: exit
execute:execute_statement:execute_statement:execute_query:execute_plain_select_rows:visit_query_source_rows:visit_streamed_inner_join_rows:visit_table_factor_rows:visit_nested_loop_join_rows:evaluate_where_clause:evaluate_query_expression:evaluate:resolve_operator_type:resolve_expression_pair_type: exit
execute:execute_statement:execute_statement:execute_query:execute_plain_select_rows:visit_query_source_rows:visit_streamed_inner_join_rows:visit_table_factor_rows:visit_nested_loop_join_rows:evaluate_where_clause:evaluate_query_expression:evaluate:resolve_operator_type: exit
execute:execute_statement:execute_statement:execute_query:execute_plain_select_rows:visit_query_source_rows:visit_streamed_inner_join_rows:visit_table_factor_rows:visit_nested_loop_join_rows:evaluate_where_clause:evaluate_query_expression:evaluate:evaluate_and_coerce: enter
execute:execute_statement:execute_statement:execute_query:execute_plain_select_rows:visit_query_source_rows:visit_streamed_inner_join_rows:visit_table_factor_rows:visit_nested_loop_join_rows:evaluate_where_clause:evaluate_query_expression:evaluate:evaluate_and_coerce:extract_unknown_string_literal: enter
execute:execute_statement:execute_statement:execute_query:execute_plain_select_rows:visit_query_source_rows:visit_streamed_inner_join_rows:visit_table_factor_rows:visit_nested_loop_join_rows:evaluate_where_clause:evaluate_query_expression:evaluate:evaluate_and_coerce:extract_unknown_string_literal: exit
execute:execute_statement:execute_statement:execute_query:execute_plain_select_rows:visit_query_source_rows:visit_streamed_inner_join_rows:visit_table_factor_rows:visit_nested_loop_join_rows:evaluate_where_clause:evaluate_query_expression:evaluate:evaluate_and_coerce:infer_expression_type: enter
execute:execute_statement:execute_statement:execute_query:execute_plain_select_rows:visit_query_source_rows:visit_streamed_inner_join_rows:visit_table_factor_rows:visit_nested_loop_join_rows:evaluate_where_clause:evaluate_query_expression:evaluate:evaluate_and_coerce:infer_expression_type:extract_ast_value: enter
execute:execute_statement:execute_statement:execute_query:execute_plain_select_rows:visit_query_source_rows:visit_streamed_inner_join_rows:visit_table_factor_rows:visit_nested_loop_join_rows:evaluate_where_clause:evaluate_query_expression:evaluate:evaluate_and_coerce:infer_expression_type:extract_ast_value: exit
execute:execute_statement:execute_statement:execute_query:execute_plain_select_rows:visit_query_source_rows:visit_streamed_inner_join_rows:visit_table_factor_rows:visit_nested_loop_join_rows:evaluate_where_clause:evaluate_query_expression:evaluate:evaluate_and_coerce:infer_expression_type:resolve_column: enter
execute:execute_statement:execute_statement:execute_query:execute_plain_select_rows:visit_query_source_rows:visit_streamed_inner_join_rows:visit_table_factor_rows:visit_nested_loop_join_rows:evaluate_where_clause:evaluate_query_expression:evaluate:evaluate_and_coerce:infer_expression_type:resolve_column:resolve_bound_column: enter
execute:execute_statement:execute_statement:execute_query:execute_plain_select_rows:visit_query_source_rows:visit_streamed_inner_join_rows:visit_table_factor_rows:visit_nested_loop_join_rows:evaluate_where_clause:evaluate_query_expression:evaluate:evaluate_and_coerce:infer_expression_type:resolve_column:resolve_bound_column:matches_identifier: enter
execute:execute_statement:execute_statement:execute_query:execute_plain_select_rows:visit_query_source_rows:visit_streamed_inner_join_rows:visit_table_factor_rows:visit_nested_loop_join_rows:evaluate_where_clause:evaluate_query_expression:evaluate:evaluate_and_coerce:infer_expression_type:resolve_column:resolve_bound_column:matches_identifier: exit
execute:execute_statement:execute_statement:execute_query:execute_plain_select_rows:visit_query_source_rows:visit_streamed_inner_join_rows:visit_table_factor_rows:visit_nested_loop_join_rows:evaluate_where_clause:evaluate_query_expression:evaluate:evaluate_and_coerce:infer_expression_type:resolve_column:resolve_bound_column:matches_identifier: enter
execute:execute_statement:execute_statement:execute_query:execute_plain_select_rows:visit_query_source_rows:visit_streamed_inner_join_rows:visit_table_factor_rows:visit_nested_loop_join_rows:evaluate_where_clause:evaluate_query_expression:evaluate:evaluate_and_coerce:infer_expression_type:resolve_column:resolve_bound_column:matches_identifier: exit
execute:execute_statement:execute_statement:execute_query:execute_plain_select_rows:visit_query_source_rows:visit_streamed_inner_join_rows:visit_table_factor_rows:visit_nested_loop_join_rows:evaluate_where_clause:evaluate_query_expression:evaluate:evaluate_and_coerce:infer_expression_type:resolve_column:resolve_bound_column:matches_identifier: enter
execute:execute_statement:execute_statement:execute_query:execute_plain_select_rows:visit_query_source_rows:visit_streamed_inner_join_rows:visit_table_factor_rows:visit_nested_loop_join_rows:evaluate_where_clause:evaluate_query_expression:evaluate:evaluate_and_coerce:infer_expression_type:resolve_column:resolve_bound_column:matches_identifier: exit
execute:execute_statement:execute_statement:execute_query:execute_plain_select_rows:visit_query_source_rows:visit_streamed_inner_join_rows:visit_table_factor_rows:visit_nested_loop_join_rows:evaluate_where_clause:evaluate_query_expression:evaluate:evaluate_and_coerce:infer_expression_type:resolve_column:resolve_bound_column:matches_identifier: enter
execute:execute_statement:execute_statement:execute_query:execute_plain_select_rows:visit_query_source_rows:visit_streamed_inner_join_rows:visit_table_factor_rows:visit_nested_loop_join_rows:evaluate_where_clause:evaluate_query_expression:evaluate:evaluate_and_coerce:infer_expression_type:resolve_column:resolve_bound_column:matches_identifier: exit
execute:execute_statement:execute_statement:execute_query:execute_plain_select_rows:visit_query_source_rows:visit_streamed_inner_join_rows:visit_table_factor_rows:visit_nested_loop_join_rows:evaluate_where_clause:evaluate_query_expression:evaluate:evaluate_and_coerce:infer_expression_type:resolve_column:resolve_bound_column:matches_identifier: enter
execute:execute_statement:execute_statement:execute_query:execute_plain_select_rows:visit_query_source_rows:visit_streamed_inner_join_rows:visit_table_factor_rows:visit_nested_loop_join_rows:evaluate_where_clause:evaluate_query_expression:evaluate:evaluate_and_coerce:infer_expression_type:resolve_column:resolve_bound_column:matches_identifier: exit
execute:execute_statement:execute_statement:execute_query:execute_plain_select_rows:visit_query_source_rows:visit_streamed_inner_join_rows:visit_table_factor_rows:visit_nested_loop_join_rows:evaluate_where_clause:evaluate_query_expression:evaluate:evaluate_and_coerce:infer_expression_type:resolve_column:resolve_bound_column: exit
execute:execute_statement:execute_statement:execute_query:execute_plain_select_rows:visit_query_source_rows:visit_streamed_inner_join_rows:visit_table_factor_rows:visit_nested_loop_join_rows:evaluate_where_clause:evaluate_query_expression:evaluate:evaluate_and_coerce:infer_expression_type:resolve_column: exit
execute:execute_statement:execute_statement:execute_query:execute_plain_select_rows:visit_query_source_rows:visit_streamed_inner_join_rows:visit_table_factor_rows:visit_nested_loop_join_rows:evaluate_where_clause:evaluate_query_expression:evaluate:evaluate_and_coerce:infer_expression_type: exit
execute:execute_statement:execute_statement:execute_query:execute_plain_select_rows:visit_query_source_rows:visit_streamed_inner_join_rows:visit_table_factor_rows:visit_nested_loop_join_rows:evaluate_where_clause:evaluate_query_expression:evaluate:evaluate_and_coerce:evaluate: enter
execute:execute_statement:execute_statement:execute_query:execute_plain_select_rows:visit_query_source_rows:visit_streamed_inner_join_rows:visit_table_factor_rows:visit_nested_loop_join_rows:evaluate_where_clause:evaluate_query_expression:evaluate:evaluate_and_coerce:evaluate:resolve_column_value: enter
execute:execute_statement:execute_statement:execute_query:execute_plain_select_rows:visit_query_source_rows:visit_streamed_inner_join_rows:visit_table_factor_rows:visit_nested_loop_join_rows:evaluate_where_clause:evaluate_query_expression:evaluate:evaluate_and_coerce:evaluate:resolve_column_value:resolve_bound_column: enter
execute:execute_statement:execute_statement:execute_query:execute_plain_select_rows:visit_query_source_rows:visit_streamed_inner_join_rows:visit_table_factor_rows:visit_nested_loop_join_rows:evaluate_where_clause:evaluate_query_expression:evaluate:evaluate_and_coerce:evaluate:resolve_column_value:resolve_bound_column:matches_identifier: enter
execute:execute_statement:execute_statement:execute_query:execute_plain_select_rows:visit_query_source_rows:visit_streamed_inner_join_rows:visit_table_factor_rows:visit_nested_loop_join_rows:evaluate_where_clause:evaluate_query_expression:evaluate:evaluate_and_coerce:evaluate:resolve_column_value:resolve_bound_column:matches_identifier: exit
execute:execute_statement:execute_statement:execute_query:execute_plain_select_rows:visit_query_source_rows:visit_streamed_inner_join_rows:visit_table_factor_rows:visit_nested_loop_join_rows:evaluate_where_clause:evaluate_query_expression:evaluate:evaluate_and_coerce:evaluate:resolve_column_value:resolve_bound_column:matches_identifier: enter
execute:execute_statement:execute_statement:execute_query:execute_plain_select_rows:visit_query_source_rows:visit_streamed_inner_join_rows:visit_table_factor_rows:visit_nested_loop_join_rows:evaluate_where_clause:evaluate_query_expression:evaluate:evaluate_and_coerce:evaluate:resolve_column_value:resolve_bound_column:matches_identifier: exit
execute:execute_statement:execute_statement:execute_query:execute_plain_select_rows:visit_query_source_rows:visit_streamed_inner_join_rows:visit_table_factor_rows:visit_nested_loop_join_rows:evaluate_where_clause:evaluate_query_expression:evaluate:evaluate_and_coerce:evaluate:resolve_column_value:resolve_bound_column:matches_identifier: enter
execute:execute_statement:execute_statement:execute_query:execute_plain_select_rows:visit_query_source_rows:visit_streamed_inner_join_rows:visit_table_factor_rows:visit_nested_loop_join_rows:evaluate_where_clause:evaluate_query_expression:evaluate:evaluate_and_coerce:evaluate:resolve_column_value:resolve_bound_column:matches_identifier: exit
execute:execute_statement:execute_statement:execute_query:execute_plain_select_rows:visit_query_source_rows:visit_streamed_inner_join_rows:visit_table_factor_rows:visit_nested_loop_join_rows:evaluate_where_clause:evaluate_query_expression:evaluate:evaluate_and_coerce:evaluate:resolve_column_value:resolve_bound_column:matches_identifier: enter
execute:execute_statement:execute_statement:execute_query:execute_plain_select_rows:visit_query_source_rows:visit_streamed_inner_join_rows:visit_table_factor_rows:visit_nested_loop_join_rows:evaluate_where_clause:evaluate_query_expression:evaluate:evaluate_and_coerce:evaluate:resolve_column_value:resolve_bound_column:matches_identifier: exit
execute:execute_statement:execute_statement:execute_query:execute_plain_select_rows:visit_query_source_rows:visit_streamed_inner_join_rows:visit_table_factor_rows:visit_nested_loop_join_rows:evaluate_where_clause:evaluate_query_expression:evaluate:evaluate_and_coerce:evaluate:resolve_column_value:resolve_bound_column:matches_identifier: enter
execute:execute_statement:execute_statement:execute_query:execute_plain_select_rows:visit_query_source_rows:visit_streamed_inner_join_rows:visit_table_factor_rows:visit_nested_loop_join_rows:evaluate_where_clause:evaluate_query_expression:evaluate:evaluate_and_coerce:evaluate:resolve_column_value:resolve_bound_column:matches_identifier: exit
execute:execute_statement:execute_statement:execute_query:execute_plain_select_rows:visit_query_source_rows:visit_streamed_inner_join_rows:visit_table_factor_rows:visit_nested_loop_join_rows:evaluate_where_clause:evaluate_query_expression:evaluate:evaluate_and_coerce:evaluate:resolve_column_value:resolve_bound_column: exit
execute:execute_statement:execute_statement:execute_query:execute_plain_select_rows:visit_query_source_rows:visit_streamed_inner_join_rows:visit_table_factor_rows:visit_nested_loop_join_rows:evaluate_where_clause:evaluate_query_expression:evaluate:evaluate_and_coerce:evaluate:resolve_column_value: exit
execute:execute_statement:execute_statement:execute_query:execute_plain_select_rows:visit_query_source_rows:visit_streamed_inner_join_rows:visit_table_factor_rows:visit_nested_loop_join_rows:evaluate_where_clause:evaluate_query_expression:evaluate:evaluate_and_coerce:evaluate: exit
execute:execute_statement:execute_statement:execute_query:execute_plain_select_rows:visit_query_source_rows:visit_streamed_inner_join_rows:visit_table_factor_rows:visit_nested_loop_join_rows:evaluate_where_clause:evaluate_query_expression:evaluate:evaluate_and_coerce:create: enter
execute:execute_statement:execute_statement:execute_query:execute_plain_select_rows:visit_query_source_rows:visit_streamed_inner_join_rows:visit_table_factor_rows:visit_nested_loop_join_rows:evaluate_where_clause:evaluate_query_expression:evaluate:evaluate_and_coerce:create: exit
execute:execute_statement:execute_statement:execute_query:execute_plain_select_rows:visit_query_source_rows:visit_streamed_inner_join_rows:visit_table_factor_rows:visit_nested_loop_join_rows:evaluate_where_clause:evaluate_query_expression:evaluate:evaluate_and_coerce:coerce: enter
execute:execute_statement:execute_statement:execute_query:execute_plain_select_rows:visit_query_source_rows:visit_streamed_inner_join_rows:visit_table_factor_rows:visit_nested_loop_join_rows:evaluate_where_clause:evaluate_query_expression:evaluate:evaluate_and_coerce:coerce:is_null: enter
execute:execute_statement:execute_statement:execute_query:execute_plain_select_rows:visit_query_source_rows:visit_streamed_inner_join_rows:visit_table_factor_rows:visit_nested_loop_join_rows:evaluate_where_clause:evaluate_query_expression:evaluate:evaluate_and_coerce:coerce:is_null: exit
execute:execute_statement:execute_statement:execute_query:execute_plain_select_rows:visit_query_source_rows:visit_streamed_inner_join_rows:visit_table_factor_rows:visit_nested_loop_join_rows:evaluate_where_clause:evaluate_query_expression:evaluate:evaluate_and_coerce:coerce:can_cast: enter
execute:execute_statement:execute_statement:execute_query:execute_plain_select_rows:visit_query_source_rows:visit_streamed_inner_join_rows:visit_table_factor_rows:visit_nested_loop_join_rows:evaluate_where_clause:evaluate_query_expression:evaluate:evaluate_and_coerce:coerce:can_cast:resolve_required_cast_context: enter
execute:execute_statement:execute_statement:execute_query:execute_plain_select_rows:visit_query_source_rows:visit_streamed_inner_join_rows:visit_table_factor_rows:visit_nested_loop_join_rows:evaluate_where_clause:evaluate_query_expression:evaluate:evaluate_and_coerce:coerce:can_cast:resolve_required_cast_context: exit
execute:execute_statement:execute_statement:execute_query:execute_plain_select_rows:visit_query_source_rows:visit_streamed_inner_join_rows:visit_table_factor_rows:visit_nested_loop_join_rows:evaluate_where_clause:evaluate_query_expression:evaluate:evaluate_and_coerce:coerce:can_cast: exit
execute:execute_statement:execute_statement:execute_query:execute_plain_select_rows:visit_query_source_rows:visit_streamed_inner_join_rows:visit_table_factor_rows:visit_nested_loop_join_rows:evaluate_where_clause:evaluate_query_expression:evaluate:evaluate_and_coerce:coerce:apply_typmod: enter
execute:execute_statement:execute_statement:execute_query:execute_plain_select_rows:visit_query_source_rows:visit_streamed_inner_join_rows:visit_table_factor_rows:visit_nested_loop_join_rows:evaluate_where_clause:evaluate_query_expression:evaluate:evaluate_and_coerce:coerce:apply_typmod: exit
execute:execute_statement:execute_statement:execute_query:execute_plain_select_rows:visit_query_source_rows:visit_streamed_inner_join_rows:visit_table_factor_rows:visit_nested_loop_join_rows:evaluate_where_clause:evaluate_query_expression:evaluate:evaluate_and_coerce:coerce: exit
execute:execute_statement:execute_statement:execute_query:execute_plain_select_rows:visit_query_source_rows:visit_streamed_inner_join_rows:visit_table_factor_rows:visit_nested_loop_join_rows:evaluate_where_clause:evaluate_query_expression:evaluate:evaluate_and_coerce: exit
execute:execute_statement:execute_statement:execute_query:execute_plain_select_rows:visit_query_source_rows:visit_streamed_inner_join_rows:visit_table_factor_rows:visit_nested_loop_join_rows:evaluate_where_clause:evaluate_query_expression:evaluate:evaluate_and_coerce: enter
execute:execute_statement:execute_statement:execute_query:execute_plain_select_rows:visit_query_source_rows:visit_streamed_inner_join_rows:visit_table_factor_rows:visit_nested_loop_join_rows:evaluate_where_clause:evaluate_query_expression:evaluate:evaluate_and_coerce:extract_unknown_string_literal: enter
execute:execute_statement:execute_statement:execute_query:execute_plain_select_rows:visit_query_source_rows:visit_streamed_inner_join_rows:visit_table_factor_rows:visit_nested_loop_join_rows:evaluate_where_clause:evaluate_query_expression:evaluate:evaluate_and_coerce:extract_unknown_string_literal: exit
execute:execute_statement:execute_statement:execute_query:execute_plain_select_rows:visit_query_source_rows:visit_streamed_inner_join_rows:visit_table_factor_rows:visit_nested_loop_join_rows:evaluate_where_clause:evaluate_query_expression:evaluate:evaluate_and_coerce:infer_expression_type: enter
execute:execute_statement:execute_statement:execute_query:execute_plain_select_rows:visit_query_source_rows:visit_streamed_inner_join_rows:visit_table_factor_rows:visit_nested_loop_join_rows:evaluate_where_clause:evaluate_query_expression:evaluate:evaluate_and_coerce:infer_expression_type:extract_ast_value: enter
execute:execute_statement:execute_statement:execute_query:execute_plain_select_rows:visit_query_source_rows:visit_streamed_inner_join_rows:visit_table_factor_rows:visit_nested_loop_join_rows:evaluate_where_clause:evaluate_query_expression:evaluate:evaluate_and_coerce:infer_expression_type:extract_ast_value: exit
execute:execute_statement:execute_statement:execute_query:execute_plain_select_rows:visit_query_source_rows:visit_streamed_inner_join_rows:visit_table_factor_rows:visit_nested_loop_join_rows:evaluate_where_clause:evaluate_query_expression:evaluate:evaluate_and_coerce:infer_expression_type: exit
execute:execute_statement:execute_statement:execute_query:execute_plain_select_rows:visit_query_source_rows:visit_streamed_inner_join_rows:visit_table_factor_rows:visit_nested_loop_join_rows:evaluate_where_clause:evaluate_query_expression:evaluate:evaluate_and_coerce:evaluate: enter
execute:execute_statement:execute_statement:execute_query:execute_plain_select_rows:visit_query_source_rows:visit_streamed_inner_join_rows:visit_table_factor_rows:visit_nested_loop_join_rows:evaluate_where_clause:evaluate_query_expression:evaluate:evaluate_and_coerce:evaluate:evaluate_literal: enter
execute:execute_statement:execute_statement:execute_query:execute_plain_select_rows:visit_query_source_rows:visit_streamed_inner_join_rows:visit_table_factor_rows:visit_nested_loop_join_rows:evaluate_where_clause:evaluate_query_expression:evaluate:evaluate_and_coerce:evaluate:evaluate_literal:extract_ast_value: enter
execute:execute_statement:execute_statement:execute_query:execute_plain_select_rows:visit_query_source_rows:visit_streamed_inner_join_rows:visit_table_factor_rows:visit_nested_loop_join_rows:evaluate_where_clause:evaluate_query_expression:evaluate:evaluate_and_coerce:evaluate:evaluate_literal:extract_ast_value: exit
execute:execute_statement:execute_statement:execute_query:execute_plain_select_rows:visit_query_source_rows:visit_streamed_inner_join_rows:visit_table_factor_rows:visit_nested_loop_join_rows:evaluate_where_clause:evaluate_query_expression:evaluate:evaluate_and_coerce:evaluate:evaluate_literal: exit
execute:execute_statement:execute_statement:execute_query:execute_plain_select_rows:visit_query_source_rows:visit_streamed_inner_join_rows:visit_table_factor_rows:visit_nested_loop_join_rows:evaluate_where_clause:evaluate_query_expression:evaluate:evaluate_and_coerce:evaluate: exit
execute:execute_statement:execute_statement:execute_query:execute_plain_select_rows:visit_query_source_rows:visit_streamed_inner_join_rows:visit_table_factor_rows:visit_nested_loop_join_rows:evaluate_where_clause:evaluate_query_expression:evaluate:evaluate_and_coerce:create: enter
execute:execute_statement:execute_statement:execute_query:execute_plain_select_rows:visit_query_source_rows:visit_streamed_inner_join_rows:visit_table_factor_rows:visit_nested_loop_join_rows:evaluate_where_clause:evaluate_query_expression:evaluate:evaluate_and_coerce:create: exit
execute:execute_statement:execute_statement:execute_query:execute_plain_select_rows:visit_query_source_rows:visit_streamed_inner_join_rows:visit_table_factor_rows:visit_nested_loop_join_rows:evaluate_where_clause:evaluate_query_expression:evaluate:evaluate_and_coerce:coerce: enter
execute:execute_statement:execute_statement:execute_query:execute_plain_select_rows:visit_query_source_rows:visit_streamed_inner_join_rows:visit_table_factor_rows:visit_nested_loop_join_rows:evaluate_where_clause:evaluate_query_expression:evaluate:evaluate_and_coerce:coerce:is_null: enter
execute:execute_statement:execute_statement:execute_query:execute_plain_select_rows:visit_query_source_rows:visit_streamed_inner_join_rows:visit_table_factor_rows:visit_nested_loop_join_rows:evaluate_where_clause:evaluate_query_expression:evaluate:evaluate_and_coerce:coerce:is_null: exit
execute:execute_statement:execute_statement:execute_query:execute_plain_select_rows:visit_query_source_rows:visit_streamed_inner_join_rows:visit_table_factor_rows:visit_nested_loop_join_rows:evaluate_where_clause:evaluate_query_expression:evaluate:evaluate_and_coerce:coerce:can_cast: enter
execute:execute_statement:execute_statement:execute_query:execute_plain_select_rows:visit_query_source_rows:visit_streamed_inner_join_rows:visit_table_factor_rows:visit_nested_loop_join_rows:evaluate_where_clause:evaluate_query_expression:evaluate:evaluate_and_coerce:coerce:can_cast:resolve_required_cast_context: enter
execute:execute_statement:execute_statement:execute_query:execute_plain_select_rows:visit_query_source_rows:visit_streamed_inner_join_rows:visit_table_factor_rows:visit_nested_loop_join_rows:evaluate_where_clause:evaluate_query_expression:evaluate:evaluate_and_coerce:coerce:can_cast:resolve_required_cast_context: exit
execute:execute_statement:execute_statement:execute_query:execute_plain_select_rows:visit_query_source_rows:visit_streamed_inner_join_rows:visit_table_factor_rows:visit_nested_loop_join_rows:evaluate_where_clause:evaluate_query_expression:evaluate:evaluate_and_coerce:coerce:can_cast: exit
execute:execute_statement:execute_statement:execute_query:execute_plain_select_rows:visit_query_source_rows:visit_streamed_inner_join_rows:visit_table_factor_rows:visit_nested_loop_join_rows:evaluate_where_clause:evaluate_query_expression:evaluate:evaluate_and_coerce:coerce:apply_typmod: enter
execute:execute_statement:execute_statement:execute_query:execute_plain_select_rows:visit_query_source_rows:visit_streamed_inner_join_rows:visit_table_factor_rows:visit_nested_loop_join_rows:evaluate_where_clause:evaluate_query_expression:evaluate:evaluate_and_coerce:coerce:apply_typmod: exit
execute:execute_statement:execute_statement:execute_query:execute_plain_select_rows:visit_query_source_rows:visit_streamed_inner_join_rows:visit_table_factor_rows:visit_nested_loop_join_rows:evaluate_where_clause:evaluate_query_expression:evaluate:evaluate_and_coerce:coerce: exit
execute:execute_statement:execute_statement:execute_query:execute_plain_select_rows:visit_query_source_rows:visit_streamed_inner_join_rows:visit_table_factor_rows:visit_nested_loop_join_rows:evaluate_where_clause:evaluate_query_expression:evaluate:evaluate_and_coerce: exit
execute:execute_statement:execute_statement:execute_query:execute_plain_select_rows:visit_query_source_rows:visit_streamed_inner_join_rows:visit_table_factor_rows:visit_nested_loop_join_rows:evaluate_where_clause:evaluate_query_expression:evaluate:is_null: enter
execute:execute_statement:execute_statement:execute_query:execute_plain_select_rows:visit_query_source_rows:visit_streamed_inner_join_rows:visit_table_factor_rows:visit_nested_loop_join_rows:evaluate_where_clause:evaluate_query_expression:evaluate:is_null: exit
execute:execute_statement:execute_statement:execute_query:execute_plain_select_rows:visit_query_source_rows:visit_streamed_inner_join_rows:visit_table_factor_rows:visit_nested_loop_join_rows:evaluate_where_clause:evaluate_query_expression:evaluate:is_null: enter
execute:execute_statement:execute_statement:execute_query:execute_plain_select_rows:visit_query_source_rows:visit_streamed_inner_join_rows:visit_table_factor_rows:visit_nested_loop_join_rows:evaluate_where_clause:evaluate_query_expression:evaluate:is_null: exit
execute:execute_statement:execute_statement:execute_query:execute_plain_select_rows:visit_query_source_rows:visit_streamed_inner_join_rows:visit_table_factor_rows:visit_nested_loop_join_rows:evaluate_where_clause:evaluate_query_expression:evaluate:evaluate_comparison: enter
execute:execute_statement:execute_statement:execute_query:execute_plain_select_rows:visit_query_source_rows:visit_streamed_inner_join_rows:visit_table_factor_rows:visit_nested_loop_join_rows:evaluate_where_clause:evaluate_query_expression:evaluate:evaluate_comparison:compare_values: enter
execute:execute_statement:execute_statement:execute_query:execute_plain_select_rows:visit_query_source_rows:visit_streamed_inner_join_rows:visit_table_factor_rows:visit_nested_loop_join_rows:evaluate_where_clause:evaluate_query_expression:evaluate:evaluate_comparison:compare_values: exit
execute:execute_statement:execute_statement:execute_query:execute_plain_select_rows:visit_query_source_rows:visit_streamed_inner_join_rows:visit_table_factor_rows:visit_nested_loop_join_rows:evaluate_where_clause:evaluate_query_expression:evaluate:evaluate_comparison: exit
execute:execute_statement:execute_statement:execute_query:execute_plain_select_rows:visit_query_source_rows:visit_streamed_inner_join_rows:visit_table_factor_rows:visit_nested_loop_join_rows:evaluate_where_clause:evaluate_query_expression:evaluate: exit
execute:execute_statement:execute_statement:execute_query:execute_plain_select_rows:visit_query_source_rows:visit_streamed_inner_join_rows:visit_table_factor_rows:visit_nested_loop_join_rows:evaluate_where_clause:evaluate_query_expression: exit
execute:execute_statement:execute_statement:execute_query:execute_plain_select_rows:visit_query_source_rows:visit_streamed_inner_join_rows:visit_table_factor_rows:visit_nested_loop_join_rows:evaluate_where_clause: exit
execute:execute_statement:execute_statement:execute_query:execute_plain_select_rows:visit_query_source_rows:visit_streamed_inner_join_rows:visit_table_factor_rows:visit_nested_loop_join_rows:evaluate_projection_values: enter
execute:execute_statement:execute_statement:execute_query:execute_plain_select_rows:visit_query_source_rows:visit_streamed_inner_join_rows:visit_table_factor_rows:visit_nested_loop_join_rows:evaluate_projection_values:evaluate_projection_value: enter
execute:execute_statement:execute_statement:execute_query:execute_plain_select_rows:visit_query_source_rows:visit_streamed_inner_join_rows:visit_table_factor_rows:visit_nested_loop_join_rows:evaluate_projection_values:evaluate_projection_value:evaluate_select_expression: enter
execute:execute_statement:execute_statement:execute_query:execute_plain_select_rows:visit_query_source_rows:visit_streamed_inner_join_rows:visit_table_factor_rows:visit_nested_loop_join_rows:evaluate_projection_values:evaluate_projection_value:evaluate_select_expression:evaluate_query_expression: enter
execute:execute_statement:execute_statement:execute_query:execute_plain_select_rows:visit_query_source_rows:visit_streamed_inner_join_rows:visit_table_factor_rows:visit_nested_loop_join_rows:evaluate_projection_values:evaluate_projection_value:evaluate_select_expression:evaluate_query_expression:contains_subquery: enter
execute:execute_statement:execute_statement:execute_query:execute_plain_select_rows:visit_query_source_rows:visit_streamed_inner_join_rows:visit_table_factor_rows:visit_nested_loop_join_rows:evaluate_projection_values:evaluate_projection_value:evaluate_select_expression:evaluate_query_expression:contains_subquery: exit
execute:execute_statement:execute_statement:execute_query:execute_plain_select_rows:visit_query_source_rows:visit_streamed_inner_join_rows:visit_table_factor_rows:visit_nested_loop_join_rows:evaluate_projection_values:evaluate_projection_value:evaluate_select_expression:evaluate_query_expression:evaluate: enter
execute:execute_statement:execute_statement:execute_query:execute_plain_select_rows:visit_query_source_rows:visit_streamed_inner_join_rows:visit_table_factor_rows:visit_nested_loop_join_rows:evaluate_projection_values:evaluate_projection_value:evaluate_select_expression:evaluate_query_expression:evaluate:resolve_column_value: enter
execute:execute_statement:execute_statement:execute_query:execute_plain_select_rows:visit_query_source_rows:visit_streamed_inner_join_rows:visit_table_factor_rows:visit_nested_loop_join_rows:evaluate_projection_values:evaluate_projection_value:evaluate_select_expression:evaluate_query_expression:evaluate:resolve_column_value:resolve_bound_column: enter
execute:execute_statement:execute_statement:execute_query:execute_plain_select_rows:visit_query_source_rows:visit_streamed_inner_join_rows:visit_table_factor_rows:visit_nested_loop_join_rows:evaluate_projection_values:evaluate_projection_value:evaluate_select_expression:evaluate_query_expression:evaluate:resolve_column_value:resolve_bound_column:matches_identifier: enter
execute:execute_statement:execute_statement:execute_query:execute_plain_select_rows:visit_query_source_rows:visit_streamed_inner_join_rows:visit_table_factor_rows:visit_nested_loop_join_rows:evaluate_projection_values:evaluate_projection_value:evaluate_select_expression:evaluate_query_expression:evaluate:resolve_column_value:resolve_bound_column:matches_identifier: exit
execute:execute_statement:execute_statement:execute_query:execute_plain_select_rows:visit_query_source_rows:visit_streamed_inner_join_rows:visit_table_factor_rows:visit_nested_loop_join_rows:evaluate_projection_values:evaluate_projection_value:evaluate_select_expression:evaluate_query_expression:evaluate:resolve_column_value:resolve_bound_column:matches_identifier: enter
execute:execute_statement:execute_statement:execute_query:execute_plain_select_rows:visit_query_source_rows:visit_streamed_inner_join_rows:visit_table_factor_rows:visit_nested_loop_join_rows:evaluate_projection_values:evaluate_projection_value:evaluate_select_expression:evaluate_query_expression:evaluate:resolve_column_value:resolve_bound_column:matches_identifier: exit
execute:execute_statement:execute_statement:execute_query:execute_plain_select_rows:visit_query_source_rows:visit_streamed_inner_join_rows:visit_table_factor_rows:visit_nested_loop_join_rows:evaluate_projection_values:evaluate_projection_value:evaluate_select_expression:evaluate_query_expression:evaluate:resolve_column_value:resolve_bound_column:matches_identifier: enter
execute:execute_statement:execute_statement:execute_query:execute_plain_select_rows:visit_query_source_rows:visit_streamed_inner_join_rows:visit_table_factor_rows:visit_nested_loop_join_rows:evaluate_projection_values:evaluate_projection_value:evaluate_select_expression:evaluate_query_expression:evaluate:resolve_column_value:resolve_bound_column:matches_identifier: exit
execute:execute_statement:execute_statement:execute_query:execute_plain_select_rows:visit_query_source_rows:visit_streamed_inner_join_rows:visit_table_factor_rows:visit_nested_loop_join_rows:evaluate_projection_values:evaluate_projection_value:evaluate_select_expression:evaluate_query_expression:evaluate:resolve_column_value:resolve_bound_column:matches_identifier: enter
execute:execute_statement:execute_statement:execute_query:execute_plain_select_rows:visit_query_source_rows:visit_streamed_inner_join_rows:visit_table_factor_rows:visit_nested_loop_join_rows:evaluate_projection_values:evaluate_projection_value:evaluate_select_expression:evaluate_query_expression:evaluate:resolve_column_value:resolve_bound_column:matches_identifier: exit
execute:execute_statement:execute_statement:execute_query:execute_plain_select_rows:visit_query_source_rows:visit_streamed_inner_join_rows:visit_table_factor_rows:visit_nested_loop_join_rows:evaluate_projection_values:evaluate_projection_value:evaluate_select_expression:evaluate_query_expression:evaluate:resolve_column_value:resolve_bound_column:matches_identifier: enter
execute:execute_statement:execute_statement:execute_query:execute_plain_select_rows:visit_query_source_rows:visit_streamed_inner_join_rows:visit_table_factor_rows:visit_nested_loop_join_rows:evaluate_projection_values:evaluate_projection_value:evaluate_select_expression:evaluate_query_expression:evaluate:resolve_column_value:resolve_bound_column:matches_identifier: exit
execute:execute_statement:execute_statement:execute_query:execute_plain_select_rows:visit_query_source_rows:visit_streamed_inner_join_rows:visit_table_factor_rows:visit_nested_loop_join_rows:evaluate_projection_values:evaluate_projection_value:evaluate_select_expression:evaluate_query_expression:evaluate:resolve_column_value:resolve_bound_column: exit
execute:execute_statement:execute_statement:execute_query:execute_plain_select_rows:visit_query_source_rows:visit_streamed_inner_join_rows:visit_table_factor_rows:visit_nested_loop_join_rows:evaluate_projection_values:evaluate_projection_value:evaluate_select_expression:evaluate_query_expression:evaluate:resolve_column_value: exit
execute:execute_statement:execute_statement:execute_query:execute_plain_select_rows:visit_query_source_rows:visit_streamed_inner_join_rows:visit_table_factor_rows:visit_nested_loop_join_rows:evaluate_projection_values:evaluate_projection_value:evaluate_select_expression:evaluate_query_expression:evaluate: exit
execute:execute_statement:execute_statement:execute_query:execute_plain_select_rows:visit_query_source_rows:visit_streamed_inner_join_rows:visit_table_factor_rows:visit_nested_loop_join_rows:evaluate_projection_values:evaluate_projection_value:evaluate_select_expression:evaluate_query_expression: exit
execute:execute_statement:execute_statement:execute_query:execute_plain_select_rows:visit_query_source_rows:visit_streamed_inner_join_rows:visit_table_factor_rows:visit_nested_loop_join_rows:evaluate_projection_values:evaluate_projection_value:evaluate_select_expression: exit
execute:execute_statement:execute_statement:execute_query:execute_plain_select_rows:visit_query_source_rows:visit_streamed_inner_join_rows:visit_table_factor_rows:visit_nested_loop_join_rows:evaluate_projection_values:evaluate_projection_value: exit
execute:execute_statement:execute_statement:execute_query:execute_plain_select_rows:visit_query_source_rows:visit_streamed_inner_join_rows:visit_table_factor_rows:visit_nested_loop_join_rows:evaluate_projection_values:evaluate_projection_value: enter
execute:execute_statement:execute_statement:execute_query:execute_plain_select_rows:visit_query_source_rows:visit_streamed_inner_join_rows:visit_table_factor_rows:visit_nested_loop_join_rows:evaluate_projection_values:evaluate_projection_value:evaluate_select_expression: enter
execute:execute_statement:execute_statement:execute_query:execute_plain_select_rows:visit_query_source_rows:visit_streamed_inner_join_rows:visit_table_factor_rows:visit_nested_loop_join_rows:evaluate_projection_values:evaluate_projection_value:evaluate_select_expression:evaluate_query_expression: enter
execute:execute_statement:execute_statement:execute_query:execute_plain_select_rows:visit_query_source_rows:visit_streamed_inner_join_rows:visit_table_factor_rows:visit_nested_loop_join_rows:evaluate_projection_values:evaluate_projection_value:evaluate_select_expression:evaluate_query_expression:contains_subquery: enter
execute:execute_statement:execute_statement:execute_query:execute_plain_select_rows:visit_query_source_rows:visit_streamed_inner_join_rows:visit_table_factor_rows:visit_nested_loop_join_rows:evaluate_projection_values:evaluate_projection_value:evaluate_select_expression:evaluate_query_expression:contains_subquery: exit
execute:execute_statement:execute_statement:execute_query:execute_plain_select_rows:visit_query_source_rows:visit_streamed_inner_join_rows:visit_table_factor_rows:visit_nested_loop_join_rows:evaluate_projection_values:evaluate_projection_value:evaluate_select_expression:evaluate_query_expression:evaluate: enter
execute:execute_statement:execute_statement:execute_query:execute_plain_select_rows:visit_query_source_rows:visit_streamed_inner_join_rows:visit_table_factor_rows:visit_nested_loop_join_rows:evaluate_projection_values:evaluate_projection_value:evaluate_select_expression:evaluate_query_expression:evaluate:resolve_column_value: enter
execute:execute_statement:execute_statement:execute_query:execute_plain_select_rows:visit_query_source_rows:visit_streamed_inner_join_rows:visit_table_factor_rows:visit_nested_loop_join_rows:evaluate_projection_values:evaluate_projection_value:evaluate_select_expression:evaluate_query_expression:evaluate:resolve_column_value:resolve_bound_column: enter
execute:execute_statement:execute_statement:execute_query:execute_plain_select_rows:visit_query_source_rows:visit_streamed_inner_join_rows:visit_table_factor_rows:visit_nested_loop_join_rows:evaluate_projection_values:evaluate_projection_value:evaluate_select_expression:evaluate_query_expression:evaluate:resolve_column_value:resolve_bound_column:matches_identifier: enter
execute:execute_statement:execute_statement:execute_query:execute_plain_select_rows:visit_query_source_rows:visit_streamed_inner_join_rows:visit_table_factor_rows:visit_nested_loop_join_rows:evaluate_projection_values:evaluate_projection_value:evaluate_select_expression:evaluate_query_expression:evaluate:resolve_column_value:resolve_bound_column:matches_identifier: exit
execute:execute_statement:execute_statement:execute_query:execute_plain_select_rows:visit_query_source_rows:visit_streamed_inner_join_rows:visit_table_factor_rows:visit_nested_loop_join_rows:evaluate_projection_values:evaluate_projection_value:evaluate_select_expression:evaluate_query_expression:evaluate:resolve_column_value:resolve_bound_column:matches_identifier: enter
execute:execute_statement:execute_statement:execute_query:execute_plain_select_rows:visit_query_source_rows:visit_streamed_inner_join_rows:visit_table_factor_rows:visit_nested_loop_join_rows:evaluate_projection_values:evaluate_projection_value:evaluate_select_expression:evaluate_query_expression:evaluate:resolve_column_value:resolve_bound_column:matches_identifier: exit
execute:execute_statement:execute_statement:execute_query:execute_plain_select_rows:visit_query_source_rows:visit_streamed_inner_join_rows:visit_table_factor_rows:visit_nested_loop_join_rows:evaluate_projection_values:evaluate_projection_value:evaluate_select_expression:evaluate_query_expression:evaluate:resolve_column_value:resolve_bound_column:matches_identifier: enter
execute:execute_statement:execute_statement:execute_query:execute_plain_select_rows:visit_query_source_rows:visit_streamed_inner_join_rows:visit_table_factor_rows:visit_nested_loop_join_rows:evaluate_projection_values:evaluate_projection_value:evaluate_select_expression:evaluate_query_expression:evaluate:resolve_column_value:resolve_bound_column:matches_identifier: exit
execute:execute_statement:execute_statement:execute_query:execute_plain_select_rows:visit_query_source_rows:visit_streamed_inner_join_rows:visit_table_factor_rows:visit_nested_loop_join_rows:evaluate_projection_values:evaluate_projection_value:evaluate_select_expression:evaluate_query_expression:evaluate:resolve_column_value:resolve_bound_column:matches_identifier: enter
execute:execute_statement:execute_statement:execute_query:execute_plain_select_rows:visit_query_source_rows:visit_streamed_inner_join_rows:visit_table_factor_rows:visit_nested_loop_join_rows:evaluate_projection_values:evaluate_projection_value:evaluate_select_expression:evaluate_query_expression:evaluate:resolve_column_value:resolve_bound_column:matches_identifier: exit
execute:execute_statement:execute_statement:execute_query:execute_plain_select_rows:visit_query_source_rows:visit_streamed_inner_join_rows:visit_table_factor_rows:visit_nested_loop_join_rows:evaluate_projection_values:evaluate_projection_value:evaluate_select_expression:evaluate_query_expression:evaluate:resolve_column_value:resolve_bound_column:matches_identifier: enter
execute:execute_statement:execute_statement:execute_query:execute_plain_select_rows:visit_query_source_rows:visit_streamed_inner_join_rows:visit_table_factor_rows:visit_nested_loop_join_rows:evaluate_projection_values:evaluate_projection_value:evaluate_select_expression:evaluate_query_expression:evaluate:resolve_column_value:resolve_bound_column:matches_identifier: exit
execute:execute_statement:execute_statement:execute_query:execute_plain_select_rows:visit_query_source_rows:visit_streamed_inner_join_rows:visit_table_factor_rows:visit_nested_loop_join_rows:evaluate_projection_values:evaluate_projection_value:evaluate_select_expression:evaluate_query_expression:evaluate:resolve_column_value:resolve_bound_column: exit
execute:execute_statement:execute_statement:execute_query:execute_plain_select_rows:visit_query_source_rows:visit_streamed_inner_join_rows:visit_table_factor_rows:visit_nested_loop_join_rows:evaluate_projection_values:evaluate_projection_value:evaluate_select_expression:evaluate_query_expression:evaluate:resolve_column_value: exit
execute:execute_statement:execute_statement:execute_query:execute_plain_select_rows:visit_query_source_rows:visit_streamed_inner_join_rows:visit_table_factor_rows:visit_nested_loop_join_rows:evaluate_projection_values:evaluate_projection_value:evaluate_select_expression:evaluate_query_expression:evaluate: exit
execute:execute_statement:execute_statement:execute_query:execute_plain_select_rows:visit_query_source_rows:visit_streamed_inner_join_rows:visit_table_factor_rows:visit_nested_loop_join_rows:evaluate_projection_values:evaluate_projection_value:evaluate_select_expression:evaluate_query_expression: exit
execute:execute_statement:execute_statement:execute_query:execute_plain_select_rows:visit_query_source_rows:visit_streamed_inner_join_rows:visit_table_factor_rows:visit_nested_loop_join_rows:evaluate_projection_values:evaluate_projection_value:evaluate_select_expression: exit
execute:execute_statement:execute_statement:execute_query:execute_plain_select_rows:visit_query_source_rows:visit_streamed_inner_join_rows:visit_table_factor_rows:visit_nested_loop_join_rows:evaluate_projection_values:evaluate_projection_value: exit
execute:execute_statement:execute_statement:execute_query:execute_plain_select_rows:visit_query_source_rows:visit_streamed_inner_join_rows:visit_table_factor_rows:visit_nested_loop_join_rows:evaluate_projection_values: exit
execute:execute_statement:execute_statement:execute_query:execute_plain_select_rows:visit_query_source_rows:visit_streamed_inner_join_rows:visit_table_factor_rows:visit_nested_loop_join_rows:evaluate_order_keys: enter
execute:execute_statement:execute_statement:execute_query:execute_plain_select_rows:visit_query_source_rows:visit_streamed_inner_join_rows:visit_table_factor_rows:visit_nested_loop_join_rows:evaluate_order_keys: exit
execute:execute_statement:execute_statement:execute_query:execute_plain_select_rows:visit_query_source_rows:visit_streamed_inner_join_rows:visit_table_factor_rows:visit_nested_loop_join_rows:evaluate_distinct_keys: enter
execute:execute_statement:execute_statement:execute_query:execute_plain_select_rows:visit_query_source_rows:visit_streamed_inner_join_rows:visit_table_factor_rows:visit_nested_loop_join_rows:evaluate_distinct_keys: exit
execute:execute_statement:execute_statement:execute_query:execute_plain_select_rows:visit_query_source_rows:visit_streamed_inner_join_rows:visit_table_factor_rows:visit_nested_loop_join_rows: exit
execute:execute_statement:execute_statement:execute_query:execute_plain_select_rows:visit_query_source_rows:visit_streamed_inner_join_rows:visit_table_factor_rows:find_visible_version: enter
execute:execute_statement:execute_statement:execute_query:execute_plain_select_rows:visit_query_source_rows:visit_streamed_inner_join_rows:visit_table_factor_rows:find_visible_version:is_visible: enter
execute:execute_statement:execute_statement:execute_query:execute_plain_select_rows:visit_query_source_rows:visit_streamed_inner_join_rows:visit_table_factor_rows:find_visible_version:is_visible:get_status: enter
execute:execute_statement:execute_statement:execute_query:execute_plain_select_rows:visit_query_source_rows:visit_streamed_inner_join_rows:visit_table_factor_rows:find_visible_version:is_visible:get_status: exit
execute:execute_statement:execute_statement:execute_query:execute_plain_select_rows:visit_query_source_rows:visit_streamed_inner_join_rows:visit_table_factor_rows:find_visible_version:is_visible: exit
execute:execute_statement:execute_statement:execute_query:execute_plain_select_rows:visit_query_source_rows:visit_streamed_inner_join_rows:visit_table_factor_rows:find_visible_version: exit
execute:execute_statement:execute_statement:execute_query:execute_plain_select_rows:visit_query_source_rows:visit_streamed_inner_join_rows:visit_table_factor_rows:evaluate: enter
execute:execute_statement:execute_statement:execute_query:execute_plain_select_rows:visit_query_source_rows:visit_streamed_inner_join_rows:visit_table_factor_rows:evaluate:infer_expression_type: enter
execute:execute_statement:execute_statement:execute_query:execute_plain_select_rows:visit_query_source_rows:visit_streamed_inner_join_rows:visit_table_factor_rows:evaluate:infer_expression_type:extract_ast_value: enter
execute:execute_statement:execute_statement:execute_query:execute_plain_select_rows:visit_query_source_rows:visit_streamed_inner_join_rows:visit_table_factor_rows:evaluate:infer_expression_type:extract_ast_value: exit
execute:execute_statement:execute_statement:execute_query:execute_plain_select_rows:visit_query_source_rows:visit_streamed_inner_join_rows:visit_table_factor_rows:evaluate:infer_expression_type:resolve_column: enter
execute:execute_statement:execute_statement:execute_query:execute_plain_select_rows:visit_query_source_rows:visit_streamed_inner_join_rows:visit_table_factor_rows:evaluate:infer_expression_type:resolve_column:resolve_bound_column: enter
execute:execute_statement:execute_statement:execute_query:execute_plain_select_rows:visit_query_source_rows:visit_streamed_inner_join_rows:visit_table_factor_rows:evaluate:infer_expression_type:resolve_column:resolve_bound_column:matches_identifier: enter
execute:execute_statement:execute_statement:execute_query:execute_plain_select_rows:visit_query_source_rows:visit_streamed_inner_join_rows:visit_table_factor_rows:evaluate:infer_expression_type:resolve_column:resolve_bound_column:matches_identifier: exit
execute:execute_statement:execute_statement:execute_query:execute_plain_select_rows:visit_query_source_rows:visit_streamed_inner_join_rows:visit_table_factor_rows:evaluate:infer_expression_type:resolve_column:resolve_bound_column:matches_identifier: enter
execute:execute_statement:execute_statement:execute_query:execute_plain_select_rows:visit_query_source_rows:visit_streamed_inner_join_rows:visit_table_factor_rows:evaluate:infer_expression_type:resolve_column:resolve_bound_column:matches_identifier: exit
execute:execute_statement:execute_statement:execute_query:execute_plain_select_rows:visit_query_source_rows:visit_streamed_inner_join_rows:visit_table_factor_rows:evaluate:infer_expression_type:resolve_column:resolve_bound_column:matches_identifier: enter
execute:execute_statement:execute_statement:execute_query:execute_plain_select_rows:visit_query_source_rows:visit_streamed_inner_join_rows:visit_table_factor_rows:evaluate:infer_expression_type:resolve_column:resolve_bound_column:matches_identifier: exit
execute:execute_statement:execute_statement:execute_query:execute_plain_select_rows:visit_query_source_rows:visit_streamed_inner_join_rows:visit_table_factor_rows:evaluate:infer_expression_type:resolve_column:resolve_bound_column:matches_identifier: enter
execute:execute_statement:execute_statement:execute_query:execute_plain_select_rows:visit_query_source_rows:visit_streamed_inner_join_rows:visit_table_factor_rows:evaluate:infer_expression_type:resolve_column:resolve_bound_column:matches_identifier: exit
execute:execute_statement:execute_statement:execute_query:execute_plain_select_rows:visit_query_source_rows:visit_streamed_inner_join_rows:visit_table_factor_rows:evaluate:infer_expression_type:resolve_column:resolve_bound_column:matches_identifier: enter
execute:execute_statement:execute_statement:execute_query:execute_plain_select_rows:visit_query_source_rows:visit_streamed_inner_join_rows:visit_table_factor_rows:evaluate:infer_expression_type:resolve_column:resolve_bound_column:matches_identifier: exit
execute:execute_statement:execute_statement:execute_query:execute_plain_select_rows:visit_query_source_rows:visit_streamed_inner_join_rows:visit_table_factor_rows:evaluate:infer_expression_type:resolve_column:resolve_bound_column: exit
execute:execute_statement:execute_statement:execute_query:execute_plain_select_rows:visit_query_source_rows:visit_streamed_inner_join_rows:visit_table_factor_rows:evaluate:infer_expression_type:resolve_column: exit
execute:execute_statement:execute_statement:execute_query:execute_plain_select_rows:visit_query_source_rows:visit_streamed_inner_join_rows:visit_table_factor_rows:evaluate:infer_expression_type: exit
execute:execute_statement:execute_statement:execute_query:execute_plain_select_rows:visit_query_source_rows:visit_streamed_inner_join_rows:visit_table_factor_rows:evaluate:infer_expression_type: enter
execute:execute_statement:execute_statement:execute_query:execute_plain_select_rows:visit_query_source_rows:visit_streamed_inner_join_rows:visit_table_factor_rows:evaluate:infer_expression_type:extract_ast_value: enter
execute:execute_statement:execute_statement:execute_query:execute_plain_select_rows:visit_query_source_rows:visit_streamed_inner_join_rows:visit_table_factor_rows:evaluate:infer_expression_type:extract_ast_value: exit
execute:execute_statement:execute_statement:execute_query:execute_plain_select_rows:visit_query_source_rows:visit_streamed_inner_join_rows:visit_table_factor_rows:evaluate:infer_expression_type: exit
execute:execute_statement:execute_statement:execute_query:execute_plain_select_rows:visit_query_source_rows:visit_streamed_inner_join_rows:visit_table_factor_rows:evaluate:resolve_operator_type: enter
execute:execute_statement:execute_statement:execute_query:execute_plain_select_rows:visit_query_source_rows:visit_streamed_inner_join_rows:visit_table_factor_rows:evaluate:resolve_operator_type:is_parameter_placeholder: enter
execute:execute_statement:execute_statement:execute_query:execute_plain_select_rows:visit_query_source_rows:visit_streamed_inner_join_rows:visit_table_factor_rows:evaluate:resolve_operator_type:is_parameter_placeholder:extract_ast_value: enter
execute:execute_statement:execute_statement:execute_query:execute_plain_select_rows:visit_query_source_rows:visit_streamed_inner_join_rows:visit_table_factor_rows:evaluate:resolve_operator_type:is_parameter_placeholder:extract_ast_value: exit
execute:execute_statement:execute_statement:execute_query:execute_plain_select_rows:visit_query_source_rows:visit_streamed_inner_join_rows:visit_table_factor_rows:evaluate:resolve_operator_type:is_parameter_placeholder: exit
execute:execute_statement:execute_statement:execute_query:execute_plain_select_rows:visit_query_source_rows:visit_streamed_inner_join_rows:visit_table_factor_rows:evaluate:resolve_operator_type:is_parameter_placeholder: enter
execute:execute_statement:execute_statement:execute_query:execute_plain_select_rows:visit_query_source_rows:visit_streamed_inner_join_rows:visit_table_factor_rows:evaluate:resolve_operator_type:is_parameter_placeholder:extract_ast_value: enter
execute:execute_statement:execute_statement:execute_query:execute_plain_select_rows:visit_query_source_rows:visit_streamed_inner_join_rows:visit_table_factor_rows:evaluate:resolve_operator_type:is_parameter_placeholder:extract_ast_value: exit
execute:execute_statement:execute_statement:execute_query:execute_plain_select_rows:visit_query_source_rows:visit_streamed_inner_join_rows:visit_table_factor_rows:evaluate:resolve_operator_type:is_parameter_placeholder: exit
execute:execute_statement:execute_statement:execute_query:execute_plain_select_rows:visit_query_source_rows:visit_streamed_inner_join_rows:visit_table_factor_rows:evaluate:resolve_operator_type:infer_expression_type: enter
execute:execute_statement:execute_statement:execute_query:execute_plain_select_rows:visit_query_source_rows:visit_streamed_inner_join_rows:visit_table_factor_rows:evaluate:resolve_operator_type:infer_expression_type:extract_ast_value: enter
execute:execute_statement:execute_statement:execute_query:execute_plain_select_rows:visit_query_source_rows:visit_streamed_inner_join_rows:visit_table_factor_rows:evaluate:resolve_operator_type:infer_expression_type:extract_ast_value: exit
execute:execute_statement:execute_statement:execute_query:execute_plain_select_rows:visit_query_source_rows:visit_streamed_inner_join_rows:visit_table_factor_rows:evaluate:resolve_operator_type:infer_expression_type:resolve_column: enter
execute:execute_statement:execute_statement:execute_query:execute_plain_select_rows:visit_query_source_rows:visit_streamed_inner_join_rows:visit_table_factor_rows:evaluate:resolve_operator_type:infer_expression_type:resolve_column:resolve_bound_column: enter
execute:execute_statement:execute_statement:execute_query:execute_plain_select_rows:visit_query_source_rows:visit_streamed_inner_join_rows:visit_table_factor_rows:evaluate:resolve_operator_type:infer_expression_type:resolve_column:resolve_bound_column:matches_identifier: enter
execute:execute_statement:execute_statement:execute_query:execute_plain_select_rows:visit_query_source_rows:visit_streamed_inner_join_rows:visit_table_factor_rows:evaluate:resolve_operator_type:infer_expression_type:resolve_column:resolve_bound_column:matches_identifier: exit
execute:execute_statement:execute_statement:execute_query:execute_plain_select_rows:visit_query_source_rows:visit_streamed_inner_join_rows:visit_table_factor_rows:evaluate:resolve_operator_type:infer_expression_type:resolve_column:resolve_bound_column:matches_identifier: enter
execute:execute_statement:execute_statement:execute_query:execute_plain_select_rows:visit_query_source_rows:visit_streamed_inner_join_rows:visit_table_factor_rows:evaluate:resolve_operator_type:infer_expression_type:resolve_column:resolve_bound_column:matches_identifier: exit
execute:execute_statement:execute_statement:execute_query:execute_plain_select_rows:visit_query_source_rows:visit_streamed_inner_join_rows:visit_table_factor_rows:evaluate:resolve_operator_type:infer_expression_type:resolve_column:resolve_bound_column:matches_identifier: enter
execute:execute_statement:execute_statement:execute_query:execute_plain_select_rows:visit_query_source_rows:visit_streamed_inner_join_rows:visit_table_factor_rows:evaluate:resolve_operator_type:infer_expression_type:resolve_column:resolve_bound_column:matches_identifier: exit
execute:execute_statement:execute_statement:execute_query:execute_plain_select_rows:visit_query_source_rows:visit_streamed_inner_join_rows:visit_table_factor_rows:evaluate:resolve_operator_type:infer_expression_type:resolve_column:resolve_bound_column:matches_identifier: enter
execute:execute_statement:execute_statement:execute_query:execute_plain_select_rows:visit_query_source_rows:visit_streamed_inner_join_rows:visit_table_factor_rows:evaluate:resolve_operator_type:infer_expression_type:resolve_column:resolve_bound_column:matches_identifier: exit
execute:execute_statement:execute_statement:execute_query:execute_plain_select_rows:visit_query_source_rows:visit_streamed_inner_join_rows:visit_table_factor_rows:evaluate:resolve_operator_type:infer_expression_type:resolve_column:resolve_bound_column:matches_identifier: enter
execute:execute_statement:execute_statement:execute_query:execute_plain_select_rows:visit_query_source_rows:visit_streamed_inner_join_rows:visit_table_factor_rows:evaluate:resolve_operator_type:infer_expression_type:resolve_column:resolve_bound_column:matches_identifier: exit
execute:execute_statement:execute_statement:execute_query:execute_plain_select_rows:visit_query_source_rows:visit_streamed_inner_join_rows:visit_table_factor_rows:evaluate:resolve_operator_type:infer_expression_type:resolve_column:resolve_bound_column: exit
execute:execute_statement:execute_statement:execute_query:execute_plain_select_rows:visit_query_source_rows:visit_streamed_inner_join_rows:visit_table_factor_rows:evaluate:resolve_operator_type:infer_expression_type:resolve_column: exit
execute:execute_statement:execute_statement:execute_query:execute_plain_select_rows:visit_query_source_rows:visit_streamed_inner_join_rows:visit_table_factor_rows:evaluate:resolve_operator_type:infer_expression_type: exit
execute:execute_statement:execute_statement:execute_query:execute_plain_select_rows:visit_query_source_rows:visit_streamed_inner_join_rows:visit_table_factor_rows:evaluate:resolve_operator_type:infer_expression_type: enter
execute:execute_statement:execute_statement:execute_query:execute_plain_select_rows:visit_query_source_rows:visit_streamed_inner_join_rows:visit_table_factor_rows:evaluate:resolve_operator_type:infer_expression_type:extract_ast_value: enter
execute:execute_statement:execute_statement:execute_query:execute_plain_select_rows:visit_query_source_rows:visit_streamed_inner_join_rows:visit_table_factor_rows:evaluate:resolve_operator_type:infer_expression_type:extract_ast_value: exit
execute:execute_statement:execute_statement:execute_query:execute_plain_select_rows:visit_query_source_rows:visit_streamed_inner_join_rows:visit_table_factor_rows:evaluate:resolve_operator_type:infer_expression_type: exit
execute:execute_statement:execute_statement:execute_query:execute_plain_select_rows:visit_query_source_rows:visit_streamed_inner_join_rows:visit_table_factor_rows:evaluate:resolve_operator_type:resolve_expression_pair_type: enter
execute:execute_statement:execute_statement:execute_query:execute_plain_select_rows:visit_query_source_rows:visit_streamed_inner_join_rows:visit_table_factor_rows:evaluate:resolve_operator_type:resolve_expression_pair_type:is_null_literal: enter
execute:execute_statement:execute_statement:execute_query:execute_plain_select_rows:visit_query_source_rows:visit_streamed_inner_join_rows:visit_table_factor_rows:evaluate:resolve_operator_type:resolve_expression_pair_type:is_null_literal: exit
execute:execute_statement:execute_statement:execute_query:execute_plain_select_rows:visit_query_source_rows:visit_streamed_inner_join_rows:visit_table_factor_rows:evaluate:resolve_operator_type:resolve_expression_pair_type:extract_unknown_string_literal: enter
execute:execute_statement:execute_statement:execute_query:execute_plain_select_rows:visit_query_source_rows:visit_streamed_inner_join_rows:visit_table_factor_rows:evaluate:resolve_operator_type:resolve_expression_pair_type:extract_unknown_string_literal: exit
execute:execute_statement:execute_statement:execute_query:execute_plain_select_rows:visit_query_source_rows:visit_streamed_inner_join_rows:visit_table_factor_rows:evaluate:resolve_operator_type:resolve_expression_pair_type:is_null_literal: enter
execute:execute_statement:execute_statement:execute_query:execute_plain_select_rows:visit_query_source_rows:visit_streamed_inner_join_rows:visit_table_factor_rows:evaluate:resolve_operator_type:resolve_expression_pair_type:is_null_literal: exit
execute:execute_statement:execute_statement:execute_query:execute_plain_select_rows:visit_query_source_rows:visit_streamed_inner_join_rows:visit_table_factor_rows:evaluate:resolve_operator_type:resolve_expression_pair_type:extract_unknown_string_literal: enter
execute:execute_statement:execute_statement:execute_query:execute_plain_select_rows:visit_query_source_rows:visit_streamed_inner_join_rows:visit_table_factor_rows:evaluate:resolve_operator_type:resolve_expression_pair_type:extract_unknown_string_literal: exit
execute:execute_statement:execute_statement:execute_query:execute_plain_select_rows:visit_query_source_rows:visit_streamed_inner_join_rows:visit_table_factor_rows:evaluate:resolve_operator_type:resolve_expression_pair_type:is_null_literal: enter
execute:execute_statement:execute_statement:execute_query:execute_plain_select_rows:visit_query_source_rows:visit_streamed_inner_join_rows:visit_table_factor_rows:evaluate:resolve_operator_type:resolve_expression_pair_type:is_null_literal: exit
execute:execute_statement:execute_statement:execute_query:execute_plain_select_rows:visit_query_source_rows:visit_streamed_inner_join_rows:visit_table_factor_rows:evaluate:resolve_operator_type:resolve_expression_pair_type:extract_unknown_string_literal: enter
execute:execute_statement:execute_statement:execute_query:execute_plain_select_rows:visit_query_source_rows:visit_streamed_inner_join_rows:visit_table_factor_rows:evaluate:resolve_operator_type:resolve_expression_pair_type:extract_unknown_string_literal: exit
execute:execute_statement:execute_statement:execute_query:execute_plain_select_rows:visit_query_source_rows:visit_streamed_inner_join_rows:visit_table_factor_rows:evaluate:resolve_operator_type:resolve_expression_pair_type:infer_expression_type: enter
execute:execute_statement:execute_statement:execute_query:execute_plain_select_rows:visit_query_source_rows:visit_streamed_inner_join_rows:visit_table_factor_rows:evaluate:resolve_operator_type:resolve_expression_pair_type:infer_expression_type:extract_ast_value: enter
execute:execute_statement:execute_statement:execute_query:execute_plain_select_rows:visit_query_source_rows:visit_streamed_inner_join_rows:visit_table_factor_rows:evaluate:resolve_operator_type:resolve_expression_pair_type:infer_expression_type:extract_ast_value: exit
execute:execute_statement:execute_statement:execute_query:execute_plain_select_rows:visit_query_source_rows:visit_streamed_inner_join_rows:visit_table_factor_rows:evaluate:resolve_operator_type:resolve_expression_pair_type:infer_expression_type:resolve_column: enter
execute:execute_statement:execute_statement:execute_query:execute_plain_select_rows:visit_query_source_rows:visit_streamed_inner_join_rows:visit_table_factor_rows:evaluate:resolve_operator_type:resolve_expression_pair_type:infer_expression_type:resolve_column:resolve_bound_column: enter
execute:execute_statement:execute_statement:execute_query:execute_plain_select_rows:visit_query_source_rows:visit_streamed_inner_join_rows:visit_table_factor_rows:evaluate:resolve_operator_type:resolve_expression_pair_type:infer_expression_type:resolve_column:resolve_bound_column:matches_identifier: enter
execute:execute_statement:execute_statement:execute_query:execute_plain_select_rows:visit_query_source_rows:visit_streamed_inner_join_rows:visit_table_factor_rows:evaluate:resolve_operator_type:resolve_expression_pair_type:infer_expression_type:resolve_column:resolve_bound_column:matches_identifier: exit
execute:execute_statement:execute_statement:execute_query:execute_plain_select_rows:visit_query_source_rows:visit_streamed_inner_join_rows:visit_table_factor_rows:evaluate:resolve_operator_type:resolve_expression_pair_type:infer_expression_type:resolve_column:resolve_bound_column:matches_identifier: enter
execute:execute_statement:execute_statement:execute_query:execute_plain_select_rows:visit_query_source_rows:visit_streamed_inner_join_rows:visit_table_factor_rows:evaluate:resolve_operator_type:resolve_expression_pair_type:infer_expression_type:resolve_column:resolve_bound_column:matches_identifier: exit
execute:execute_statement:execute_statement:execute_query:execute_plain_select_rows:visit_query_source_rows:visit_streamed_inner_join_rows:visit_table_factor_rows:evaluate:resolve_operator_type:resolve_expression_pair_type:infer_expression_type:resolve_column:resolve_bound_column:matches_identifier: enter
execute:execute_statement:execute_statement:execute_query:execute_plain_select_rows:visit_query_source_rows:visit_streamed_inner_join_rows:visit_table_factor_rows:evaluate:resolve_operator_type:resolve_expression_pair_type:infer_expression_type:resolve_column:resolve_bound_column:matches_identifier: exit
execute:execute_statement:execute_statement:execute_query:execute_plain_select_rows:visit_query_source_rows:visit_streamed_inner_join_rows:visit_table_factor_rows:evaluate:resolve_operator_type:resolve_expression_pair_type:infer_expression_type:resolve_column:resolve_bound_column:matches_identifier: enter
execute:execute_statement:execute_statement:execute_query:execute_plain_select_rows:visit_query_source_rows:visit_streamed_inner_join_rows:visit_table_factor_rows:evaluate:resolve_operator_type:resolve_expression_pair_type:infer_expression_type:resolve_column:resolve_bound_column:matches_identifier: exit
execute:execute_statement:execute_statement:execute_query:execute_plain_select_rows:visit_query_source_rows:visit_streamed_inner_join_rows:visit_table_factor_rows:evaluate:resolve_operator_type:resolve_expression_pair_type:infer_expression_type:resolve_column:resolve_bound_column:matches_identifier: enter
execute:execute_statement:execute_statement:execute_query:execute_plain_select_rows:visit_query_source_rows:visit_streamed_inner_join_rows:visit_table_factor_rows:evaluate:resolve_operator_type:resolve_expression_pair_type:infer_expression_type:resolve_column:resolve_bound_column:matches_identifier: exit
execute:execute_statement:execute_statement:execute_query:execute_plain_select_rows:visit_query_source_rows:visit_streamed_inner_join_rows:visit_table_factor_rows:evaluate:resolve_operator_type:resolve_expression_pair_type:infer_expression_type:resolve_column:resolve_bound_column: exit
execute:execute_statement:execute_statement:execute_query:execute_plain_select_rows:visit_query_source_rows:visit_streamed_inner_join_rows:visit_table_factor_rows:evaluate:resolve_operator_type:resolve_expression_pair_type:infer_expression_type:resolve_column: exit
execute:execute_statement:execute_statement:execute_query:execute_plain_select_rows:visit_query_source_rows:visit_streamed_inner_join_rows:visit_table_factor_rows:evaluate:resolve_operator_type:resolve_expression_pair_type:infer_expression_type: exit
execute:execute_statement:execute_statement:execute_query:execute_plain_select_rows:visit_query_source_rows:visit_streamed_inner_join_rows:visit_table_factor_rows:evaluate:resolve_operator_type:resolve_expression_pair_type:infer_expression_type: enter
execute:execute_statement:execute_statement:execute_query:execute_plain_select_rows:visit_query_source_rows:visit_streamed_inner_join_rows:visit_table_factor_rows:evaluate:resolve_operator_type:resolve_expression_pair_type:infer_expression_type:extract_ast_value: enter
execute:execute_statement:execute_statement:execute_query:execute_plain_select_rows:visit_query_source_rows:visit_streamed_inner_join_rows:visit_table_factor_rows:evaluate:resolve_operator_type:resolve_expression_pair_type:infer_expression_type:extract_ast_value: exit
execute:execute_statement:execute_statement:execute_query:execute_plain_select_rows:visit_query_source_rows:visit_streamed_inner_join_rows:visit_table_factor_rows:evaluate:resolve_operator_type:resolve_expression_pair_type:infer_expression_type: exit
execute:execute_statement:execute_statement:execute_query:execute_plain_select_rows:visit_query_source_rows:visit_streamed_inner_join_rows:visit_table_factor_rows:evaluate:resolve_operator_type:resolve_expression_pair_type:resolve_common_type: enter
execute:execute_statement:execute_statement:execute_query:execute_plain_select_rows:visit_query_source_rows:visit_streamed_inner_join_rows:visit_table_factor_rows:evaluate:resolve_operator_type:resolve_expression_pair_type:resolve_common_type: exit
execute:execute_statement:execute_statement:execute_query:execute_plain_select_rows:visit_query_source_rows:visit_streamed_inner_join_rows:visit_table_factor_rows:evaluate:resolve_operator_type:resolve_expression_pair_type: exit
execute:execute_statement:execute_statement:execute_query:execute_plain_select_rows:visit_query_source_rows:visit_streamed_inner_join_rows:visit_table_factor_rows:evaluate:resolve_operator_type: exit
execute:execute_statement:execute_statement:execute_query:execute_plain_select_rows:visit_query_source_rows:visit_streamed_inner_join_rows:visit_table_factor_rows:evaluate:evaluate_and_coerce: enter
execute:execute_statement:execute_statement:execute_query:execute_plain_select_rows:visit_query_source_rows:visit_streamed_inner_join_rows:visit_table_factor_rows:evaluate:evaluate_and_coerce:extract_unknown_string_literal: enter
execute:execute_statement:execute_statement:execute_query:execute_plain_select_rows:visit_query_source_rows:visit_streamed_inner_join_rows:visit_table_factor_rows:evaluate:evaluate_and_coerce:extract_unknown_string_literal: exit
execute:execute_statement:execute_statement:execute_query:execute_plain_select_rows:visit_query_source_rows:visit_streamed_inner_join_rows:visit_table_factor_rows:evaluate:evaluate_and_coerce:infer_expression_type: enter
execute:execute_statement:execute_statement:execute_query:execute_plain_select_rows:visit_query_source_rows:visit_streamed_inner_join_rows:visit_table_factor_rows:evaluate:evaluate_and_coerce:infer_expression_type:extract_ast_value: enter
execute:execute_statement:execute_statement:execute_query:execute_plain_select_rows:visit_query_source_rows:visit_streamed_inner_join_rows:visit_table_factor_rows:evaluate:evaluate_and_coerce:infer_expression_type:extract_ast_value: exit
execute:execute_statement:execute_statement:execute_query:execute_plain_select_rows:visit_query_source_rows:visit_streamed_inner_join_rows:visit_table_factor_rows:evaluate:evaluate_and_coerce:infer_expression_type:resolve_column: enter
execute:execute_statement:execute_statement:execute_query:execute_plain_select_rows:visit_query_source_rows:visit_streamed_inner_join_rows:visit_table_factor_rows:evaluate:evaluate_and_coerce:infer_expression_type:resolve_column:resolve_bound_column: enter
execute:execute_statement:execute_statement:execute_query:execute_plain_select_rows:visit_query_source_rows:visit_streamed_inner_join_rows:visit_table_factor_rows:evaluate:evaluate_and_coerce:infer_expression_type:resolve_column:resolve_bound_column:matches_identifier: enter
execute:execute_statement:execute_statement:execute_query:execute_plain_select_rows:visit_query_source_rows:visit_streamed_inner_join_rows:visit_table_factor_rows:evaluate:evaluate_and_coerce:infer_expression_type:resolve_column:resolve_bound_column:matches_identifier: exit
execute:execute_statement:execute_statement:execute_query:execute_plain_select_rows:visit_query_source_rows:visit_streamed_inner_join_rows:visit_table_factor_rows:evaluate:evaluate_and_coerce:infer_expression_type:resolve_column:resolve_bound_column:matches_identifier: enter
execute:execute_statement:execute_statement:execute_query:execute_plain_select_rows:visit_query_source_rows:visit_streamed_inner_join_rows:visit_table_factor_rows:evaluate:evaluate_and_coerce:infer_expression_type:resolve_column:resolve_bound_column:matches_identifier: exit
execute:execute_statement:execute_statement:execute_query:execute_plain_select_rows:visit_query_source_rows:visit_streamed_inner_join_rows:visit_table_factor_rows:evaluate:evaluate_and_coerce:infer_expression_type:resolve_column:resolve_bound_column:matches_identifier: enter
execute:execute_statement:execute_statement:execute_query:execute_plain_select_rows:visit_query_source_rows:visit_streamed_inner_join_rows:visit_table_factor_rows:evaluate:evaluate_and_coerce:infer_expression_type:resolve_column:resolve_bound_column:matches_identifier: exit
execute:execute_statement:execute_statement:execute_query:execute_plain_select_rows:visit_query_source_rows:visit_streamed_inner_join_rows:visit_table_factor_rows:evaluate:evaluate_and_coerce:infer_expression_type:resolve_column:resolve_bound_column:matches_identifier: enter
execute:execute_statement:execute_statement:execute_query:execute_plain_select_rows:visit_query_source_rows:visit_streamed_inner_join_rows:visit_table_factor_rows:evaluate:evaluate_and_coerce:infer_expression_type:resolve_column:resolve_bound_column:matches_identifier: exit
execute:execute_statement:execute_statement:execute_query:execute_plain_select_rows:visit_query_source_rows:visit_streamed_inner_join_rows:visit_table_factor_rows:evaluate:evaluate_and_coerce:infer_expression_type:resolve_column:resolve_bound_column:matches_identifier: enter
execute:execute_statement:execute_statement:execute_query:execute_plain_select_rows:visit_query_source_rows:visit_streamed_inner_join_rows:visit_table_factor_rows:evaluate:evaluate_and_coerce:infer_expression_type:resolve_column:resolve_bound_column:matches_identifier: exit
execute:execute_statement:execute_statement:execute_query:execute_plain_select_rows:visit_query_source_rows:visit_streamed_inner_join_rows:visit_table_factor_rows:evaluate:evaluate_and_coerce:infer_expression_type:resolve_column:resolve_bound_column: exit
execute:execute_statement:execute_statement:execute_query:execute_plain_select_rows:visit_query_source_rows:visit_streamed_inner_join_rows:visit_table_factor_rows:evaluate:evaluate_and_coerce:infer_expression_type:resolve_column: exit
execute:execute_statement:execute_statement:execute_query:execute_plain_select_rows:visit_query_source_rows:visit_streamed_inner_join_rows:visit_table_factor_rows:evaluate:evaluate_and_coerce:infer_expression_type: exit
execute:execute_statement:execute_statement:execute_query:execute_plain_select_rows:visit_query_source_rows:visit_streamed_inner_join_rows:visit_table_factor_rows:evaluate:evaluate_and_coerce:evaluate: enter
execute:execute_statement:execute_statement:execute_query:execute_plain_select_rows:visit_query_source_rows:visit_streamed_inner_join_rows:visit_table_factor_rows:evaluate:evaluate_and_coerce:evaluate:resolve_column_value: enter
execute:execute_statement:execute_statement:execute_query:execute_plain_select_rows:visit_query_source_rows:visit_streamed_inner_join_rows:visit_table_factor_rows:evaluate:evaluate_and_coerce:evaluate:resolve_column_value:resolve_bound_column: enter
execute:execute_statement:execute_statement:execute_query:execute_plain_select_rows:visit_query_source_rows:visit_streamed_inner_join_rows:visit_table_factor_rows:evaluate:evaluate_and_coerce:evaluate:resolve_column_value:resolve_bound_column:matches_identifier: enter
execute:execute_statement:execute_statement:execute_query:execute_plain_select_rows:visit_query_source_rows:visit_streamed_inner_join_rows:visit_table_factor_rows:evaluate:evaluate_and_coerce:evaluate:resolve_column_value:resolve_bound_column:matches_identifier: exit
execute:execute_statement:execute_statement:execute_query:execute_plain_select_rows:visit_query_source_rows:visit_streamed_inner_join_rows:visit_table_factor_rows:evaluate:evaluate_and_coerce:evaluate:resolve_column_value:resolve_bound_column:matches_identifier: enter
execute:execute_statement:execute_statement:execute_query:execute_plain_select_rows:visit_query_source_rows:visit_streamed_inner_join_rows:visit_table_factor_rows:evaluate:evaluate_and_coerce:evaluate:resolve_column_value:resolve_bound_column:matches_identifier: exit
execute:execute_statement:execute_statement:execute_query:execute_plain_select_rows:visit_query_source_rows:visit_streamed_inner_join_rows:visit_table_factor_rows:evaluate:evaluate_and_coerce:evaluate:resolve_column_value:resolve_bound_column:matches_identifier: enter
execute:execute_statement:execute_statement:execute_query:execute_plain_select_rows:visit_query_source_rows:visit_streamed_inner_join_rows:visit_table_factor_rows:evaluate:evaluate_and_coerce:evaluate:resolve_column_value:resolve_bound_column:matches_identifier: exit
execute:execute_statement:execute_statement:execute_query:execute_plain_select_rows:visit_query_source_rows:visit_streamed_inner_join_rows:visit_table_factor_rows:evaluate:evaluate_and_coerce:evaluate:resolve_column_value:resolve_bound_column:matches_identifier: enter
execute:execute_statement:execute_statement:execute_query:execute_plain_select_rows:visit_query_source_rows:visit_streamed_inner_join_rows:visit_table_factor_rows:evaluate:evaluate_and_coerce:evaluate:resolve_column_value:resolve_bound_column:matches_identifier: exit
execute:execute_statement:execute_statement:execute_query:execute_plain_select_rows:visit_query_source_rows:visit_streamed_inner_join_rows:visit_table_factor_rows:evaluate:evaluate_and_coerce:evaluate:resolve_column_value:resolve_bound_column:matches_identifier: enter
execute:execute_statement:execute_statement:execute_query:execute_plain_select_rows:visit_query_source_rows:visit_streamed_inner_join_rows:visit_table_factor_rows:evaluate:evaluate_and_coerce:evaluate:resolve_column_value:resolve_bound_column:matches_identifier: exit
execute:execute_statement:execute_statement:execute_query:execute_plain_select_rows:visit_query_source_rows:visit_streamed_inner_join_rows:visit_table_factor_rows:evaluate:evaluate_and_coerce:evaluate:resolve_column_value:resolve_bound_column: exit
execute:execute_statement:execute_statement:execute_query:execute_plain_select_rows:visit_query_source_rows:visit_streamed_inner_join_rows:visit_table_factor_rows:evaluate:evaluate_and_coerce:evaluate:resolve_column_value: exit
execute:execute_statement:execute_statement:execute_query:execute_plain_select_rows:visit_query_source_rows:visit_streamed_inner_join_rows:visit_table_factor_rows:evaluate:evaluate_and_coerce:evaluate: exit
execute:execute_statement:execute_statement:execute_query:execute_plain_select_rows:visit_query_source_rows:visit_streamed_inner_join_rows:visit_table_factor_rows:evaluate:evaluate_and_coerce:create: enter
execute:execute_statement:execute_statement:execute_query:execute_plain_select_rows:visit_query_source_rows:visit_streamed_inner_join_rows:visit_table_factor_rows:evaluate:evaluate_and_coerce:create: exit
execute:execute_statement:execute_statement:execute_query:execute_plain_select_rows:visit_query_source_rows:visit_streamed_inner_join_rows:visit_table_factor_rows:evaluate:evaluate_and_coerce:coerce: enter
execute:execute_statement:execute_statement:execute_query:execute_plain_select_rows:visit_query_source_rows:visit_streamed_inner_join_rows:visit_table_factor_rows:evaluate:evaluate_and_coerce:coerce:is_null: enter
execute:execute_statement:execute_statement:execute_query:execute_plain_select_rows:visit_query_source_rows:visit_streamed_inner_join_rows:visit_table_factor_rows:evaluate:evaluate_and_coerce:coerce:is_null: exit
execute:execute_statement:execute_statement:execute_query:execute_plain_select_rows:visit_query_source_rows:visit_streamed_inner_join_rows:visit_table_factor_rows:evaluate:evaluate_and_coerce:coerce:can_cast: enter
execute:execute_statement:execute_statement:execute_query:execute_plain_select_rows:visit_query_source_rows:visit_streamed_inner_join_rows:visit_table_factor_rows:evaluate:evaluate_and_coerce:coerce:can_cast:resolve_required_cast_context: enter
execute:execute_statement:execute_statement:execute_query:execute_plain_select_rows:visit_query_source_rows:visit_streamed_inner_join_rows:visit_table_factor_rows:evaluate:evaluate_and_coerce:coerce:can_cast:resolve_required_cast_context: exit
execute:execute_statement:execute_statement:execute_query:execute_plain_select_rows:visit_query_source_rows:visit_streamed_inner_join_rows:visit_table_factor_rows:evaluate:evaluate_and_coerce:coerce:can_cast: exit
execute:execute_statement:execute_statement:execute_query:execute_plain_select_rows:visit_query_source_rows:visit_streamed_inner_join_rows:visit_table_factor_rows:evaluate:evaluate_and_coerce:coerce:apply_typmod: enter
execute:execute_statement:execute_statement:execute_query:execute_plain_select_rows:visit_query_source_rows:visit_streamed_inner_join_rows:visit_table_factor_rows:evaluate:evaluate_and_coerce:coerce:apply_typmod: exit
execute:execute_statement:execute_statement:execute_query:execute_plain_select_rows:visit_query_source_rows:visit_streamed_inner_join_rows:visit_table_factor_rows:evaluate:evaluate_and_coerce:coerce: exit
execute:execute_statement:execute_statement:execute_query:execute_plain_select_rows:visit_query_source_rows:visit_streamed_inner_join_rows:visit_table_factor_rows:evaluate:evaluate_and_coerce: exit
execute:execute_statement:execute_statement:execute_query:execute_plain_select_rows:visit_query_source_rows:visit_streamed_inner_join_rows:visit_table_factor_rows:evaluate:evaluate_and_coerce: enter
execute:execute_statement:execute_statement:execute_query:execute_plain_select_rows:visit_query_source_rows:visit_streamed_inner_join_rows:visit_table_factor_rows:evaluate:evaluate_and_coerce:extract_unknown_string_literal: enter
execute:execute_statement:execute_statement:execute_query:execute_plain_select_rows:visit_query_source_rows:visit_streamed_inner_join_rows:visit_table_factor_rows:evaluate:evaluate_and_coerce:extract_unknown_string_literal: exit
execute:execute_statement:execute_statement:execute_query:execute_plain_select_rows:visit_query_source_rows:visit_streamed_inner_join_rows:visit_table_factor_rows:evaluate:evaluate_and_coerce:infer_expression_type: enter
execute:execute_statement:execute_statement:execute_query:execute_plain_select_rows:visit_query_source_rows:visit_streamed_inner_join_rows:visit_table_factor_rows:evaluate:evaluate_and_coerce:infer_expression_type:extract_ast_value: enter
execute:execute_statement:execute_statement:execute_query:execute_plain_select_rows:visit_query_source_rows:visit_streamed_inner_join_rows:visit_table_factor_rows:evaluate:evaluate_and_coerce:infer_expression_type:extract_ast_value: exit
execute:execute_statement:execute_statement:execute_query:execute_plain_select_rows:visit_query_source_rows:visit_streamed_inner_join_rows:visit_table_factor_rows:evaluate:evaluate_and_coerce:infer_expression_type: exit
execute:execute_statement:execute_statement:execute_query:execute_plain_select_rows:visit_query_source_rows:visit_streamed_inner_join_rows:visit_table_factor_rows:evaluate:evaluate_and_coerce:evaluate: enter
execute:execute_statement:execute_statement:execute_query:execute_plain_select_rows:visit_query_source_rows:visit_streamed_inner_join_rows:visit_table_factor_rows:evaluate:evaluate_and_coerce:evaluate:evaluate_literal: enter
execute:execute_statement:execute_statement:execute_query:execute_plain_select_rows:visit_query_source_rows:visit_streamed_inner_join_rows:visit_table_factor_rows:evaluate:evaluate_and_coerce:evaluate:evaluate_literal:extract_ast_value: enter
execute:execute_statement:execute_statement:execute_query:execute_plain_select_rows:visit_query_source_rows:visit_streamed_inner_join_rows:visit_table_factor_rows:evaluate:evaluate_and_coerce:evaluate:evaluate_literal:extract_ast_value: exit
execute:execute_statement:execute_statement:execute_query:execute_plain_select_rows:visit_query_source_rows:visit_streamed_inner_join_rows:visit_table_factor_rows:evaluate:evaluate_and_coerce:evaluate:evaluate_literal: exit
execute:execute_statement:execute_statement:execute_query:execute_plain_select_rows:visit_query_source_rows:visit_streamed_inner_join_rows:visit_table_factor_rows:evaluate:evaluate_and_coerce:evaluate: exit
execute:execute_statement:execute_statement:execute_query:execute_plain_select_rows:visit_query_source_rows:visit_streamed_inner_join_rows:visit_table_factor_rows:evaluate:evaluate_and_coerce:create: enter
execute:execute_statement:execute_statement:execute_query:execute_plain_select_rows:visit_query_source_rows:visit_streamed_inner_join_rows:visit_table_factor_rows:evaluate:evaluate_and_coerce:create: exit
execute:execute_statement:execute_statement:execute_query:execute_plain_select_rows:visit_query_source_rows:visit_streamed_inner_join_rows:visit_table_factor_rows:evaluate:evaluate_and_coerce:coerce: enter
execute:execute_statement:execute_statement:execute_query:execute_plain_select_rows:visit_query_source_rows:visit_streamed_inner_join_rows:visit_table_factor_rows:evaluate:evaluate_and_coerce:coerce:is_null: enter
execute:execute_statement:execute_statement:execute_query:execute_plain_select_rows:visit_query_source_rows:visit_streamed_inner_join_rows:visit_table_factor_rows:evaluate:evaluate_and_coerce:coerce:is_null: exit
execute:execute_statement:execute_statement:execute_query:execute_plain_select_rows:visit_query_source_rows:visit_streamed_inner_join_rows:visit_table_factor_rows:evaluate:evaluate_and_coerce:coerce:can_cast: enter
execute:execute_statement:execute_statement:execute_query:execute_plain_select_rows:visit_query_source_rows:visit_streamed_inner_join_rows:visit_table_factor_rows:evaluate:evaluate_and_coerce:coerce:can_cast:resolve_required_cast_context: enter
execute:execute_statement:execute_statement:execute_query:execute_plain_select_rows:visit_query_source_rows:visit_streamed_inner_join_rows:visit_table_factor_rows:evaluate:evaluate_and_coerce:coerce:can_cast:resolve_required_cast_context: exit
execute:execute_statement:execute_statement:execute_query:execute_plain_select_rows:visit_query_source_rows:visit_streamed_inner_join_rows:visit_table_factor_rows:evaluate:evaluate_and_coerce:coerce:can_cast: exit
execute:execute_statement:execute_statement:execute_query:execute_plain_select_rows:visit_query_source_rows:visit_streamed_inner_join_rows:visit_table_factor_rows:evaluate:evaluate_and_coerce:coerce:apply_typmod: enter
execute:execute_statement:execute_statement:execute_query:execute_plain_select_rows:visit_query_source_rows:visit_streamed_inner_join_rows:visit_table_factor_rows:evaluate:evaluate_and_coerce:coerce:apply_typmod: exit
execute:execute_statement:execute_statement:execute_query:execute_plain_select_rows:visit_query_source_rows:visit_streamed_inner_join_rows:visit_table_factor_rows:evaluate:evaluate_and_coerce:coerce: exit
execute:execute_statement:execute_statement:execute_query:execute_plain_select_rows:visit_query_source_rows:visit_streamed_inner_join_rows:visit_table_factor_rows:evaluate:evaluate_and_coerce: exit
execute:execute_statement:execute_statement:execute_query:execute_plain_select_rows:visit_query_source_rows:visit_streamed_inner_join_rows:visit_table_factor_rows:evaluate:is_null: enter
execute:execute_statement:execute_statement:execute_query:execute_plain_select_rows:visit_query_source_rows:visit_streamed_inner_join_rows:visit_table_factor_rows:evaluate:is_null: exit
execute:execute_statement:execute_statement:execute_query:execute_plain_select_rows:visit_query_source_rows:visit_streamed_inner_join_rows:visit_table_factor_rows:evaluate:is_null: enter
execute:execute_statement:execute_statement:execute_query:execute_plain_select_rows:visit_query_source_rows:visit_streamed_inner_join_rows:visit_table_factor_rows:evaluate:is_null: exit
execute:execute_statement:execute_statement:execute_query:execute_plain_select_rows:visit_query_source_rows:visit_streamed_inner_join_rows:visit_table_factor_rows:evaluate:evaluate_comparison: enter
execute:execute_statement:execute_statement:execute_query:execute_plain_select_rows:visit_query_source_rows:visit_streamed_inner_join_rows:visit_table_factor_rows:evaluate:evaluate_comparison:compare_values: enter
execute:execute_statement:execute_statement:execute_query:execute_plain_select_rows:visit_query_source_rows:visit_streamed_inner_join_rows:visit_table_factor_rows:evaluate:evaluate_comparison:compare_values: exit
execute:execute_statement:execute_statement:execute_query:execute_plain_select_rows:visit_query_source_rows:visit_streamed_inner_join_rows:visit_table_factor_rows:evaluate:evaluate_comparison: exit
execute:execute_statement:execute_statement:execute_query:execute_plain_select_rows:visit_query_source_rows:visit_streamed_inner_join_rows:visit_table_factor_rows:evaluate: exit
execute:execute_statement:execute_statement:execute_query:execute_plain_select_rows:visit_query_source_rows:visit_streamed_inner_join_rows:visit_table_factor_rows:visit_nested_loop_join_rows: enter
execute:execute_statement:execute_statement:execute_query:execute_plain_select_rows:visit_query_source_rows:visit_streamed_inner_join_rows:visit_table_factor_rows:visit_nested_loop_join_rows:evaluate_where_clause: enter
execute:execute_statement:execute_statement:execute_query:execute_plain_select_rows:visit_query_source_rows:visit_streamed_inner_join_rows:visit_table_factor_rows:visit_nested_loop_join_rows:evaluate_where_clause:evaluate_query_expression: enter
execute:execute_statement:execute_statement:execute_query:execute_plain_select_rows:visit_query_source_rows:visit_streamed_inner_join_rows:visit_table_factor_rows:visit_nested_loop_join_rows:evaluate_where_clause:evaluate_query_expression:contains_subquery: enter
execute:execute_statement:execute_statement:execute_query:execute_plain_select_rows:visit_query_source_rows:visit_streamed_inner_join_rows:visit_table_factor_rows:visit_nested_loop_join_rows:evaluate_where_clause:evaluate_query_expression:contains_subquery: exit
execute:execute_statement:execute_statement:execute_query:execute_plain_select_rows:visit_query_source_rows:visit_streamed_inner_join_rows:visit_table_factor_rows:visit_nested_loop_join_rows:evaluate_where_clause:evaluate_query_expression:evaluate: enter
execute:execute_statement:execute_statement:execute_query:execute_plain_select_rows:visit_query_source_rows:visit_streamed_inner_join_rows:visit_table_factor_rows:visit_nested_loop_join_rows:evaluate_where_clause:evaluate_query_expression:evaluate:infer_expression_type: enter
execute:execute_statement:execute_statement:execute_query:execute_plain_select_rows:visit_query_source_rows:visit_streamed_inner_join_rows:visit_table_factor_rows:visit_nested_loop_join_rows:evaluate_where_clause:evaluate_query_expression:evaluate:infer_expression_type:extract_ast_value: enter
execute:execute_statement:execute_statement:execute_query:execute_plain_select_rows:visit_query_source_rows:visit_streamed_inner_join_rows:visit_table_factor_rows:visit_nested_loop_join_rows:evaluate_where_clause:evaluate_query_expression:evaluate:infer_expression_type:extract_ast_value: exit
execute:execute_statement:execute_statement:execute_query:execute_plain_select_rows:visit_query_source_rows:visit_streamed_inner_join_rows:visit_table_factor_rows:visit_nested_loop_join_rows:evaluate_where_clause:evaluate_query_expression:evaluate:infer_expression_type:resolve_column: enter
execute:execute_statement:execute_statement:execute_query:execute_plain_select_rows:visit_query_source_rows:visit_streamed_inner_join_rows:visit_table_factor_rows:visit_nested_loop_join_rows:evaluate_where_clause:evaluate_query_expression:evaluate:infer_expression_type:resolve_column:resolve_bound_column: enter
execute:execute_statement:execute_statement:execute_query:execute_plain_select_rows:visit_query_source_rows:visit_streamed_inner_join_rows:visit_table_factor_rows:visit_nested_loop_join_rows:evaluate_where_clause:evaluate_query_expression:evaluate:infer_expression_type:resolve_column:resolve_bound_column:matches_identifier: enter
execute:execute_statement:execute_statement:execute_query:execute_plain_select_rows:visit_query_source_rows:visit_streamed_inner_join_rows:visit_table_factor_rows:visit_nested_loop_join_rows:evaluate_where_clause:evaluate_query_expression:evaluate:infer_expression_type:resolve_column:resolve_bound_column:matches_identifier: exit
execute:execute_statement:execute_statement:execute_query:execute_plain_select_rows:visit_query_source_rows:visit_streamed_inner_join_rows:visit_table_factor_rows:visit_nested_loop_join_rows:evaluate_where_clause:evaluate_query_expression:evaluate:infer_expression_type:resolve_column:resolve_bound_column:matches_identifier: enter
execute:execute_statement:execute_statement:execute_query:execute_plain_select_rows:visit_query_source_rows:visit_streamed_inner_join_rows:visit_table_factor_rows:visit_nested_loop_join_rows:evaluate_where_clause:evaluate_query_expression:evaluate:infer_expression_type:resolve_column:resolve_bound_column:matches_identifier: exit
execute:execute_statement:execute_statement:execute_query:execute_plain_select_rows:visit_query_source_rows:visit_streamed_inner_join_rows:visit_table_factor_rows:visit_nested_loop_join_rows:evaluate_where_clause:evaluate_query_expression:evaluate:infer_expression_type:resolve_column:resolve_bound_column:matches_identifier: enter
execute:execute_statement:execute_statement:execute_query:execute_plain_select_rows:visit_query_source_rows:visit_streamed_inner_join_rows:visit_table_factor_rows:visit_nested_loop_join_rows:evaluate_where_clause:evaluate_query_expression:evaluate:infer_expression_type:resolve_column:resolve_bound_column:matches_identifier: exit
execute:execute_statement:execute_statement:execute_query:execute_plain_select_rows:visit_query_source_rows:visit_streamed_inner_join_rows:visit_table_factor_rows:visit_nested_loop_join_rows:evaluate_where_clause:evaluate_query_expression:evaluate:infer_expression_type:resolve_column:resolve_bound_column:matches_identifier: enter
execute:execute_statement:execute_statement:execute_query:execute_plain_select_rows:visit_query_source_rows:visit_streamed_inner_join_rows:visit_table_factor_rows:visit_nested_loop_join_rows:evaluate_where_clause:evaluate_query_expression:evaluate:infer_expression_type:resolve_column:resolve_bound_column:matches_identifier: exit
execute:execute_statement:execute_statement:execute_query:execute_plain_select_rows:visit_query_source_rows:visit_streamed_inner_join_rows:visit_table_factor_rows:visit_nested_loop_join_rows:evaluate_where_clause:evaluate_query_expression:evaluate:infer_expression_type:resolve_column:resolve_bound_column:matches_identifier: enter
execute:execute_statement:execute_statement:execute_query:execute_plain_select_rows:visit_query_source_rows:visit_streamed_inner_join_rows:visit_table_factor_rows:visit_nested_loop_join_rows:evaluate_where_clause:evaluate_query_expression:evaluate:infer_expression_type:resolve_column:resolve_bound_column:matches_identifier: exit
execute:execute_statement:execute_statement:execute_query:execute_plain_select_rows:visit_query_source_rows:visit_streamed_inner_join_rows:visit_table_factor_rows:visit_nested_loop_join_rows:evaluate_where_clause:evaluate_query_expression:evaluate:infer_expression_type:resolve_column:resolve_bound_column: exit
execute:execute_statement:execute_statement:execute_query:execute_plain_select_rows:visit_query_source_rows:visit_streamed_inner_join_rows:visit_table_factor_rows:visit_nested_loop_join_rows:evaluate_where_clause:evaluate_query_expression:evaluate:infer_expression_type:resolve_column: exit
execute:execute_statement:execute_statement:execute_query:execute_plain_select_rows:visit_query_source_rows:visit_streamed_inner_join_rows:visit_table_factor_rows:visit_nested_loop_join_rows:evaluate_where_clause:evaluate_query_expression:evaluate:infer_expression_type: exit
execute:execute_statement:execute_statement:execute_query:execute_plain_select_rows:visit_query_source_rows:visit_streamed_inner_join_rows:visit_table_factor_rows:visit_nested_loop_join_rows:evaluate_where_clause:evaluate_query_expression:evaluate:infer_expression_type: enter
execute:execute_statement:execute_statement:execute_query:execute_plain_select_rows:visit_query_source_rows:visit_streamed_inner_join_rows:visit_table_factor_rows:visit_nested_loop_join_rows:evaluate_where_clause:evaluate_query_expression:evaluate:infer_expression_type:extract_ast_value: enter
execute:execute_statement:execute_statement:execute_query:execute_plain_select_rows:visit_query_source_rows:visit_streamed_inner_join_rows:visit_table_factor_rows:visit_nested_loop_join_rows:evaluate_where_clause:evaluate_query_expression:evaluate:infer_expression_type:extract_ast_value: exit
execute:execute_statement:execute_statement:execute_query:execute_plain_select_rows:visit_query_source_rows:visit_streamed_inner_join_rows:visit_table_factor_rows:visit_nested_loop_join_rows:evaluate_where_clause:evaluate_query_expression:evaluate:infer_expression_type: exit
execute:execute_statement:execute_statement:execute_query:execute_plain_select_rows:visit_query_source_rows:visit_streamed_inner_join_rows:visit_table_factor_rows:visit_nested_loop_join_rows:evaluate_where_clause:evaluate_query_expression:evaluate:resolve_operator_type: enter
execute:execute_statement:execute_statement:execute_query:execute_plain_select_rows:visit_query_source_rows:visit_streamed_inner_join_rows:visit_table_factor_rows:visit_nested_loop_join_rows:evaluate_where_clause:evaluate_query_expression:evaluate:resolve_operator_type:is_parameter_placeholder: enter
execute:execute_statement:execute_statement:execute_query:execute_plain_select_rows:visit_query_source_rows:visit_streamed_inner_join_rows:visit_table_factor_rows:visit_nested_loop_join_rows:evaluate_where_clause:evaluate_query_expression:evaluate:resolve_operator_type:is_parameter_placeholder:extract_ast_value: enter
execute:execute_statement:execute_statement:execute_query:execute_plain_select_rows:visit_query_source_rows:visit_streamed_inner_join_rows:visit_table_factor_rows:visit_nested_loop_join_rows:evaluate_where_clause:evaluate_query_expression:evaluate:resolve_operator_type:is_parameter_placeholder:extract_ast_value: exit
execute:execute_statement:execute_statement:execute_query:execute_plain_select_rows:visit_query_source_rows:visit_streamed_inner_join_rows:visit_table_factor_rows:visit_nested_loop_join_rows:evaluate_where_clause:evaluate_query_expression:evaluate:resolve_operator_type:is_parameter_placeholder: exit
execute:execute_statement:execute_statement:execute_query:execute_plain_select_rows:visit_query_source_rows:visit_streamed_inner_join_rows:visit_table_factor_rows:visit_nested_loop_join_rows:evaluate_where_clause:evaluate_query_expression:evaluate:resolve_operator_type:is_parameter_placeholder: enter
execute:execute_statement:execute_statement:execute_query:execute_plain_select_rows:visit_query_source_rows:visit_streamed_inner_join_rows:visit_table_factor_rows:visit_nested_loop_join_rows:evaluate_where_clause:evaluate_query_expression:evaluate:resolve_operator_type:is_parameter_placeholder:extract_ast_value: enter
execute:execute_statement:execute_statement:execute_query:execute_plain_select_rows:visit_query_source_rows:visit_streamed_inner_join_rows:visit_table_factor_rows:visit_nested_loop_join_rows:evaluate_where_clause:evaluate_query_expression:evaluate:resolve_operator_type:is_parameter_placeholder:extract_ast_value: exit
execute:execute_statement:execute_statement:execute_query:execute_plain_select_rows:visit_query_source_rows:visit_streamed_inner_join_rows:visit_table_factor_rows:visit_nested_loop_join_rows:evaluate_where_clause:evaluate_query_expression:evaluate:resolve_operator_type:is_parameter_placeholder: exit
execute:execute_statement:execute_statement:execute_query:execute_plain_select_rows:visit_query_source_rows:visit_streamed_inner_join_rows:visit_table_factor_rows:visit_nested_loop_join_rows:evaluate_where_clause:evaluate_query_expression:evaluate:resolve_operator_type:infer_expression_type: enter
execute:execute_statement:execute_statement:execute_query:execute_plain_select_rows:visit_query_source_rows:visit_streamed_inner_join_rows:visit_table_factor_rows:visit_nested_loop_join_rows:evaluate_where_clause:evaluate_query_expression:evaluate:resolve_operator_type:infer_expression_type:extract_ast_value: enter
execute:execute_statement:execute_statement:execute_query:execute_plain_select_rows:visit_query_source_rows:visit_streamed_inner_join_rows:visit_table_factor_rows:visit_nested_loop_join_rows:evaluate_where_clause:evaluate_query_expression:evaluate:resolve_operator_type:infer_expression_type:extract_ast_value: exit
execute:execute_statement:execute_statement:execute_query:execute_plain_select_rows:visit_query_source_rows:visit_streamed_inner_join_rows:visit_table_factor_rows:visit_nested_loop_join_rows:evaluate_where_clause:evaluate_query_expression:evaluate:resolve_operator_type:infer_expression_type:resolve_column: enter
execute:execute_statement:execute_statement:execute_query:execute_plain_select_rows:visit_query_source_rows:visit_streamed_inner_join_rows:visit_table_factor_rows:visit_nested_loop_join_rows:evaluate_where_clause:evaluate_query_expression:evaluate:resolve_operator_type:infer_expression_type:resolve_column:resolve_bound_column: enter
execute:execute_statement:execute_statement:execute_query:execute_plain_select_rows:visit_query_source_rows:visit_streamed_inner_join_rows:visit_table_factor_rows:visit_nested_loop_join_rows:evaluate_where_clause:evaluate_query_expression:evaluate:resolve_operator_type:infer_expression_type:resolve_column:resolve_bound_column:matches_identifier: enter
execute:execute_statement:execute_statement:execute_query:execute_plain_select_rows:visit_query_source_rows:visit_streamed_inner_join_rows:visit_table_factor_rows:visit_nested_loop_join_rows:evaluate_where_clause:evaluate_query_expression:evaluate:resolve_operator_type:infer_expression_type:resolve_column:resolve_bound_column:matches_identifier: exit
execute:execute_statement:execute_statement:execute_query:execute_plain_select_rows:visit_query_source_rows:visit_streamed_inner_join_rows:visit_table_factor_rows:visit_nested_loop_join_rows:evaluate_where_clause:evaluate_query_expression:evaluate:resolve_operator_type:infer_expression_type:resolve_column:resolve_bound_column:matches_identifier: enter
execute:execute_statement:execute_statement:execute_query:execute_plain_select_rows:visit_query_source_rows:visit_streamed_inner_join_rows:visit_table_factor_rows:visit_nested_loop_join_rows:evaluate_where_clause:evaluate_query_expression:evaluate:resolve_operator_type:infer_expression_type:resolve_column:resolve_bound_column:matches_identifier: exit
execute:execute_statement:execute_statement:execute_query:execute_plain_select_rows:visit_query_source_rows:visit_streamed_inner_join_rows:visit_table_factor_rows:visit_nested_loop_join_rows:evaluate_where_clause:evaluate_query_expression:evaluate:resolve_operator_type:infer_expression_type:resolve_column:resolve_bound_column:matches_identifier: enter
execute:execute_statement:execute_statement:execute_query:execute_plain_select_rows:visit_query_source_rows:visit_streamed_inner_join_rows:visit_table_factor_rows:visit_nested_loop_join_rows:evaluate_where_clause:evaluate_query_expression:evaluate:resolve_operator_type:infer_expression_type:resolve_column:resolve_bound_column:matches_identifier: exit
execute:execute_statement:execute_statement:execute_query:execute_plain_select_rows:visit_query_source_rows:visit_streamed_inner_join_rows:visit_table_factor_rows:visit_nested_loop_join_rows:evaluate_where_clause:evaluate_query_expression:evaluate:resolve_operator_type:infer_expression_type:resolve_column:resolve_bound_column:matches_identifier: enter
execute:execute_statement:execute_statement:execute_query:execute_plain_select_rows:visit_query_source_rows:visit_streamed_inner_join_rows:visit_table_factor_rows:visit_nested_loop_join_rows:evaluate_where_clause:evaluate_query_expression:evaluate:resolve_operator_type:infer_expression_type:resolve_column:resolve_bound_column:matches_identifier: exit
execute:execute_statement:execute_statement:execute_query:execute_plain_select_rows:visit_query_source_rows:visit_streamed_inner_join_rows:visit_table_factor_rows:visit_nested_loop_join_rows:evaluate_where_clause:evaluate_query_expression:evaluate:resolve_operator_type:infer_expression_type:resolve_column:resolve_bound_column:matches_identifier: enter
execute:execute_statement:execute_statement:execute_query:execute_plain_select_rows:visit_query_source_rows:visit_streamed_inner_join_rows:visit_table_factor_rows:visit_nested_loop_join_rows:evaluate_where_clause:evaluate_query_expression:evaluate:resolve_operator_type:infer_expression_type:resolve_column:resolve_bound_column:matches_identifier: exit
execute:execute_statement:execute_statement:execute_query:execute_plain_select_rows:visit_query_source_rows:visit_streamed_inner_join_rows:visit_table_factor_rows:visit_nested_loop_join_rows:evaluate_where_clause:evaluate_query_expression:evaluate:resolve_operator_type:infer_expression_type:resolve_column:resolve_bound_column: exit
execute:execute_statement:execute_statement:execute_query:execute_plain_select_rows:visit_query_source_rows:visit_streamed_inner_join_rows:visit_table_factor_rows:visit_nested_loop_join_rows:evaluate_where_clause:evaluate_query_expression:evaluate:resolve_operator_type:infer_expression_type:resolve_column: exit
execute:execute_statement:execute_statement:execute_query:execute_plain_select_rows:visit_query_source_rows:visit_streamed_inner_join_rows:visit_table_factor_rows:visit_nested_loop_join_rows:evaluate_where_clause:evaluate_query_expression:evaluate:resolve_operator_type:infer_expression_type: exit
execute:execute_statement:execute_statement:execute_query:execute_plain_select_rows:visit_query_source_rows:visit_streamed_inner_join_rows:visit_table_factor_rows:visit_nested_loop_join_rows:evaluate_where_clause:evaluate_query_expression:evaluate:resolve_operator_type:infer_expression_type: enter
execute:execute_statement:execute_statement:execute_query:execute_plain_select_rows:visit_query_source_rows:visit_streamed_inner_join_rows:visit_table_factor_rows:visit_nested_loop_join_rows:evaluate_where_clause:evaluate_query_expression:evaluate:resolve_operator_type:infer_expression_type:extract_ast_value: enter
execute:execute_statement:execute_statement:execute_query:execute_plain_select_rows:visit_query_source_rows:visit_streamed_inner_join_rows:visit_table_factor_rows:visit_nested_loop_join_rows:evaluate_where_clause:evaluate_query_expression:evaluate:resolve_operator_type:infer_expression_type:extract_ast_value: exit
execute:execute_statement:execute_statement:execute_query:execute_plain_select_rows:visit_query_source_rows:visit_streamed_inner_join_rows:visit_table_factor_rows:visit_nested_loop_join_rows:evaluate_where_clause:evaluate_query_expression:evaluate:resolve_operator_type:infer_expression_type: exit
execute:execute_statement:execute_statement:execute_query:execute_plain_select_rows:visit_query_source_rows:visit_streamed_inner_join_rows:visit_table_factor_rows:visit_nested_loop_join_rows:evaluate_where_clause:evaluate_query_expression:evaluate:resolve_operator_type:resolve_expression_pair_type: enter
execute:execute_statement:execute_statement:execute_query:execute_plain_select_rows:visit_query_source_rows:visit_streamed_inner_join_rows:visit_table_factor_rows:visit_nested_loop_join_rows:evaluate_where_clause:evaluate_query_expression:evaluate:resolve_operator_type:resolve_expression_pair_type:is_null_literal: enter
execute:execute_statement:execute_statement:execute_query:execute_plain_select_rows:visit_query_source_rows:visit_streamed_inner_join_rows:visit_table_factor_rows:visit_nested_loop_join_rows:evaluate_where_clause:evaluate_query_expression:evaluate:resolve_operator_type:resolve_expression_pair_type:is_null_literal: exit
execute:execute_statement:execute_statement:execute_query:execute_plain_select_rows:visit_query_source_rows:visit_streamed_inner_join_rows:visit_table_factor_rows:visit_nested_loop_join_rows:evaluate_where_clause:evaluate_query_expression:evaluate:resolve_operator_type:resolve_expression_pair_type:extract_unknown_string_literal: enter
execute:execute_statement:execute_statement:execute_query:execute_plain_select_rows:visit_query_source_rows:visit_streamed_inner_join_rows:visit_table_factor_rows:visit_nested_loop_join_rows:evaluate_where_clause:evaluate_query_expression:evaluate:resolve_operator_type:resolve_expression_pair_type:extract_unknown_string_literal: exit
execute:execute_statement:execute_statement:execute_query:execute_plain_select_rows:visit_query_source_rows:visit_streamed_inner_join_rows:visit_table_factor_rows:visit_nested_loop_join_rows:evaluate_where_clause:evaluate_query_expression:evaluate:resolve_operator_type:resolve_expression_pair_type:is_null_literal: enter
execute:execute_statement:execute_statement:execute_query:execute_plain_select_rows:visit_query_source_rows:visit_streamed_inner_join_rows:visit_table_factor_rows:visit_nested_loop_join_rows:evaluate_where_clause:evaluate_query_expression:evaluate:resolve_operator_type:resolve_expression_pair_type:is_null_literal: exit
execute:execute_statement:execute_statement:execute_query:execute_plain_select_rows:visit_query_source_rows:visit_streamed_inner_join_rows:visit_table_factor_rows:visit_nested_loop_join_rows:evaluate_where_clause:evaluate_query_expression:evaluate:resolve_operator_type:resolve_expression_pair_type:extract_unknown_string_literal: enter
execute:execute_statement:execute_statement:execute_query:execute_plain_select_rows:visit_query_source_rows:visit_streamed_inner_join_rows:visit_table_factor_rows:visit_nested_loop_join_rows:evaluate_where_clause:evaluate_query_expression:evaluate:resolve_operator_type:resolve_expression_pair_type:extract_unknown_string_literal: exit
execute:execute_statement:execute_statement:execute_query:execute_plain_select_rows:visit_query_source_rows:visit_streamed_inner_join_rows:visit_table_factor_rows:visit_nested_loop_join_rows:evaluate_where_clause:evaluate_query_expression:evaluate:resolve_operator_type:resolve_expression_pair_type:is_null_literal: enter
execute:execute_statement:execute_statement:execute_query:execute_plain_select_rows:visit_query_source_rows:visit_streamed_inner_join_rows:visit_table_factor_rows:visit_nested_loop_join_rows:evaluate_where_clause:evaluate_query_expression:evaluate:resolve_operator_type:resolve_expression_pair_type:is_null_literal: exit
execute:execute_statement:execute_statement:execute_query:execute_plain_select_rows:visit_query_source_rows:visit_streamed_inner_join_rows:visit_table_factor_rows:visit_nested_loop_join_rows:evaluate_where_clause:evaluate_query_expression:evaluate:resolve_operator_type:resolve_expression_pair_type:extract_unknown_string_literal: enter
execute:execute_statement:execute_statement:execute_query:execute_plain_select_rows:visit_query_source_rows:visit_streamed_inner_join_rows:visit_table_factor_rows:visit_nested_loop_join_rows:evaluate_where_clause:evaluate_query_expression:evaluate:resolve_operator_type:resolve_expression_pair_type:extract_unknown_string_literal: exit
execute:execute_statement:execute_statement:execute_query:execute_plain_select_rows:visit_query_source_rows:visit_streamed_inner_join_rows:visit_table_factor_rows:visit_nested_loop_join_rows:evaluate_where_clause:evaluate_query_expression:evaluate:resolve_operator_type:resolve_expression_pair_type:infer_expression_type: enter
execute:execute_statement:execute_statement:execute_query:execute_plain_select_rows:visit_query_source_rows:visit_streamed_inner_join_rows:visit_table_factor_rows:visit_nested_loop_join_rows:evaluate_where_clause:evaluate_query_expression:evaluate:resolve_operator_type:resolve_expression_pair_type:infer_expression_type:extract_ast_value: enter
execute:execute_statement:execute_statement:execute_query:execute_plain_select_rows:visit_query_source_rows:visit_streamed_inner_join_rows:visit_table_factor_rows:visit_nested_loop_join_rows:evaluate_where_clause:evaluate_query_expression:evaluate:resolve_operator_type:resolve_expression_pair_type:infer_expression_type:extract_ast_value: exit
execute:execute_statement:execute_statement:execute_query:execute_plain_select_rows:visit_query_source_rows:visit_streamed_inner_join_rows:visit_table_factor_rows:visit_nested_loop_join_rows:evaluate_where_clause:evaluate_query_expression:evaluate:resolve_operator_type:resolve_expression_pair_type:infer_expression_type:resolve_column: enter
execute:execute_statement:execute_statement:execute_query:execute_plain_select_rows:visit_query_source_rows:visit_streamed_inner_join_rows:visit_table_factor_rows:visit_nested_loop_join_rows:evaluate_where_clause:evaluate_query_expression:evaluate:resolve_operator_type:resolve_expression_pair_type:infer_expression_type:resolve_column:resolve_bound_column: enter
execute:execute_statement:execute_statement:execute_query:execute_plain_select_rows:visit_query_source_rows:visit_streamed_inner_join_rows:visit_table_factor_rows:visit_nested_loop_join_rows:evaluate_where_clause:evaluate_query_expression:evaluate:resolve_operator_type:resolve_expression_pair_type:infer_expression_type:resolve_column:resolve_bound_column:matches_identifier: enter
execute:execute_statement:execute_statement:execute_query:execute_plain_select_rows:visit_query_source_rows:visit_streamed_inner_join_rows:visit_table_factor_rows:visit_nested_loop_join_rows:evaluate_where_clause:evaluate_query_expression:evaluate:resolve_operator_type:resolve_expression_pair_type:infer_expression_type:resolve_column:resolve_bound_column:matches_identifier: exit
execute:execute_statement:execute_statement:execute_query:execute_plain_select_rows:visit_query_source_rows:visit_streamed_inner_join_rows:visit_table_factor_rows:visit_nested_loop_join_rows:evaluate_where_clause:evaluate_query_expression:evaluate:resolve_operator_type:resolve_expression_pair_type:infer_expression_type:resolve_column:resolve_bound_column:matches_identifier: enter
execute:execute_statement:execute_statement:execute_query:execute_plain_select_rows:visit_query_source_rows:visit_streamed_inner_join_rows:visit_table_factor_rows:visit_nested_loop_join_rows:evaluate_where_clause:evaluate_query_expression:evaluate:resolve_operator_type:resolve_expression_pair_type:infer_expression_type:resolve_column:resolve_bound_column:matches_identifier: exit
execute:execute_statement:execute_statement:execute_query:execute_plain_select_rows:visit_query_source_rows:visit_streamed_inner_join_rows:visit_table_factor_rows:visit_nested_loop_join_rows:evaluate_where_clause:evaluate_query_expression:evaluate:resolve_operator_type:resolve_expression_pair_type:infer_expression_type:resolve_column:resolve_bound_column:matches_identifier: enter
execute:execute_statement:execute_statement:execute_query:execute_plain_select_rows:visit_query_source_rows:visit_streamed_inner_join_rows:visit_table_factor_rows:visit_nested_loop_join_rows:evaluate_where_clause:evaluate_query_expression:evaluate:resolve_operator_type:resolve_expression_pair_type:infer_expression_type:resolve_column:resolve_bound_column:matches_identifier: exit
execute:execute_statement:execute_statement:execute_query:execute_plain_select_rows:visit_query_source_rows:visit_streamed_inner_join_rows:visit_table_factor_rows:visit_nested_loop_join_rows:evaluate_where_clause:evaluate_query_expression:evaluate:resolve_operator_type:resolve_expression_pair_type:infer_expression_type:resolve_column:resolve_bound_column:matches_identifier: enter
execute:execute_statement:execute_statement:execute_query:execute_plain_select_rows:visit_query_source_rows:visit_streamed_inner_join_rows:visit_table_factor_rows:visit_nested_loop_join_rows:evaluate_where_clause:evaluate_query_expression:evaluate:resolve_operator_type:resolve_expression_pair_type:infer_expression_type:resolve_column:resolve_bound_column:matches_identifier: exit
execute:execute_statement:execute_statement:execute_query:execute_plain_select_rows:visit_query_source_rows:visit_streamed_inner_join_rows:visit_table_factor_rows:visit_nested_loop_join_rows:evaluate_where_clause:evaluate_query_expression:evaluate:resolve_operator_type:resolve_expression_pair_type:infer_expression_type:resolve_column:resolve_bound_column:matches_identifier: enter
execute:execute_statement:execute_statement:execute_query:execute_plain_select_rows:visit_query_source_rows:visit_streamed_inner_join_rows:visit_table_factor_rows:visit_nested_loop_join_rows:evaluate_where_clause:evaluate_query_expression:evaluate:resolve_operator_type:resolve_expression_pair_type:infer_expression_type:resolve_column:resolve_bound_column:matches_identifier: exit
execute:execute_statement:execute_statement:execute_query:execute_plain_select_rows:visit_query_source_rows:visit_streamed_inner_join_rows:visit_table_factor_rows:visit_nested_loop_join_rows:evaluate_where_clause:evaluate_query_expression:evaluate:resolve_operator_type:resolve_expression_pair_type:infer_expression_type:resolve_column:resolve_bound_column: exit
execute:execute_statement:execute_statement:execute_query:execute_plain_select_rows:visit_query_source_rows:visit_streamed_inner_join_rows:visit_table_factor_rows:visit_nested_loop_join_rows:evaluate_where_clause:evaluate_query_expression:evaluate:resolve_operator_type:resolve_expression_pair_type:infer_expression_type:resolve_column: exit
execute:execute_statement:execute_statement:execute_query:execute_plain_select_rows:visit_query_source_rows:visit_streamed_inner_join_rows:visit_table_factor_rows:visit_nested_loop_join_rows:evaluate_where_clause:evaluate_query_expression:evaluate:resolve_operator_type:resolve_expression_pair_type:infer_expression_type: exit
execute:execute_statement:execute_statement:execute_query:execute_plain_select_rows:visit_query_source_rows:visit_streamed_inner_join_rows:visit_table_factor_rows:visit_nested_loop_join_rows:evaluate_where_clause:evaluate_query_expression:evaluate:resolve_operator_type:resolve_expression_pair_type:infer_expression_type: enter
execute:execute_statement:execute_statement:execute_query:execute_plain_select_rows:visit_query_source_rows:visit_streamed_inner_join_rows:visit_table_factor_rows:visit_nested_loop_join_rows:evaluate_where_clause:evaluate_query_expression:evaluate:resolve_operator_type:resolve_expression_pair_type:infer_expression_type:extract_ast_value: enter
execute:execute_statement:execute_statement:execute_query:execute_plain_select_rows:visit_query_source_rows:visit_streamed_inner_join_rows:visit_table_factor_rows:visit_nested_loop_join_rows:evaluate_where_clause:evaluate_query_expression:evaluate:resolve_operator_type:resolve_expression_pair_type:infer_expression_type:extract_ast_value: exit
execute:execute_statement:execute_statement:execute_query:execute_plain_select_rows:visit_query_source_rows:visit_streamed_inner_join_rows:visit_table_factor_rows:visit_nested_loop_join_rows:evaluate_where_clause:evaluate_query_expression:evaluate:resolve_operator_type:resolve_expression_pair_type:infer_expression_type: exit
execute:execute_statement:execute_statement:execute_query:execute_plain_select_rows:visit_query_source_rows:visit_streamed_inner_join_rows:visit_table_factor_rows:visit_nested_loop_join_rows:evaluate_where_clause:evaluate_query_expression:evaluate:resolve_operator_type:resolve_expression_pair_type:resolve_common_type: enter
execute:execute_statement:execute_statement:execute_query:execute_plain_select_rows:visit_query_source_rows:visit_streamed_inner_join_rows:visit_table_factor_rows:visit_nested_loop_join_rows:evaluate_where_clause:evaluate_query_expression:evaluate:resolve_operator_type:resolve_expression_pair_type:resolve_common_type: exit
execute:execute_statement:execute_statement:execute_query:execute_plain_select_rows:visit_query_source_rows:visit_streamed_inner_join_rows:visit_table_factor_rows:visit_nested_loop_join_rows:evaluate_where_clause:evaluate_query_expression:evaluate:resolve_operator_type:resolve_expression_pair_type: exit
execute:execute_statement:execute_statement:execute_query:execute_plain_select_rows:visit_query_source_rows:visit_streamed_inner_join_rows:visit_table_factor_rows:visit_nested_loop_join_rows:evaluate_where_clause:evaluate_query_expression:evaluate:resolve_operator_type: exit
execute:execute_statement:execute_statement:execute_query:execute_plain_select_rows:visit_query_source_rows:visit_streamed_inner_join_rows:visit_table_factor_rows:visit_nested_loop_join_rows:evaluate_where_clause:evaluate_query_expression:evaluate:evaluate_and_coerce: enter
execute:execute_statement:execute_statement:execute_query:execute_plain_select_rows:visit_query_source_rows:visit_streamed_inner_join_rows:visit_table_factor_rows:visit_nested_loop_join_rows:evaluate_where_clause:evaluate_query_expression:evaluate:evaluate_and_coerce:extract_unknown_string_literal: enter
execute:execute_statement:execute_statement:execute_query:execute_plain_select_rows:visit_query_source_rows:visit_streamed_inner_join_rows:visit_table_factor_rows:visit_nested_loop_join_rows:evaluate_where_clause:evaluate_query_expression:evaluate:evaluate_and_coerce:extract_unknown_string_literal: exit
execute:execute_statement:execute_statement:execute_query:execute_plain_select_rows:visit_query_source_rows:visit_streamed_inner_join_rows:visit_table_factor_rows:visit_nested_loop_join_rows:evaluate_where_clause:evaluate_query_expression:evaluate:evaluate_and_coerce:infer_expression_type: enter
execute:execute_statement:execute_statement:execute_query:execute_plain_select_rows:visit_query_source_rows:visit_streamed_inner_join_rows:visit_table_factor_rows:visit_nested_loop_join_rows:evaluate_where_clause:evaluate_query_expression:evaluate:evaluate_and_coerce:infer_expression_type:extract_ast_value: enter
execute:execute_statement:execute_statement:execute_query:execute_plain_select_rows:visit_query_source_rows:visit_streamed_inner_join_rows:visit_table_factor_rows:visit_nested_loop_join_rows:evaluate_where_clause:evaluate_query_expression:evaluate:evaluate_and_coerce:infer_expression_type:extract_ast_value: exit
execute:execute_statement:execute_statement:execute_query:execute_plain_select_rows:visit_query_source_rows:visit_streamed_inner_join_rows:visit_table_factor_rows:visit_nested_loop_join_rows:evaluate_where_clause:evaluate_query_expression:evaluate:evaluate_and_coerce:infer_expression_type:resolve_column: enter
execute:execute_statement:execute_statement:execute_query:execute_plain_select_rows:visit_query_source_rows:visit_streamed_inner_join_rows:visit_table_factor_rows:visit_nested_loop_join_rows:evaluate_where_clause:evaluate_query_expression:evaluate:evaluate_and_coerce:infer_expression_type:resolve_column:resolve_bound_column: enter
execute:execute_statement:execute_statement:execute_query:execute_plain_select_rows:visit_query_source_rows:visit_streamed_inner_join_rows:visit_table_factor_rows:visit_nested_loop_join_rows:evaluate_where_clause:evaluate_query_expression:evaluate:evaluate_and_coerce:infer_expression_type:resolve_column:resolve_bound_column:matches_identifier: enter
execute:execute_statement:execute_statement:execute_query:execute_plain_select_rows:visit_query_source_rows:visit_streamed_inner_join_rows:visit_table_factor_rows:visit_nested_loop_join_rows:evaluate_where_clause:evaluate_query_expression:evaluate:evaluate_and_coerce:infer_expression_type:resolve_column:resolve_bound_column:matches_identifier: exit
execute:execute_statement:execute_statement:execute_query:execute_plain_select_rows:visit_query_source_rows:visit_streamed_inner_join_rows:visit_table_factor_rows:visit_nested_loop_join_rows:evaluate_where_clause:evaluate_query_expression:evaluate:evaluate_and_coerce:infer_expression_type:resolve_column:resolve_bound_column:matches_identifier: enter
execute:execute_statement:execute_statement:execute_query:execute_plain_select_rows:visit_query_source_rows:visit_streamed_inner_join_rows:visit_table_factor_rows:visit_nested_loop_join_rows:evaluate_where_clause:evaluate_query_expression:evaluate:evaluate_and_coerce:infer_expression_type:resolve_column:resolve_bound_column:matches_identifier: exit
execute:execute_statement:execute_statement:execute_query:execute_plain_select_rows:visit_query_source_rows:visit_streamed_inner_join_rows:visit_table_factor_rows:visit_nested_loop_join_rows:evaluate_where_clause:evaluate_query_expression:evaluate:evaluate_and_coerce:infer_expression_type:resolve_column:resolve_bound_column:matches_identifier: enter
execute:execute_statement:execute_statement:execute_query:execute_plain_select_rows:visit_query_source_rows:visit_streamed_inner_join_rows:visit_table_factor_rows:visit_nested_loop_join_rows:evaluate_where_clause:evaluate_query_expression:evaluate:evaluate_and_coerce:infer_expression_type:resolve_column:resolve_bound_column:matches_identifier: exit
execute:execute_statement:execute_statement:execute_query:execute_plain_select_rows:visit_query_source_rows:visit_streamed_inner_join_rows:visit_table_factor_rows:visit_nested_loop_join_rows:evaluate_where_clause:evaluate_query_expression:evaluate:evaluate_and_coerce:infer_expression_type:resolve_column:resolve_bound_column:matches_identifier: enter
execute:execute_statement:execute_statement:execute_query:execute_plain_select_rows:visit_query_source_rows:visit_streamed_inner_join_rows:visit_table_factor_rows:visit_nested_loop_join_rows:evaluate_where_clause:evaluate_query_expression:evaluate:evaluate_and_coerce:infer_expression_type:resolve_column:resolve_bound_column:matches_identifier: exit
execute:execute_statement:execute_statement:execute_query:execute_plain_select_rows:visit_query_source_rows:visit_streamed_inner_join_rows:visit_table_factor_rows:visit_nested_loop_join_rows:evaluate_where_clause:evaluate_query_expression:evaluate:evaluate_and_coerce:infer_expression_type:resolve_column:resolve_bound_column:matches_identifier: enter
execute:execute_statement:execute_statement:execute_query:execute_plain_select_rows:visit_query_source_rows:visit_streamed_inner_join_rows:visit_table_factor_rows:visit_nested_loop_join_rows:evaluate_where_clause:evaluate_query_expression:evaluate:evaluate_and_coerce:infer_expression_type:resolve_column:resolve_bound_column:matches_identifier: exit
execute:execute_statement:execute_statement:execute_query:execute_plain_select_rows:visit_query_source_rows:visit_streamed_inner_join_rows:visit_table_factor_rows:visit_nested_loop_join_rows:evaluate_where_clause:evaluate_query_expression:evaluate:evaluate_and_coerce:infer_expression_type:resolve_column:resolve_bound_column: exit
execute:execute_statement:execute_statement:execute_query:execute_plain_select_rows:visit_query_source_rows:visit_streamed_inner_join_rows:visit_table_factor_rows:visit_nested_loop_join_rows:evaluate_where_clause:evaluate_query_expression:evaluate:evaluate_and_coerce:infer_expression_type:resolve_column: exit
execute:execute_statement:execute_statement:execute_query:execute_plain_select_rows:visit_query_source_rows:visit_streamed_inner_join_rows:visit_table_factor_rows:visit_nested_loop_join_rows:evaluate_where_clause:evaluate_query_expression:evaluate:evaluate_and_coerce:infer_expression_type: exit
execute:execute_statement:execute_statement:execute_query:execute_plain_select_rows:visit_query_source_rows:visit_streamed_inner_join_rows:visit_table_factor_rows:visit_nested_loop_join_rows:evaluate_where_clause:evaluate_query_expression:evaluate:evaluate_and_coerce:evaluate: enter
execute:execute_statement:execute_statement:execute_query:execute_plain_select_rows:visit_query_source_rows:visit_streamed_inner_join_rows:visit_table_factor_rows:visit_nested_loop_join_rows:evaluate_where_clause:evaluate_query_expression:evaluate:evaluate_and_coerce:evaluate:resolve_column_value: enter
execute:execute_statement:execute_statement:execute_query:execute_plain_select_rows:visit_query_source_rows:visit_streamed_inner_join_rows:visit_table_factor_rows:visit_nested_loop_join_rows:evaluate_where_clause:evaluate_query_expression:evaluate:evaluate_and_coerce:evaluate:resolve_column_value:resolve_bound_column: enter
execute:execute_statement:execute_statement:execute_query:execute_plain_select_rows:visit_query_source_rows:visit_streamed_inner_join_rows:visit_table_factor_rows:visit_nested_loop_join_rows:evaluate_where_clause:evaluate_query_expression:evaluate:evaluate_and_coerce:evaluate:resolve_column_value:resolve_bound_column:matches_identifier: enter
execute:execute_statement:execute_statement:execute_query:execute_plain_select_rows:visit_query_source_rows:visit_streamed_inner_join_rows:visit_table_factor_rows:visit_nested_loop_join_rows:evaluate_where_clause:evaluate_query_expression:evaluate:evaluate_and_coerce:evaluate:resolve_column_value:resolve_bound_column:matches_identifier: exit
execute:execute_statement:execute_statement:execute_query:execute_plain_select_rows:visit_query_source_rows:visit_streamed_inner_join_rows:visit_table_factor_rows:visit_nested_loop_join_rows:evaluate_where_clause:evaluate_query_expression:evaluate:evaluate_and_coerce:evaluate:resolve_column_value:resolve_bound_column:matches_identifier: enter
execute:execute_statement:execute_statement:execute_query:execute_plain_select_rows:visit_query_source_rows:visit_streamed_inner_join_rows:visit_table_factor_rows:visit_nested_loop_join_rows:evaluate_where_clause:evaluate_query_expression:evaluate:evaluate_and_coerce:evaluate:resolve_column_value:resolve_bound_column:matches_identifier: exit
execute:execute_statement:execute_statement:execute_query:execute_plain_select_rows:visit_query_source_rows:visit_streamed_inner_join_rows:visit_table_factor_rows:visit_nested_loop_join_rows:evaluate_where_clause:evaluate_query_expression:evaluate:evaluate_and_coerce:evaluate:resolve_column_value:resolve_bound_column:matches_identifier: enter
execute:execute_statement:execute_statement:execute_query:execute_plain_select_rows:visit_query_source_rows:visit_streamed_inner_join_rows:visit_table_factor_rows:visit_nested_loop_join_rows:evaluate_where_clause:evaluate_query_expression:evaluate:evaluate_and_coerce:evaluate:resolve_column_value:resolve_bound_column:matches_identifier: exit
execute:execute_statement:execute_statement:execute_query:execute_plain_select_rows:visit_query_source_rows:visit_streamed_inner_join_rows:visit_table_factor_rows:visit_nested_loop_join_rows:evaluate_where_clause:evaluate_query_expression:evaluate:evaluate_and_coerce:evaluate:resolve_column_value:resolve_bound_column:matches_identifier: enter
execute:execute_statement:execute_statement:execute_query:execute_plain_select_rows:visit_query_source_rows:visit_streamed_inner_join_rows:visit_table_factor_rows:visit_nested_loop_join_rows:evaluate_where_clause:evaluate_query_expression:evaluate:evaluate_and_coerce:evaluate:resolve_column_value:resolve_bound_column:matches_identifier: exit
execute:execute_statement:execute_statement:execute_query:execute_plain_select_rows:visit_query_source_rows:visit_streamed_inner_join_rows:visit_table_factor_rows:visit_nested_loop_join_rows:evaluate_where_clause:evaluate_query_expression:evaluate:evaluate_and_coerce:evaluate:resolve_column_value:resolve_bound_column:matches_identifier: enter
execute:execute_statement:execute_statement:execute_query:execute_plain_select_rows:visit_query_source_rows:visit_streamed_inner_join_rows:visit_table_factor_rows:visit_nested_loop_join_rows:evaluate_where_clause:evaluate_query_expression:evaluate:evaluate_and_coerce:evaluate:resolve_column_value:resolve_bound_column:matches_identifier: exit
execute:execute_statement:execute_statement:execute_query:execute_plain_select_rows:visit_query_source_rows:visit_streamed_inner_join_rows:visit_table_factor_rows:visit_nested_loop_join_rows:evaluate_where_clause:evaluate_query_expression:evaluate:evaluate_and_coerce:evaluate:resolve_column_value:resolve_bound_column: exit
execute:execute_statement:execute_statement:execute_query:execute_plain_select_rows:visit_query_source_rows:visit_streamed_inner_join_rows:visit_table_factor_rows:visit_nested_loop_join_rows:evaluate_where_clause:evaluate_query_expression:evaluate:evaluate_and_coerce:evaluate:resolve_column_value: exit
execute:execute_statement:execute_statement:execute_query:execute_plain_select_rows:visit_query_source_rows:visit_streamed_inner_join_rows:visit_table_factor_rows:visit_nested_loop_join_rows:evaluate_where_clause:evaluate_query_expression:evaluate:evaluate_and_coerce:evaluate: exit
execute:execute_statement:execute_statement:execute_query:execute_plain_select_rows:visit_query_source_rows:visit_streamed_inner_join_rows:visit_table_factor_rows:visit_nested_loop_join_rows:evaluate_where_clause:evaluate_query_expression:evaluate:evaluate_and_coerce:create: enter
execute:execute_statement:execute_statement:execute_query:execute_plain_select_rows:visit_query_source_rows:visit_streamed_inner_join_rows:visit_table_factor_rows:visit_nested_loop_join_rows:evaluate_where_clause:evaluate_query_expression:evaluate:evaluate_and_coerce:create: exit
execute:execute_statement:execute_statement:execute_query:execute_plain_select_rows:visit_query_source_rows:visit_streamed_inner_join_rows:visit_table_factor_rows:visit_nested_loop_join_rows:evaluate_where_clause:evaluate_query_expression:evaluate:evaluate_and_coerce:coerce: enter
execute:execute_statement:execute_statement:execute_query:execute_plain_select_rows:visit_query_source_rows:visit_streamed_inner_join_rows:visit_table_factor_rows:visit_nested_loop_join_rows:evaluate_where_clause:evaluate_query_expression:evaluate:evaluate_and_coerce:coerce:is_null: enter
execute:execute_statement:execute_statement:execute_query:execute_plain_select_rows:visit_query_source_rows:visit_streamed_inner_join_rows:visit_table_factor_rows:visit_nested_loop_join_rows:evaluate_where_clause:evaluate_query_expression:evaluate:evaluate_and_coerce:coerce:is_null: exit
execute:execute_statement:execute_statement:execute_query:execute_plain_select_rows:visit_query_source_rows:visit_streamed_inner_join_rows:visit_table_factor_rows:visit_nested_loop_join_rows:evaluate_where_clause:evaluate_query_expression:evaluate:evaluate_and_coerce:coerce:can_cast: enter
execute:execute_statement:execute_statement:execute_query:execute_plain_select_rows:visit_query_source_rows:visit_streamed_inner_join_rows:visit_table_factor_rows:visit_nested_loop_join_rows:evaluate_where_clause:evaluate_query_expression:evaluate:evaluate_and_coerce:coerce:can_cast:resolve_required_cast_context: enter
execute:execute_statement:execute_statement:execute_query:execute_plain_select_rows:visit_query_source_rows:visit_streamed_inner_join_rows:visit_table_factor_rows:visit_nested_loop_join_rows:evaluate_where_clause:evaluate_query_expression:evaluate:evaluate_and_coerce:coerce:can_cast:resolve_required_cast_context: exit
execute:execute_statement:execute_statement:execute_query:execute_plain_select_rows:visit_query_source_rows:visit_streamed_inner_join_rows:visit_table_factor_rows:visit_nested_loop_join_rows:evaluate_where_clause:evaluate_query_expression:evaluate:evaluate_and_coerce:coerce:can_cast: exit
execute:execute_statement:execute_statement:execute_query:execute_plain_select_rows:visit_query_source_rows:visit_streamed_inner_join_rows:visit_table_factor_rows:visit_nested_loop_join_rows:evaluate_where_clause:evaluate_query_expression:evaluate:evaluate_and_coerce:coerce:apply_typmod: enter
execute:execute_statement:execute_statement:execute_query:execute_plain_select_rows:visit_query_source_rows:visit_streamed_inner_join_rows:visit_table_factor_rows:visit_nested_loop_join_rows:evaluate_where_clause:evaluate_query_expression:evaluate:evaluate_and_coerce:coerce:apply_typmod: exit
execute:execute_statement:execute_statement:execute_query:execute_plain_select_rows:visit_query_source_rows:visit_streamed_inner_join_rows:visit_table_factor_rows:visit_nested_loop_join_rows:evaluate_where_clause:evaluate_query_expression:evaluate:evaluate_and_coerce:coerce: exit
execute:execute_statement:execute_statement:execute_query:execute_plain_select_rows:visit_query_source_rows:visit_streamed_inner_join_rows:visit_table_factor_rows:visit_nested_loop_join_rows:evaluate_where_clause:evaluate_query_expression:evaluate:evaluate_and_coerce: exit
execute:execute_statement:execute_statement:execute_query:execute_plain_select_rows:visit_query_source_rows:visit_streamed_inner_join_rows:visit_table_factor_rows:visit_nested_loop_join_rows:evaluate_where_clause:evaluate_query_expression:evaluate:evaluate_and_coerce: enter
execute:execute_statement:execute_statement:execute_query:execute_plain_select_rows:visit_query_source_rows:visit_streamed_inner_join_rows:visit_table_factor_rows:visit_nested_loop_join_rows:evaluate_where_clause:evaluate_query_expression:evaluate:evaluate_and_coerce:extract_unknown_string_literal: enter
execute:execute_statement:execute_statement:execute_query:execute_plain_select_rows:visit_query_source_rows:visit_streamed_inner_join_rows:visit_table_factor_rows:visit_nested_loop_join_rows:evaluate_where_clause:evaluate_query_expression:evaluate:evaluate_and_coerce:extract_unknown_string_literal: exit
execute:execute_statement:execute_statement:execute_query:execute_plain_select_rows:visit_query_source_rows:visit_streamed_inner_join_rows:visit_table_factor_rows:visit_nested_loop_join_rows:evaluate_where_clause:evaluate_query_expression:evaluate:evaluate_and_coerce:infer_expression_type: enter
execute:execute_statement:execute_statement:execute_query:execute_plain_select_rows:visit_query_source_rows:visit_streamed_inner_join_rows:visit_table_factor_rows:visit_nested_loop_join_rows:evaluate_where_clause:evaluate_query_expression:evaluate:evaluate_and_coerce:infer_expression_type:extract_ast_value: enter
execute:execute_statement:execute_statement:execute_query:execute_plain_select_rows:visit_query_source_rows:visit_streamed_inner_join_rows:visit_table_factor_rows:visit_nested_loop_join_rows:evaluate_where_clause:evaluate_query_expression:evaluate:evaluate_and_coerce:infer_expression_type:extract_ast_value: exit
execute:execute_statement:execute_statement:execute_query:execute_plain_select_rows:visit_query_source_rows:visit_streamed_inner_join_rows:visit_table_factor_rows:visit_nested_loop_join_rows:evaluate_where_clause:evaluate_query_expression:evaluate:evaluate_and_coerce:infer_expression_type: exit
execute:execute_statement:execute_statement:execute_query:execute_plain_select_rows:visit_query_source_rows:visit_streamed_inner_join_rows:visit_table_factor_rows:visit_nested_loop_join_rows:evaluate_where_clause:evaluate_query_expression:evaluate:evaluate_and_coerce:evaluate: enter
execute:execute_statement:execute_statement:execute_query:execute_plain_select_rows:visit_query_source_rows:visit_streamed_inner_join_rows:visit_table_factor_rows:visit_nested_loop_join_rows:evaluate_where_clause:evaluate_query_expression:evaluate:evaluate_and_coerce:evaluate:evaluate_literal: enter
execute:execute_statement:execute_statement:execute_query:execute_plain_select_rows:visit_query_source_rows:visit_streamed_inner_join_rows:visit_table_factor_rows:visit_nested_loop_join_rows:evaluate_where_clause:evaluate_query_expression:evaluate:evaluate_and_coerce:evaluate:evaluate_literal:extract_ast_value: enter
execute:execute_statement:execute_statement:execute_query:execute_plain_select_rows:visit_query_source_rows:visit_streamed_inner_join_rows:visit_table_factor_rows:visit_nested_loop_join_rows:evaluate_where_clause:evaluate_query_expression:evaluate:evaluate_and_coerce:evaluate:evaluate_literal:extract_ast_value: exit
execute:execute_statement:execute_statement:execute_query:execute_plain_select_rows:visit_query_source_rows:visit_streamed_inner_join_rows:visit_table_factor_rows:visit_nested_loop_join_rows:evaluate_where_clause:evaluate_query_expression:evaluate:evaluate_and_coerce:evaluate:evaluate_literal: exit
execute:execute_statement:execute_statement:execute_query:execute_plain_select_rows:visit_query_source_rows:visit_streamed_inner_join_rows:visit_table_factor_rows:visit_nested_loop_join_rows:evaluate_where_clause:evaluate_query_expression:evaluate:evaluate_and_coerce:evaluate: exit
execute:execute_statement:execute_statement:execute_query:execute_plain_select_rows:visit_query_source_rows:visit_streamed_inner_join_rows:visit_table_factor_rows:visit_nested_loop_join_rows:evaluate_where_clause:evaluate_query_expression:evaluate:evaluate_and_coerce:create: enter
execute:execute_statement:execute_statement:execute_query:execute_plain_select_rows:visit_query_source_rows:visit_streamed_inner_join_rows:visit_table_factor_rows:visit_nested_loop_join_rows:evaluate_where_clause:evaluate_query_expression:evaluate:evaluate_and_coerce:create: exit
execute:execute_statement:execute_statement:execute_query:execute_plain_select_rows:visit_query_source_rows:visit_streamed_inner_join_rows:visit_table_factor_rows:visit_nested_loop_join_rows:evaluate_where_clause:evaluate_query_expression:evaluate:evaluate_and_coerce:coerce: enter
execute:execute_statement:execute_statement:execute_query:execute_plain_select_rows:visit_query_source_rows:visit_streamed_inner_join_rows:visit_table_factor_rows:visit_nested_loop_join_rows:evaluate_where_clause:evaluate_query_expression:evaluate:evaluate_and_coerce:coerce:is_null: enter
execute:execute_statement:execute_statement:execute_query:execute_plain_select_rows:visit_query_source_rows:visit_streamed_inner_join_rows:visit_table_factor_rows:visit_nested_loop_join_rows:evaluate_where_clause:evaluate_query_expression:evaluate:evaluate_and_coerce:coerce:is_null: exit
execute:execute_statement:execute_statement:execute_query:execute_plain_select_rows:visit_query_source_rows:visit_streamed_inner_join_rows:visit_table_factor_rows:visit_nested_loop_join_rows:evaluate_where_clause:evaluate_query_expression:evaluate:evaluate_and_coerce:coerce:can_cast: enter
execute:execute_statement:execute_statement:execute_query:execute_plain_select_rows:visit_query_source_rows:visit_streamed_inner_join_rows:visit_table_factor_rows:visit_nested_loop_join_rows:evaluate_where_clause:evaluate_query_expression:evaluate:evaluate_and_coerce:coerce:can_cast:resolve_required_cast_context: enter
execute:execute_statement:execute_statement:execute_query:execute_plain_select_rows:visit_query_source_rows:visit_streamed_inner_join_rows:visit_table_factor_rows:visit_nested_loop_join_rows:evaluate_where_clause:evaluate_query_expression:evaluate:evaluate_and_coerce:coerce:can_cast:resolve_required_cast_context: exit
execute:execute_statement:execute_statement:execute_query:execute_plain_select_rows:visit_query_source_rows:visit_streamed_inner_join_rows:visit_table_factor_rows:visit_nested_loop_join_rows:evaluate_where_clause:evaluate_query_expression:evaluate:evaluate_and_coerce:coerce:can_cast: exit
execute:execute_statement:execute_statement:execute_query:execute_plain_select_rows:visit_query_source_rows:visit_streamed_inner_join_rows:visit_table_factor_rows:visit_nested_loop_join_rows:evaluate_where_clause:evaluate_query_expression:evaluate:evaluate_and_coerce:coerce:apply_typmod: enter
execute:execute_statement:execute_statement:execute_query:execute_plain_select_rows:visit_query_source_rows:visit_streamed_inner_join_rows:visit_table_factor_rows:visit_nested_loop_join_rows:evaluate_where_clause:evaluate_query_expression:evaluate:evaluate_and_coerce:coerce:apply_typmod: exit
execute:execute_statement:execute_statement:execute_query:execute_plain_select_rows:visit_query_source_rows:visit_streamed_inner_join_rows:visit_table_factor_rows:visit_nested_loop_join_rows:evaluate_where_clause:evaluate_query_expression:evaluate:evaluate_and_coerce:coerce: exit
execute:execute_statement:execute_statement:execute_query:execute_plain_select_rows:visit_query_source_rows:visit_streamed_inner_join_rows:visit_table_factor_rows:visit_nested_loop_join_rows:evaluate_where_clause:evaluate_query_expression:evaluate:evaluate_and_coerce: exit
execute:execute_statement:execute_statement:execute_query:execute_plain_select_rows:visit_query_source_rows:visit_streamed_inner_join_rows:visit_table_factor_rows:visit_nested_loop_join_rows:evaluate_where_clause:evaluate_query_expression:evaluate:is_null: enter
execute:execute_statement:execute_statement:execute_query:execute_plain_select_rows:visit_query_source_rows:visit_streamed_inner_join_rows:visit_table_factor_rows:visit_nested_loop_join_rows:evaluate_where_clause:evaluate_query_expression:evaluate:is_null: exit
execute:execute_statement:execute_statement:execute_query:execute_plain_select_rows:visit_query_source_rows:visit_streamed_inner_join_rows:visit_table_factor_rows:visit_nested_loop_join_rows:evaluate_where_clause:evaluate_query_expression:evaluate:is_null: enter
execute:execute_statement:execute_statement:execute_query:execute_plain_select_rows:visit_query_source_rows:visit_streamed_inner_join_rows:visit_table_factor_rows:visit_nested_loop_join_rows:evaluate_where_clause:evaluate_query_expression:evaluate:is_null: exit
execute:execute_statement:execute_statement:execute_query:execute_plain_select_rows:visit_query_source_rows:visit_streamed_inner_join_rows:visit_table_factor_rows:visit_nested_loop_join_rows:evaluate_where_clause:evaluate_query_expression:evaluate:evaluate_comparison: enter
execute:execute_statement:execute_statement:execute_query:execute_plain_select_rows:visit_query_source_rows:visit_streamed_inner_join_rows:visit_table_factor_rows:visit_nested_loop_join_rows:evaluate_where_clause:evaluate_query_expression:evaluate:evaluate_comparison:compare_values: enter
execute:execute_statement:execute_statement:execute_query:execute_plain_select_rows:visit_query_source_rows:visit_streamed_inner_join_rows:visit_table_factor_rows:visit_nested_loop_join_rows:evaluate_where_clause:evaluate_query_expression:evaluate:evaluate_comparison:compare_values: exit
execute:execute_statement:execute_statement:execute_query:execute_plain_select_rows:visit_query_source_rows:visit_streamed_inner_join_rows:visit_table_factor_rows:visit_nested_loop_join_rows:evaluate_where_clause:evaluate_query_expression:evaluate:evaluate_comparison: exit
execute:execute_statement:execute_statement:execute_query:execute_plain_select_rows:visit_query_source_rows:visit_streamed_inner_join_rows:visit_table_factor_rows:visit_nested_loop_join_rows:evaluate_where_clause:evaluate_query_expression:evaluate: exit
execute:execute_statement:execute_statement:execute_query:execute_plain_select_rows:visit_query_source_rows:visit_streamed_inner_join_rows:visit_table_factor_rows:visit_nested_loop_join_rows:evaluate_where_clause:evaluate_query_expression: exit
execute:execute_statement:execute_statement:execute_query:execute_plain_select_rows:visit_query_source_rows:visit_streamed_inner_join_rows:visit_table_factor_rows:visit_nested_loop_join_rows:evaluate_where_clause: exit
execute:execute_statement:execute_statement:execute_query:execute_plain_select_rows:visit_query_source_rows:visit_streamed_inner_join_rows:visit_table_factor_rows:visit_nested_loop_join_rows:evaluate_projection_values: enter
execute:execute_statement:execute_statement:execute_query:execute_plain_select_rows:visit_query_source_rows:visit_streamed_inner_join_rows:visit_table_factor_rows:visit_nested_loop_join_rows:evaluate_projection_values:evaluate_projection_value: enter
execute:execute_statement:execute_statement:execute_query:execute_plain_select_rows:visit_query_source_rows:visit_streamed_inner_join_rows:visit_table_factor_rows:visit_nested_loop_join_rows:evaluate_projection_values:evaluate_projection_value:evaluate_select_expression: enter
execute:execute_statement:execute_statement:execute_query:execute_plain_select_rows:visit_query_source_rows:visit_streamed_inner_join_rows:visit_table_factor_rows:visit_nested_loop_join_rows:evaluate_projection_values:evaluate_projection_value:evaluate_select_expression:evaluate_query_expression: enter
execute:execute_statement:execute_statement:execute_query:execute_plain_select_rows:visit_query_source_rows:visit_streamed_inner_join_rows:visit_table_factor_rows:visit_nested_loop_join_rows:evaluate_projection_values:evaluate_projection_value:evaluate_select_expression:evaluate_query_expression:contains_subquery: enter
execute:execute_statement:execute_statement:execute_query:execute_plain_select_rows:visit_query_source_rows:visit_streamed_inner_join_rows:visit_table_factor_rows:visit_nested_loop_join_rows:evaluate_projection_values:evaluate_projection_value:evaluate_select_expression:evaluate_query_expression:contains_subquery: exit
execute:execute_statement:execute_statement:execute_query:execute_plain_select_rows:visit_query_source_rows:visit_streamed_inner_join_rows:visit_table_factor_rows:visit_nested_loop_join_rows:evaluate_projection_values:evaluate_projection_value:evaluate_select_expression:evaluate_query_expression:evaluate: enter
execute:execute_statement:execute_statement:execute_query:execute_plain_select_rows:visit_query_source_rows:visit_streamed_inner_join_rows:visit_table_factor_rows:visit_nested_loop_join_rows:evaluate_projection_values:evaluate_projection_value:evaluate_select_expression:evaluate_query_expression:evaluate:resolve_column_value: enter
execute:execute_statement:execute_statement:execute_query:execute_plain_select_rows:visit_query_source_rows:visit_streamed_inner_join_rows:visit_table_factor_rows:visit_nested_loop_join_rows:evaluate_projection_values:evaluate_projection_value:evaluate_select_expression:evaluate_query_expression:evaluate:resolve_column_value:resolve_bound_column: enter
execute:execute_statement:execute_statement:execute_query:execute_plain_select_rows:visit_query_source_rows:visit_streamed_inner_join_rows:visit_table_factor_rows:visit_nested_loop_join_rows:evaluate_projection_values:evaluate_projection_value:evaluate_select_expression:evaluate_query_expression:evaluate:resolve_column_value:resolve_bound_column:matches_identifier: enter
execute:execute_statement:execute_statement:execute_query:execute_plain_select_rows:visit_query_source_rows:visit_streamed_inner_join_rows:visit_table_factor_rows:visit_nested_loop_join_rows:evaluate_projection_values:evaluate_projection_value:evaluate_select_expression:evaluate_query_expression:evaluate:resolve_column_value:resolve_bound_column:matches_identifier: exit
execute:execute_statement:execute_statement:execute_query:execute_plain_select_rows:visit_query_source_rows:visit_streamed_inner_join_rows:visit_table_factor_rows:visit_nested_loop_join_rows:evaluate_projection_values:evaluate_projection_value:evaluate_select_expression:evaluate_query_expression:evaluate:resolve_column_value:resolve_bound_column:matches_identifier: enter
execute:execute_statement:execute_statement:execute_query:execute_plain_select_rows:visit_query_source_rows:visit_streamed_inner_join_rows:visit_table_factor_rows:visit_nested_loop_join_rows:evaluate_projection_values:evaluate_projection_value:evaluate_select_expression:evaluate_query_expression:evaluate:resolve_column_value:resolve_bound_column:matches_identifier: exit
execute:execute_statement:execute_statement:execute_query:execute_plain_select_rows:visit_query_source_rows:visit_streamed_inner_join_rows:visit_table_factor_rows:visit_nested_loop_join_rows:evaluate_projection_values:evaluate_projection_value:evaluate_select_expression:evaluate_query_expression:evaluate:resolve_column_value:resolve_bound_column:matches_identifier: enter
execute:execute_statement:execute_statement:execute_query:execute_plain_select_rows:visit_query_source_rows:visit_streamed_inner_join_rows:visit_table_factor_rows:visit_nested_loop_join_rows:evaluate_projection_values:evaluate_projection_value:evaluate_select_expression:evaluate_query_expression:evaluate:resolve_column_value:resolve_bound_column:matches_identifier: exit
execute:execute_statement:execute_statement:execute_query:execute_plain_select_rows:visit_query_source_rows:visit_streamed_inner_join_rows:visit_table_factor_rows:visit_nested_loop_join_rows:evaluate_projection_values:evaluate_projection_value:evaluate_select_expression:evaluate_query_expression:evaluate:resolve_column_value:resolve_bound_column:matches_identifier: enter
execute:execute_statement:execute_statement:execute_query:execute_plain_select_rows:visit_query_source_rows:visit_streamed_inner_join_rows:visit_table_factor_rows:visit_nested_loop_join_rows:evaluate_projection_values:evaluate_projection_value:evaluate_select_expression:evaluate_query_expression:evaluate:resolve_column_value:resolve_bound_column:matches_identifier: exit
execute:execute_statement:execute_statement:execute_query:execute_plain_select_rows:visit_query_source_rows:visit_streamed_inner_join_rows:visit_table_factor_rows:visit_nested_loop_join_rows:evaluate_projection_values:evaluate_projection_value:evaluate_select_expression:evaluate_query_expression:evaluate:resolve_column_value:resolve_bound_column:matches_identifier: enter
execute:execute_statement:execute_statement:execute_query:execute_plain_select_rows:visit_query_source_rows:visit_streamed_inner_join_rows:visit_table_factor_rows:visit_nested_loop_join_rows:evaluate_projection_values:evaluate_projection_value:evaluate_select_expression:evaluate_query_expression:evaluate:resolve_column_value:resolve_bound_column:matches_identifier: exit
execute:execute_statement:execute_statement:execute_query:execute_plain_select_rows:visit_query_source_rows:visit_streamed_inner_join_rows:visit_table_factor_rows:visit_nested_loop_join_rows:evaluate_projection_values:evaluate_projection_value:evaluate_select_expression:evaluate_query_expression:evaluate:resolve_column_value:resolve_bound_column: exit
execute:execute_statement:execute_statement:execute_query:execute_plain_select_rows:visit_query_source_rows:visit_streamed_inner_join_rows:visit_table_factor_rows:visit_nested_loop_join_rows:evaluate_projection_values:evaluate_projection_value:evaluate_select_expression:evaluate_query_expression:evaluate:resolve_column_value: exit
execute:execute_statement:execute_statement:execute_query:execute_plain_select_rows:visit_query_source_rows:visit_streamed_inner_join_rows:visit_table_factor_rows:visit_nested_loop_join_rows:evaluate_projection_values:evaluate_projection_value:evaluate_select_expression:evaluate_query_expression:evaluate: exit
execute:execute_statement:execute_statement:execute_query:execute_plain_select_rows:visit_query_source_rows:visit_streamed_inner_join_rows:visit_table_factor_rows:visit_nested_loop_join_rows:evaluate_projection_values:evaluate_projection_value:evaluate_select_expression:evaluate_query_expression: exit
execute:execute_statement:execute_statement:execute_query:execute_plain_select_rows:visit_query_source_rows:visit_streamed_inner_join_rows:visit_table_factor_rows:visit_nested_loop_join_rows:evaluate_projection_values:evaluate_projection_value:evaluate_select_expression: exit
execute:execute_statement:execute_statement:execute_query:execute_plain_select_rows:visit_query_source_rows:visit_streamed_inner_join_rows:visit_table_factor_rows:visit_nested_loop_join_rows:evaluate_projection_values:evaluate_projection_value: exit
execute:execute_statement:execute_statement:execute_query:execute_plain_select_rows:visit_query_source_rows:visit_streamed_inner_join_rows:visit_table_factor_rows:visit_nested_loop_join_rows:evaluate_projection_values:evaluate_projection_value: enter
execute:execute_statement:execute_statement:execute_query:execute_plain_select_rows:visit_query_source_rows:visit_streamed_inner_join_rows:visit_table_factor_rows:visit_nested_loop_join_rows:evaluate_projection_values:evaluate_projection_value:evaluate_select_expression: enter
execute:execute_statement:execute_statement:execute_query:execute_plain_select_rows:visit_query_source_rows:visit_streamed_inner_join_rows:visit_table_factor_rows:visit_nested_loop_join_rows:evaluate_projection_values:evaluate_projection_value:evaluate_select_expression:evaluate_query_expression: enter
execute:execute_statement:execute_statement:execute_query:execute_plain_select_rows:visit_query_source_rows:visit_streamed_inner_join_rows:visit_table_factor_rows:visit_nested_loop_join_rows:evaluate_projection_values:evaluate_projection_value:evaluate_select_expression:evaluate_query_expression:contains_subquery: enter
execute:execute_statement:execute_statement:execute_query:execute_plain_select_rows:visit_query_source_rows:visit_streamed_inner_join_rows:visit_table_factor_rows:visit_nested_loop_join_rows:evaluate_projection_values:evaluate_projection_value:evaluate_select_expression:evaluate_query_expression:contains_subquery: exit
execute:execute_statement:execute_statement:execute_query:execute_plain_select_rows:visit_query_source_rows:visit_streamed_inner_join_rows:visit_table_factor_rows:visit_nested_loop_join_rows:evaluate_projection_values:evaluate_projection_value:evaluate_select_expression:evaluate_query_expression:evaluate: enter
execute:execute_statement:execute_statement:execute_query:execute_plain_select_rows:visit_query_source_rows:visit_streamed_inner_join_rows:visit_table_factor_rows:visit_nested_loop_join_rows:evaluate_projection_values:evaluate_projection_value:evaluate_select_expression:evaluate_query_expression:evaluate:resolve_column_value: enter
execute:execute_statement:execute_statement:execute_query:execute_plain_select_rows:visit_query_source_rows:visit_streamed_inner_join_rows:visit_table_factor_rows:visit_nested_loop_join_rows:evaluate_projection_values:evaluate_projection_value:evaluate_select_expression:evaluate_query_expression:evaluate:resolve_column_value:resolve_bound_column: enter
execute:execute_statement:execute_statement:execute_query:execute_plain_select_rows:visit_query_source_rows:visit_streamed_inner_join_rows:visit_table_factor_rows:visit_nested_loop_join_rows:evaluate_projection_values:evaluate_projection_value:evaluate_select_expression:evaluate_query_expression:evaluate:resolve_column_value:resolve_bound_column:matches_identifier: enter
execute:execute_statement:execute_statement:execute_query:execute_plain_select_rows:visit_query_source_rows:visit_streamed_inner_join_rows:visit_table_factor_rows:visit_nested_loop_join_rows:evaluate_projection_values:evaluate_projection_value:evaluate_select_expression:evaluate_query_expression:evaluate:resolve_column_value:resolve_bound_column:matches_identifier: exit
execute:execute_statement:execute_statement:execute_query:execute_plain_select_rows:visit_query_source_rows:visit_streamed_inner_join_rows:visit_table_factor_rows:visit_nested_loop_join_rows:evaluate_projection_values:evaluate_projection_value:evaluate_select_expression:evaluate_query_expression:evaluate:resolve_column_value:resolve_bound_column:matches_identifier: enter
execute:execute_statement:execute_statement:execute_query:execute_plain_select_rows:visit_query_source_rows:visit_streamed_inner_join_rows:visit_table_factor_rows:visit_nested_loop_join_rows:evaluate_projection_values:evaluate_projection_value:evaluate_select_expression:evaluate_query_expression:evaluate:resolve_column_value:resolve_bound_column:matches_identifier: exit
execute:execute_statement:execute_statement:execute_query:execute_plain_select_rows:visit_query_source_rows:visit_streamed_inner_join_rows:visit_table_factor_rows:visit_nested_loop_join_rows:evaluate_projection_values:evaluate_projection_value:evaluate_select_expression:evaluate_query_expression:evaluate:resolve_column_value:resolve_bound_column:matches_identifier: enter
execute:execute_statement:execute_statement:execute_query:execute_plain_select_rows:visit_query_source_rows:visit_streamed_inner_join_rows:visit_table_factor_rows:visit_nested_loop_join_rows:evaluate_projection_values:evaluate_projection_value:evaluate_select_expression:evaluate_query_expression:evaluate:resolve_column_value:resolve_bound_column:matches_identifier: exit
execute:execute_statement:execute_statement:execute_query:execute_plain_select_rows:visit_query_source_rows:visit_streamed_inner_join_rows:visit_table_factor_rows:visit_nested_loop_join_rows:evaluate_projection_values:evaluate_projection_value:evaluate_select_expression:evaluate_query_expression:evaluate:resolve_column_value:resolve_bound_column:matches_identifier: enter
execute:execute_statement:execute_statement:execute_query:execute_plain_select_rows:visit_query_source_rows:visit_streamed_inner_join_rows:visit_table_factor_rows:visit_nested_loop_join_rows:evaluate_projection_values:evaluate_projection_value:evaluate_select_expression:evaluate_query_expression:evaluate:resolve_column_value:resolve_bound_column:matches_identifier: exit
execute:execute_statement:execute_statement:execute_query:execute_plain_select_rows:visit_query_source_rows:visit_streamed_inner_join_rows:visit_table_factor_rows:visit_nested_loop_join_rows:evaluate_projection_values:evaluate_projection_value:evaluate_select_expression:evaluate_query_expression:evaluate:resolve_column_value:resolve_bound_column:matches_identifier: enter
execute:execute_statement:execute_statement:execute_query:execute_plain_select_rows:visit_query_source_rows:visit_streamed_inner_join_rows:visit_table_factor_rows:visit_nested_loop_join_rows:evaluate_projection_values:evaluate_projection_value:evaluate_select_expression:evaluate_query_expression:evaluate:resolve_column_value:resolve_bound_column:matches_identifier: exit
execute:execute_statement:execute_statement:execute_query:execute_plain_select_rows:visit_query_source_rows:visit_streamed_inner_join_rows:visit_table_factor_rows:visit_nested_loop_join_rows:evaluate_projection_values:evaluate_projection_value:evaluate_select_expression:evaluate_query_expression:evaluate:resolve_column_value:resolve_bound_column: exit
execute:execute_statement:execute_statement:execute_query:execute_plain_select_rows:visit_query_source_rows:visit_streamed_inner_join_rows:visit_table_factor_rows:visit_nested_loop_join_rows:evaluate_projection_values:evaluate_projection_value:evaluate_select_expression:evaluate_query_expression:evaluate:resolve_column_value: exit
execute:execute_statement:execute_statement:execute_query:execute_plain_select_rows:visit_query_source_rows:visit_streamed_inner_join_rows:visit_table_factor_rows:visit_nested_loop_join_rows:evaluate_projection_values:evaluate_projection_value:evaluate_select_expression:evaluate_query_expression:evaluate: exit
execute:execute_statement:execute_statement:execute_query:execute_plain_select_rows:visit_query_source_rows:visit_streamed_inner_join_rows:visit_table_factor_rows:visit_nested_loop_join_rows:evaluate_projection_values:evaluate_projection_value:evaluate_select_expression:evaluate_query_expression: exit
execute:execute_statement:execute_statement:execute_query:execute_plain_select_rows:visit_query_source_rows:visit_streamed_inner_join_rows:visit_table_factor_rows:visit_nested_loop_join_rows:evaluate_projection_values:evaluate_projection_value:evaluate_select_expression: exit
execute:execute_statement:execute_statement:execute_query:execute_plain_select_rows:visit_query_source_rows:visit_streamed_inner_join_rows:visit_table_factor_rows:visit_nested_loop_join_rows:evaluate_projection_values:evaluate_projection_value: exit
execute:execute_statement:execute_statement:execute_query:execute_plain_select_rows:visit_query_source_rows:visit_streamed_inner_join_rows:visit_table_factor_rows:visit_nested_loop_join_rows:evaluate_projection_values: exit
execute:execute_statement:execute_statement:execute_query:execute_plain_select_rows:visit_query_source_rows:visit_streamed_inner_join_rows:visit_table_factor_rows:visit_nested_loop_join_rows:evaluate_order_keys: enter
execute:execute_statement:execute_statement:execute_query:execute_plain_select_rows:visit_query_source_rows:visit_streamed_inner_join_rows:visit_table_factor_rows:visit_nested_loop_join_rows:evaluate_order_keys: exit
execute:execute_statement:execute_statement:execute_query:execute_plain_select_rows:visit_query_source_rows:visit_streamed_inner_join_rows:visit_table_factor_rows:visit_nested_loop_join_rows:evaluate_distinct_keys: enter
execute:execute_statement:execute_statement:execute_query:execute_plain_select_rows:visit_query_source_rows:visit_streamed_inner_join_rows:visit_table_factor_rows:visit_nested_loop_join_rows:evaluate_distinct_keys: exit
execute:execute_statement:execute_statement:execute_query:execute_plain_select_rows:visit_query_source_rows:visit_streamed_inner_join_rows:visit_table_factor_rows:visit_nested_loop_join_rows: exit
execute:execute_statement:execute_statement:execute_query:execute_plain_select_rows:visit_query_source_rows:visit_streamed_inner_join_rows:visit_table_factor_rows:find_visible_version: enter
execute:execute_statement:execute_statement:execute_query:execute_plain_select_rows:visit_query_source_rows:visit_streamed_inner_join_rows:visit_table_factor_rows:find_visible_version:is_visible: enter
execute:execute_statement:execute_statement:execute_query:execute_plain_select_rows:visit_query_source_rows:visit_streamed_inner_join_rows:visit_table_factor_rows:find_visible_version:is_visible:get_status: enter
execute:execute_statement:execute_statement:execute_query:execute_plain_select_rows:visit_query_source_rows:visit_streamed_inner_join_rows:visit_table_factor_rows:find_visible_version:is_visible:get_status: exit
execute:execute_statement:execute_statement:execute_query:execute_plain_select_rows:visit_query_source_rows:visit_streamed_inner_join_rows:visit_table_factor_rows:find_visible_version:is_visible: exit
execute:execute_statement:execute_statement:execute_query:execute_plain_select_rows:visit_query_source_rows:visit_streamed_inner_join_rows:visit_table_factor_rows:find_visible_version: exit
execute:execute_statement:execute_statement:execute_query:execute_plain_select_rows:visit_query_source_rows:visit_streamed_inner_join_rows:visit_table_factor_rows:evaluate: enter
execute:execute_statement:execute_statement:execute_query:execute_plain_select_rows:visit_query_source_rows:visit_streamed_inner_join_rows:visit_table_factor_rows:evaluate:infer_expression_type: enter
execute:execute_statement:execute_statement:execute_query:execute_plain_select_rows:visit_query_source_rows:visit_streamed_inner_join_rows:visit_table_factor_rows:evaluate:infer_expression_type:extract_ast_value: enter
execute:execute_statement:execute_statement:execute_query:execute_plain_select_rows:visit_query_source_rows:visit_streamed_inner_join_rows:visit_table_factor_rows:evaluate:infer_expression_type:extract_ast_value: exit
execute:execute_statement:execute_statement:execute_query:execute_plain_select_rows:visit_query_source_rows:visit_streamed_inner_join_rows:visit_table_factor_rows:evaluate:infer_expression_type:resolve_column: enter
execute:execute_statement:execute_statement:execute_query:execute_plain_select_rows:visit_query_source_rows:visit_streamed_inner_join_rows:visit_table_factor_rows:evaluate:infer_expression_type:resolve_column:resolve_bound_column: enter
execute:execute_statement:execute_statement:execute_query:execute_plain_select_rows:visit_query_source_rows:visit_streamed_inner_join_rows:visit_table_factor_rows:evaluate:infer_expression_type:resolve_column:resolve_bound_column:matches_identifier: enter
execute:execute_statement:execute_statement:execute_query:execute_plain_select_rows:visit_query_source_rows:visit_streamed_inner_join_rows:visit_table_factor_rows:evaluate:infer_expression_type:resolve_column:resolve_bound_column:matches_identifier: exit
execute:execute_statement:execute_statement:execute_query:execute_plain_select_rows:visit_query_source_rows:visit_streamed_inner_join_rows:visit_table_factor_rows:evaluate:infer_expression_type:resolve_column:resolve_bound_column:matches_identifier: enter
execute:execute_statement:execute_statement:execute_query:execute_plain_select_rows:visit_query_source_rows:visit_streamed_inner_join_rows:visit_table_factor_rows:evaluate:infer_expression_type:resolve_column:resolve_bound_column:matches_identifier: exit
execute:execute_statement:execute_statement:execute_query:execute_plain_select_rows:visit_query_source_rows:visit_streamed_inner_join_rows:visit_table_factor_rows:evaluate:infer_expression_type:resolve_column:resolve_bound_column:matches_identifier: enter
execute:execute_statement:execute_statement:execute_query:execute_plain_select_rows:visit_query_source_rows:visit_streamed_inner_join_rows:visit_table_factor_rows:evaluate:infer_expression_type:resolve_column:resolve_bound_column:matches_identifier: exit
execute:execute_statement:execute_statement:execute_query:execute_plain_select_rows:visit_query_source_rows:visit_streamed_inner_join_rows:visit_table_factor_rows:evaluate:infer_expression_type:resolve_column:resolve_bound_column:matches_identifier: enter
execute:execute_statement:execute_statement:execute_query:execute_plain_select_rows:visit_query_source_rows:visit_streamed_inner_join_rows:visit_table_factor_rows:evaluate:infer_expression_type:resolve_column:resolve_bound_column:matches_identifier: exit
execute:execute_statement:execute_statement:execute_query:execute_plain_select_rows:visit_query_source_rows:visit_streamed_inner_join_rows:visit_table_factor_rows:evaluate:infer_expression_type:resolve_column:resolve_bound_column:matches_identifier: enter
execute:execute_statement:execute_statement:execute_query:execute_plain_select_rows:visit_query_source_rows:visit_streamed_inner_join_rows:visit_table_factor_rows:evaluate:infer_expression_type:resolve_column:resolve_bound_column:matches_identifier: exit
execute:execute_statement:execute_statement:execute_query:execute_plain_select_rows:visit_query_source_rows:visit_streamed_inner_join_rows:visit_table_factor_rows:evaluate:infer_expression_type:resolve_column:resolve_bound_column: exit
execute:execute_statement:execute_statement:execute_query:execute_plain_select_rows:visit_query_source_rows:visit_streamed_inner_join_rows:visit_table_factor_rows:evaluate:infer_expression_type:resolve_column: exit
execute:execute_statement:execute_statement:execute_query:execute_plain_select_rows:visit_query_source_rows:visit_streamed_inner_join_rows:visit_table_factor_rows:evaluate:infer_expression_type: exit
execute:execute_statement:execute_statement:execute_query:execute_plain_select_rows:visit_query_source_rows:visit_streamed_inner_join_rows:visit_table_factor_rows:evaluate:infer_expression_type: enter
execute:execute_statement:execute_statement:execute_query:execute_plain_select_rows:visit_query_source_rows:visit_streamed_inner_join_rows:visit_table_factor_rows:evaluate:infer_expression_type:extract_ast_value: enter
execute:execute_statement:execute_statement:execute_query:execute_plain_select_rows:visit_query_source_rows:visit_streamed_inner_join_rows:visit_table_factor_rows:evaluate:infer_expression_type:extract_ast_value: exit
execute:execute_statement:execute_statement:execute_query:execute_plain_select_rows:visit_query_source_rows:visit_streamed_inner_join_rows:visit_table_factor_rows:evaluate:infer_expression_type: exit
execute:execute_statement:execute_statement:execute_query:execute_plain_select_rows:visit_query_source_rows:visit_streamed_inner_join_rows:visit_table_factor_rows:evaluate:resolve_operator_type: enter
execute:execute_statement:execute_statement:execute_query:execute_plain_select_rows:visit_query_source_rows:visit_streamed_inner_join_rows:visit_table_factor_rows:evaluate:resolve_operator_type:is_parameter_placeholder: enter
execute:execute_statement:execute_statement:execute_query:execute_plain_select_rows:visit_query_source_rows:visit_streamed_inner_join_rows:visit_table_factor_rows:evaluate:resolve_operator_type:is_parameter_placeholder:extract_ast_value: enter
execute:execute_statement:execute_statement:execute_query:execute_plain_select_rows:visit_query_source_rows:visit_streamed_inner_join_rows:visit_table_factor_rows:evaluate:resolve_operator_type:is_parameter_placeholder:extract_ast_value: exit
execute:execute_statement:execute_statement:execute_query:execute_plain_select_rows:visit_query_source_rows:visit_streamed_inner_join_rows:visit_table_factor_rows:evaluate:resolve_operator_type:is_parameter_placeholder: exit
execute:execute_statement:execute_statement:execute_query:execute_plain_select_rows:visit_query_source_rows:visit_streamed_inner_join_rows:visit_table_factor_rows:evaluate:resolve_operator_type:is_parameter_placeholder: enter
execute:execute_statement:execute_statement:execute_query:execute_plain_select_rows:visit_query_source_rows:visit_streamed_inner_join_rows:visit_table_factor_rows:evaluate:resolve_operator_type:is_parameter_placeholder:extract_ast_value: enter
execute:execute_statement:execute_statement:execute_query:execute_plain_select_rows:visit_query_source_rows:visit_streamed_inner_join_rows:visit_table_factor_rows:evaluate:resolve_operator_type:is_parameter_placeholder:extract_ast_value: exit
execute:execute_statement:execute_statement:execute_query:execute_plain_select_rows:visit_query_source_rows:visit_streamed_inner_join_rows:visit_table_factor_rows:evaluate:resolve_operator_type:is_parameter_placeholder: exit
execute:execute_statement:execute_statement:execute_query:execute_plain_select_rows:visit_query_source_rows:visit_streamed_inner_join_rows:visit_table_factor_rows:evaluate:resolve_operator_type:infer_expression_type: enter
execute:execute_statement:execute_statement:execute_query:execute_plain_select_rows:visit_query_source_rows:visit_streamed_inner_join_rows:visit_table_factor_rows:evaluate:resolve_operator_type:infer_expression_type:extract_ast_value: enter
execute:execute_statement:execute_statement:execute_query:execute_plain_select_rows:visit_query_source_rows:visit_streamed_inner_join_rows:visit_table_factor_rows:evaluate:resolve_operator_type:infer_expression_type:extract_ast_value: exit
execute:execute_statement:execute_statement:execute_query:execute_plain_select_rows:visit_query_source_rows:visit_streamed_inner_join_rows:visit_table_factor_rows:evaluate:resolve_operator_type:infer_expression_type:resolve_column: enter
execute:execute_statement:execute_statement:execute_query:execute_plain_select_rows:visit_query_source_rows:visit_streamed_inner_join_rows:visit_table_factor_rows:evaluate:resolve_operator_type:infer_expression_type:resolve_column:resolve_bound_column: enter
execute:execute_statement:execute_statement:execute_query:execute_plain_select_rows:visit_query_source_rows:visit_streamed_inner_join_rows:visit_table_factor_rows:evaluate:resolve_operator_type:infer_expression_type:resolve_column:resolve_bound_column:matches_identifier: enter
execute:execute_statement:execute_statement:execute_query:execute_plain_select_rows:visit_query_source_rows:visit_streamed_inner_join_rows:visit_table_factor_rows:evaluate:resolve_operator_type:infer_expression_type:resolve_column:resolve_bound_column:matches_identifier: exit
execute:execute_statement:execute_statement:execute_query:execute_plain_select_rows:visit_query_source_rows:visit_streamed_inner_join_rows:visit_table_factor_rows:evaluate:resolve_operator_type:infer_expression_type:resolve_column:resolve_bound_column:matches_identifier: enter
execute:execute_statement:execute_statement:execute_query:execute_plain_select_rows:visit_query_source_rows:visit_streamed_inner_join_rows:visit_table_factor_rows:evaluate:resolve_operator_type:infer_expression_type:resolve_column:resolve_bound_column:matches_identifier: exit
execute:execute_statement:execute_statement:execute_query:execute_plain_select_rows:visit_query_source_rows:visit_streamed_inner_join_rows:visit_table_factor_rows:evaluate:resolve_operator_type:infer_expression_type:resolve_column:resolve_bound_column:matches_identifier: enter
execute:execute_statement:execute_statement:execute_query:execute_plain_select_rows:visit_query_source_rows:visit_streamed_inner_join_rows:visit_table_factor_rows:evaluate:resolve_operator_type:infer_expression_type:resolve_column:resolve_bound_column:matches_identifier: exit
execute:execute_statement:execute_statement:execute_query:execute_plain_select_rows:visit_query_source_rows:visit_streamed_inner_join_rows:visit_table_factor_rows:evaluate:resolve_operator_type:infer_expression_type:resolve_column:resolve_bound_column:matches_identifier: enter
execute:execute_statement:execute_statement:execute_query:execute_plain_select_rows:visit_query_source_rows:visit_streamed_inner_join_rows:visit_table_factor_rows:evaluate:resolve_operator_type:infer_expression_type:resolve_column:resolve_bound_column:matches_identifier: exit
execute:execute_statement:execute_statement:execute_query:execute_plain_select_rows:visit_query_source_rows:visit_streamed_inner_join_rows:visit_table_factor_rows:evaluate:resolve_operator_type:infer_expression_type:resolve_column:resolve_bound_column:matches_identifier: enter
execute:execute_statement:execute_statement:execute_query:execute_plain_select_rows:visit_query_source_rows:visit_streamed_inner_join_rows:visit_table_factor_rows:evaluate:resolve_operator_type:infer_expression_type:resolve_column:resolve_bound_column:matches_identifier: exit
execute:execute_statement:execute_statement:execute_query:execute_plain_select_rows:visit_query_source_rows:visit_streamed_inner_join_rows:visit_table_factor_rows:evaluate:resolve_operator_type:infer_expression_type:resolve_column:resolve_bound_column: exit
execute:execute_statement:execute_statement:execute_query:execute_plain_select_rows:visit_query_source_rows:visit_streamed_inner_join_rows:visit_table_factor_rows:evaluate:resolve_operator_type:infer_expression_type:resolve_column: exit
execute:execute_statement:execute_statement:execute_query:execute_plain_select_rows:visit_query_source_rows:visit_streamed_inner_join_rows:visit_table_factor_rows:evaluate:resolve_operator_type:infer_expression_type: exit
execute:execute_statement:execute_statement:execute_query:execute_plain_select_rows:visit_query_source_rows:visit_streamed_inner_join_rows:visit_table_factor_rows:evaluate:resolve_operator_type:infer_expression_type: enter
execute:execute_statement:execute_statement:execute_query:execute_plain_select_rows:visit_query_source_rows:visit_streamed_inner_join_rows:visit_table_factor_rows:evaluate:resolve_operator_type:infer_expression_type:extract_ast_value: enter
execute:execute_statement:execute_statement:execute_query:execute_plain_select_rows:visit_query_source_rows:visit_streamed_inner_join_rows:visit_table_factor_rows:evaluate:resolve_operator_type:infer_expression_type:extract_ast_value: exit
execute:execute_statement:execute_statement:execute_query:execute_plain_select_rows:visit_query_source_rows:visit_streamed_inner_join_rows:visit_table_factor_rows:evaluate:resolve_operator_type:infer_expression_type: exit
execute:execute_statement:execute_statement:execute_query:execute_plain_select_rows:visit_query_source_rows:visit_streamed_inner_join_rows:visit_table_factor_rows:evaluate:resolve_operator_type:resolve_expression_pair_type: enter
execute:execute_statement:execute_statement:execute_query:execute_plain_select_rows:visit_query_source_rows:visit_streamed_inner_join_rows:visit_table_factor_rows:evaluate:resolve_operator_type:resolve_expression_pair_type:is_null_literal: enter
execute:execute_statement:execute_statement:execute_query:execute_plain_select_rows:visit_query_source_rows:visit_streamed_inner_join_rows:visit_table_factor_rows:evaluate:resolve_operator_type:resolve_expression_pair_type:is_null_literal: exit
execute:execute_statement:execute_statement:execute_query:execute_plain_select_rows:visit_query_source_rows:visit_streamed_inner_join_rows:visit_table_factor_rows:evaluate:resolve_operator_type:resolve_expression_pair_type:extract_unknown_string_literal: enter
execute:execute_statement:execute_statement:execute_query:execute_plain_select_rows:visit_query_source_rows:visit_streamed_inner_join_rows:visit_table_factor_rows:evaluate:resolve_operator_type:resolve_expression_pair_type:extract_unknown_string_literal: exit
execute:execute_statement:execute_statement:execute_query:execute_plain_select_rows:visit_query_source_rows:visit_streamed_inner_join_rows:visit_table_factor_rows:evaluate:resolve_operator_type:resolve_expression_pair_type:is_null_literal: enter
execute:execute_statement:execute_statement:execute_query:execute_plain_select_rows:visit_query_source_rows:visit_streamed_inner_join_rows:visit_table_factor_rows:evaluate:resolve_operator_type:resolve_expression_pair_type:is_null_literal: exit
execute:execute_statement:execute_statement:execute_query:execute_plain_select_rows:visit_query_source_rows:visit_streamed_inner_join_rows:visit_table_factor_rows:evaluate:resolve_operator_type:resolve_expression_pair_type:extract_unknown_string_literal: enter
execute:execute_statement:execute_statement:execute_query:execute_plain_select_rows:visit_query_source_rows:visit_streamed_inner_join_rows:visit_table_factor_rows:evaluate:resolve_operator_type:resolve_expression_pair_type:extract_unknown_string_literal: exit
execute:execute_statement:execute_statement:execute_query:execute_plain_select_rows:visit_query_source_rows:visit_streamed_inner_join_rows:visit_table_factor_rows:evaluate:resolve_operator_type:resolve_expression_pair_type:is_null_literal: enter
execute:execute_statement:execute_statement:execute_query:execute_plain_select_rows:visit_query_source_rows:visit_streamed_inner_join_rows:visit_table_factor_rows:evaluate:resolve_operator_type:resolve_expression_pair_type:is_null_literal: exit
execute:execute_statement:execute_statement:execute_query:execute_plain_select_rows:visit_query_source_rows:visit_streamed_inner_join_rows:visit_table_factor_rows:evaluate:resolve_operator_type:resolve_expression_pair_type:extract_unknown_string_literal: enter
execute:execute_statement:execute_statement:execute_query:execute_plain_select_rows:visit_query_source_rows:visit_streamed_inner_join_rows:visit_table_factor_rows:evaluate:resolve_operator_type:resolve_expression_pair_type:extract_unknown_string_literal: exit
execute:execute_statement:execute_statement:execute_query:execute_plain_select_rows:visit_query_source_rows:visit_streamed_inner_join_rows:visit_table_factor_rows:evaluate:resolve_operator_type:resolve_expression_pair_type:infer_expression_type: enter
execute:execute_statement:execute_statement:execute_query:execute_plain_select_rows:visit_query_source_rows:visit_streamed_inner_join_rows:visit_table_factor_rows:evaluate:resolve_operator_type:resolve_expression_pair_type:infer_expression_type:extract_ast_value: enter
execute:execute_statement:execute_statement:execute_query:execute_plain_select_rows:visit_query_source_rows:visit_streamed_inner_join_rows:visit_table_factor_rows:evaluate:resolve_operator_type:resolve_expression_pair_type:infer_expression_type:extract_ast_value: exit
execute:execute_statement:execute_statement:execute_query:execute_plain_select_rows:visit_query_source_rows:visit_streamed_inner_join_rows:visit_table_factor_rows:evaluate:resolve_operator_type:resolve_expression_pair_type:infer_expression_type:resolve_column: enter
execute:execute_statement:execute_statement:execute_query:execute_plain_select_rows:visit_query_source_rows:visit_streamed_inner_join_rows:visit_table_factor_rows:evaluate:resolve_operator_type:resolve_expression_pair_type:infer_expression_type:resolve_column:resolve_bound_column: enter
execute:execute_statement:execute_statement:execute_query:execute_plain_select_rows:visit_query_source_rows:visit_streamed_inner_join_rows:visit_table_factor_rows:evaluate:resolve_operator_type:resolve_expression_pair_type:infer_expression_type:resolve_column:resolve_bound_column:matches_identifier: enter
execute:execute_statement:execute_statement:execute_query:execute_plain_select_rows:visit_query_source_rows:visit_streamed_inner_join_rows:visit_table_factor_rows:evaluate:resolve_operator_type:resolve_expression_pair_type:infer_expression_type:resolve_column:resolve_bound_column:matches_identifier: exit
execute:execute_statement:execute_statement:execute_query:execute_plain_select_rows:visit_query_source_rows:visit_streamed_inner_join_rows:visit_table_factor_rows:evaluate:resolve_operator_type:resolve_expression_pair_type:infer_expression_type:resolve_column:resolve_bound_column:matches_identifier: enter
execute:execute_statement:execute_statement:execute_query:execute_plain_select_rows:visit_query_source_rows:visit_streamed_inner_join_rows:visit_table_factor_rows:evaluate:resolve_operator_type:resolve_expression_pair_type:infer_expression_type:resolve_column:resolve_bound_column:matches_identifier: exit
execute:execute_statement:execute_statement:execute_query:execute_plain_select_rows:visit_query_source_rows:visit_streamed_inner_join_rows:visit_table_factor_rows:evaluate:resolve_operator_type:resolve_expression_pair_type:infer_expression_type:resolve_column:resolve_bound_column:matches_identifier: enter
execute:execute_statement:execute_statement:execute_query:execute_plain_select_rows:visit_query_source_rows:visit_streamed_inner_join_rows:visit_table_factor_rows:evaluate:resolve_operator_type:resolve_expression_pair_type:infer_expression_type:resolve_column:resolve_bound_column:matches_identifier: exit
execute:execute_statement:execute_statement:execute_query:execute_plain_select_rows:visit_query_source_rows:visit_streamed_inner_join_rows:visit_table_factor_rows:evaluate:resolve_operator_type:resolve_expression_pair_type:infer_expression_type:resolve_column:resolve_bound_column:matches_identifier: enter
execute:execute_statement:execute_statement:execute_query:execute_plain_select_rows:visit_query_source_rows:visit_streamed_inner_join_rows:visit_table_factor_rows:evaluate:resolve_operator_type:resolve_expression_pair_type:infer_expression_type:resolve_column:resolve_bound_column:matches_identifier: exit
execute:execute_statement:execute_statement:execute_query:execute_plain_select_rows:visit_query_source_rows:visit_streamed_inner_join_rows:visit_table_factor_rows:evaluate:resolve_operator_type:resolve_expression_pair_type:infer_expression_type:resolve_column:resolve_bound_column:matches_identifier: enter
execute:execute_statement:execute_statement:execute_query:execute_plain_select_rows:visit_query_source_rows:visit_streamed_inner_join_rows:visit_table_factor_rows:evaluate:resolve_operator_type:resolve_expression_pair_type:infer_expression_type:resolve_column:resolve_bound_column:matches_identifier: exit
execute:execute_statement:execute_statement:execute_query:execute_plain_select_rows:visit_query_source_rows:visit_streamed_inner_join_rows:visit_table_factor_rows:evaluate:resolve_operator_type:resolve_expression_pair_type:infer_expression_type:resolve_column:resolve_bound_column: exit
execute:execute_statement:execute_statement:execute_query:execute_plain_select_rows:visit_query_source_rows:visit_streamed_inner_join_rows:visit_table_factor_rows:evaluate:resolve_operator_type:resolve_expression_pair_type:infer_expression_type:resolve_column: exit
execute:execute_statement:execute_statement:execute_query:execute_plain_select_rows:visit_query_source_rows:visit_streamed_inner_join_rows:visit_table_factor_rows:evaluate:resolve_operator_type:resolve_expression_pair_type:infer_expression_type: exit
execute:execute_statement:execute_statement:execute_query:execute_plain_select_rows:visit_query_source_rows:visit_streamed_inner_join_rows:visit_table_factor_rows:evaluate:resolve_operator_type:resolve_expression_pair_type:infer_expression_type: enter
execute:execute_statement:execute_statement:execute_query:execute_plain_select_rows:visit_query_source_rows:visit_streamed_inner_join_rows:visit_table_factor_rows:evaluate:resolve_operator_type:resolve_expression_pair_type:infer_expression_type:extract_ast_value: enter
execute:execute_statement:execute_statement:execute_query:execute_plain_select_rows:visit_query_source_rows:visit_streamed_inner_join_rows:visit_table_factor_rows:evaluate:resolve_operator_type:resolve_expression_pair_type:infer_expression_type:extract_ast_value: exit
execute:execute_statement:execute_statement:execute_query:execute_plain_select_rows:visit_query_source_rows:visit_streamed_inner_join_rows:visit_table_factor_rows:evaluate:resolve_operator_type:resolve_expression_pair_type:infer_expression_type: exit
execute:execute_statement:execute_statement:execute_query:execute_plain_select_rows:visit_query_source_rows:visit_streamed_inner_join_rows:visit_table_factor_rows:evaluate:resolve_operator_type:resolve_expression_pair_type:resolve_common_type: enter
execute:execute_statement:execute_statement:execute_query:execute_plain_select_rows:visit_query_source_rows:visit_streamed_inner_join_rows:visit_table_factor_rows:evaluate:resolve_operator_type:resolve_expression_pair_type:resolve_common_type: exit
execute:execute_statement:execute_statement:execute_query:execute_plain_select_rows:visit_query_source_rows:visit_streamed_inner_join_rows:visit_table_factor_rows:evaluate:resolve_operator_type:resolve_expression_pair_type: exit
execute:execute_statement:execute_statement:execute_query:execute_plain_select_rows:visit_query_source_rows:visit_streamed_inner_join_rows:visit_table_factor_rows:evaluate:resolve_operator_type: exit
execute:execute_statement:execute_statement:execute_query:execute_plain_select_rows:visit_query_source_rows:visit_streamed_inner_join_rows:visit_table_factor_rows:evaluate:evaluate_and_coerce: enter
execute:execute_statement:execute_statement:execute_query:execute_plain_select_rows:visit_query_source_rows:visit_streamed_inner_join_rows:visit_table_factor_rows:evaluate:evaluate_and_coerce:extract_unknown_string_literal: enter
execute:execute_statement:execute_statement:execute_query:execute_plain_select_rows:visit_query_source_rows:visit_streamed_inner_join_rows:visit_table_factor_rows:evaluate:evaluate_and_coerce:extract_unknown_string_literal: exit
execute:execute_statement:execute_statement:execute_query:execute_plain_select_rows:visit_query_source_rows:visit_streamed_inner_join_rows:visit_table_factor_rows:evaluate:evaluate_and_coerce:infer_expression_type: enter
execute:execute_statement:execute_statement:execute_query:execute_plain_select_rows:visit_query_source_rows:visit_streamed_inner_join_rows:visit_table_factor_rows:evaluate:evaluate_and_coerce:infer_expression_type:extract_ast_value: enter
execute:execute_statement:execute_statement:execute_query:execute_plain_select_rows:visit_query_source_rows:visit_streamed_inner_join_rows:visit_table_factor_rows:evaluate:evaluate_and_coerce:infer_expression_type:extract_ast_value: exit
execute:execute_statement:execute_statement:execute_query:execute_plain_select_rows:visit_query_source_rows:visit_streamed_inner_join_rows:visit_table_factor_rows:evaluate:evaluate_and_coerce:infer_expression_type:resolve_column: enter
execute:execute_statement:execute_statement:execute_query:execute_plain_select_rows:visit_query_source_rows:visit_streamed_inner_join_rows:visit_table_factor_rows:evaluate:evaluate_and_coerce:infer_expression_type:resolve_column:resolve_bound_column: enter
execute:execute_statement:execute_statement:execute_query:execute_plain_select_rows:visit_query_source_rows:visit_streamed_inner_join_rows:visit_table_factor_rows:evaluate:evaluate_and_coerce:infer_expression_type:resolve_column:resolve_bound_column:matches_identifier: enter
execute:execute_statement:execute_statement:execute_query:execute_plain_select_rows:visit_query_source_rows:visit_streamed_inner_join_rows:visit_table_factor_rows:evaluate:evaluate_and_coerce:infer_expression_type:resolve_column:resolve_bound_column:matches_identifier: exit
execute:execute_statement:execute_statement:execute_query:execute_plain_select_rows:visit_query_source_rows:visit_streamed_inner_join_rows:visit_table_factor_rows:evaluate:evaluate_and_coerce:infer_expression_type:resolve_column:resolve_bound_column:matches_identifier: enter
execute:execute_statement:execute_statement:execute_query:execute_plain_select_rows:visit_query_source_rows:visit_streamed_inner_join_rows:visit_table_factor_rows:evaluate:evaluate_and_coerce:infer_expression_type:resolve_column:resolve_bound_column:matches_identifier: exit
execute:execute_statement:execute_statement:execute_query:execute_plain_select_rows:visit_query_source_rows:visit_streamed_inner_join_rows:visit_table_factor_rows:evaluate:evaluate_and_coerce:infer_expression_type:resolve_column:resolve_bound_column:matches_identifier: enter
execute:execute_statement:execute_statement:execute_query:execute_plain_select_rows:visit_query_source_rows:visit_streamed_inner_join_rows:visit_table_factor_rows:evaluate:evaluate_and_coerce:infer_expression_type:resolve_column:resolve_bound_column:matches_identifier: exit
execute:execute_statement:execute_statement:execute_query:execute_plain_select_rows:visit_query_source_rows:visit_streamed_inner_join_rows:visit_table_factor_rows:evaluate:evaluate_and_coerce:infer_expression_type:resolve_column:resolve_bound_column:matches_identifier: enter
execute:execute_statement:execute_statement:execute_query:execute_plain_select_rows:visit_query_source_rows:visit_streamed_inner_join_rows:visit_table_factor_rows:evaluate:evaluate_and_coerce:infer_expression_type:resolve_column:resolve_bound_column:matches_identifier: exit
execute:execute_statement:execute_statement:execute_query:execute_plain_select_rows:visit_query_source_rows:visit_streamed_inner_join_rows:visit_table_factor_rows:evaluate:evaluate_and_coerce:infer_expression_type:resolve_column:resolve_bound_column:matches_identifier: enter
execute:execute_statement:execute_statement:execute_query:execute_plain_select_rows:visit_query_source_rows:visit_streamed_inner_join_rows:visit_table_factor_rows:evaluate:evaluate_and_coerce:infer_expression_type:resolve_column:resolve_bound_column:matches_identifier: exit
execute:execute_statement:execute_statement:execute_query:execute_plain_select_rows:visit_query_source_rows:visit_streamed_inner_join_rows:visit_table_factor_rows:evaluate:evaluate_and_coerce:infer_expression_type:resolve_column:resolve_bound_column: exit
execute:execute_statement:execute_statement:execute_query:execute_plain_select_rows:visit_query_source_rows:visit_streamed_inner_join_rows:visit_table_factor_rows:evaluate:evaluate_and_coerce:infer_expression_type:resolve_column: exit
execute:execute_statement:execute_statement:execute_query:execute_plain_select_rows:visit_query_source_rows:visit_streamed_inner_join_rows:visit_table_factor_rows:evaluate:evaluate_and_coerce:infer_expression_type: exit
execute:execute_statement:execute_statement:execute_query:execute_plain_select_rows:visit_query_source_rows:visit_streamed_inner_join_rows:visit_table_factor_rows:evaluate:evaluate_and_coerce:evaluate: enter
execute:execute_statement:execute_statement:execute_query:execute_plain_select_rows:visit_query_source_rows:visit_streamed_inner_join_rows:visit_table_factor_rows:evaluate:evaluate_and_coerce:evaluate:resolve_column_value: enter
execute:execute_statement:execute_statement:execute_query:execute_plain_select_rows:visit_query_source_rows:visit_streamed_inner_join_rows:visit_table_factor_rows:evaluate:evaluate_and_coerce:evaluate:resolve_column_value:resolve_bound_column: enter
execute:execute_statement:execute_statement:execute_query:execute_plain_select_rows:visit_query_source_rows:visit_streamed_inner_join_rows:visit_table_factor_rows:evaluate:evaluate_and_coerce:evaluate:resolve_column_value:resolve_bound_column:matches_identifier: enter
execute:execute_statement:execute_statement:execute_query:execute_plain_select_rows:visit_query_source_rows:visit_streamed_inner_join_rows:visit_table_factor_rows:evaluate:evaluate_and_coerce:evaluate:resolve_column_value:resolve_bound_column:matches_identifier: exit
execute:execute_statement:execute_statement:execute_query:execute_plain_select_rows:visit_query_source_rows:visit_streamed_inner_join_rows:visit_table_factor_rows:evaluate:evaluate_and_coerce:evaluate:resolve_column_value:resolve_bound_column:matches_identifier: enter
execute:execute_statement:execute_statement:execute_query:execute_plain_select_rows:visit_query_source_rows:visit_streamed_inner_join_rows:visit_table_factor_rows:evaluate:evaluate_and_coerce:evaluate:resolve_column_value:resolve_bound_column:matches_identifier: exit
execute:execute_statement:execute_statement:execute_query:execute_plain_select_rows:visit_query_source_rows:visit_streamed_inner_join_rows:visit_table_factor_rows:evaluate:evaluate_and_coerce:evaluate:resolve_column_value:resolve_bound_column:matches_identifier: enter
execute:execute_statement:execute_statement:execute_query:execute_plain_select_rows:visit_query_source_rows:visit_streamed_inner_join_rows:visit_table_factor_rows:evaluate:evaluate_and_coerce:evaluate:resolve_column_value:resolve_bound_column:matches_identifier: exit
execute:execute_statement:execute_statement:execute_query:execute_plain_select_rows:visit_query_source_rows:visit_streamed_inner_join_rows:visit_table_factor_rows:evaluate:evaluate_and_coerce:evaluate:resolve_column_value:resolve_bound_column:matches_identifier: enter
execute:execute_statement:execute_statement:execute_query:execute_plain_select_rows:visit_query_source_rows:visit_streamed_inner_join_rows:visit_table_factor_rows:evaluate:evaluate_and_coerce:evaluate:resolve_column_value:resolve_bound_column:matches_identifier: exit
execute:execute_statement:execute_statement:execute_query:execute_plain_select_rows:visit_query_source_rows:visit_streamed_inner_join_rows:visit_table_factor_rows:evaluate:evaluate_and_coerce:evaluate:resolve_column_value:resolve_bound_column:matches_identifier: enter
execute:execute_statement:execute_statement:execute_query:execute_plain_select_rows:visit_query_source_rows:visit_streamed_inner_join_rows:visit_table_factor_rows:evaluate:evaluate_and_coerce:evaluate:resolve_column_value:resolve_bound_column:matches_identifier: exit
execute:execute_statement:execute_statement:execute_query:execute_plain_select_rows:visit_query_source_rows:visit_streamed_inner_join_rows:visit_table_factor_rows:evaluate:evaluate_and_coerce:evaluate:resolve_column_value:resolve_bound_column: exit
execute:execute_statement:execute_statement:execute_query:execute_plain_select_rows:visit_query_source_rows:visit_streamed_inner_join_rows:visit_table_factor_rows:evaluate:evaluate_and_coerce:evaluate:resolve_column_value: exit
execute:execute_statement:execute_statement:execute_query:execute_plain_select_rows:visit_query_source_rows:visit_streamed_inner_join_rows:visit_table_factor_rows:evaluate:evaluate_and_coerce:evaluate: exit
execute:execute_statement:execute_statement:execute_query:execute_plain_select_rows:visit_query_source_rows:visit_streamed_inner_join_rows:visit_table_factor_rows:evaluate:evaluate_and_coerce:create: enter
execute:execute_statement:execute_statement:execute_query:execute_plain_select_rows:visit_query_source_rows:visit_streamed_inner_join_rows:visit_table_factor_rows:evaluate:evaluate_and_coerce:create: exit
execute:execute_statement:execute_statement:execute_query:execute_plain_select_rows:visit_query_source_rows:visit_streamed_inner_join_rows:visit_table_factor_rows:evaluate:evaluate_and_coerce:coerce: enter
execute:execute_statement:execute_statement:execute_query:execute_plain_select_rows:visit_query_source_rows:visit_streamed_inner_join_rows:visit_table_factor_rows:evaluate:evaluate_and_coerce:coerce:is_null: enter
execute:execute_statement:execute_statement:execute_query:execute_plain_select_rows:visit_query_source_rows:visit_streamed_inner_join_rows:visit_table_factor_rows:evaluate:evaluate_and_coerce:coerce:is_null: exit
execute:execute_statement:execute_statement:execute_query:execute_plain_select_rows:visit_query_source_rows:visit_streamed_inner_join_rows:visit_table_factor_rows:evaluate:evaluate_and_coerce:coerce:can_cast: enter
execute:execute_statement:execute_statement:execute_query:execute_plain_select_rows:visit_query_source_rows:visit_streamed_inner_join_rows:visit_table_factor_rows:evaluate:evaluate_and_coerce:coerce:can_cast:resolve_required_cast_context: enter
execute:execute_statement:execute_statement:execute_query:execute_plain_select_rows:visit_query_source_rows:visit_streamed_inner_join_rows:visit_table_factor_rows:evaluate:evaluate_and_coerce:coerce:can_cast:resolve_required_cast_context: exit
execute:execute_statement:execute_statement:execute_query:execute_plain_select_rows:visit_query_source_rows:visit_streamed_inner_join_rows:visit_table_factor_rows:evaluate:evaluate_and_coerce:coerce:can_cast: exit
execute:execute_statement:execute_statement:execute_query:execute_plain_select_rows:visit_query_source_rows:visit_streamed_inner_join_rows:visit_table_factor_rows:evaluate:evaluate_and_coerce:coerce:apply_typmod: enter
execute:execute_statement:execute_statement:execute_query:execute_plain_select_rows:visit_query_source_rows:visit_streamed_inner_join_rows:visit_table_factor_rows:evaluate:evaluate_and_coerce:coerce:apply_typmod: exit
execute:execute_statement:execute_statement:execute_query:execute_plain_select_rows:visit_query_source_rows:visit_streamed_inner_join_rows:visit_table_factor_rows:evaluate:evaluate_and_coerce:coerce: exit
execute:execute_statement:execute_statement:execute_query:execute_plain_select_rows:visit_query_source_rows:visit_streamed_inner_join_rows:visit_table_factor_rows:evaluate:evaluate_and_coerce: exit
execute:execute_statement:execute_statement:execute_query:execute_plain_select_rows:visit_query_source_rows:visit_streamed_inner_join_rows:visit_table_factor_rows:evaluate:evaluate_and_coerce: enter
execute:execute_statement:execute_statement:execute_query:execute_plain_select_rows:visit_query_source_rows:visit_streamed_inner_join_rows:visit_table_factor_rows:evaluate:evaluate_and_coerce:extract_unknown_string_literal: enter
execute:execute_statement:execute_statement:execute_query:execute_plain_select_rows:visit_query_source_rows:visit_streamed_inner_join_rows:visit_table_factor_rows:evaluate:evaluate_and_coerce:extract_unknown_string_literal: exit
execute:execute_statement:execute_statement:execute_query:execute_plain_select_rows:visit_query_source_rows:visit_streamed_inner_join_rows:visit_table_factor_rows:evaluate:evaluate_and_coerce:infer_expression_type: enter
execute:execute_statement:execute_statement:execute_query:execute_plain_select_rows:visit_query_source_rows:visit_streamed_inner_join_rows:visit_table_factor_rows:evaluate:evaluate_and_coerce:infer_expression_type:extract_ast_value: enter
execute:execute_statement:execute_statement:execute_query:execute_plain_select_rows:visit_query_source_rows:visit_streamed_inner_join_rows:visit_table_factor_rows:evaluate:evaluate_and_coerce:infer_expression_type:extract_ast_value: exit
execute:execute_statement:execute_statement:execute_query:execute_plain_select_rows:visit_query_source_rows:visit_streamed_inner_join_rows:visit_table_factor_rows:evaluate:evaluate_and_coerce:infer_expression_type: exit
execute:execute_statement:execute_statement:execute_query:execute_plain_select_rows:visit_query_source_rows:visit_streamed_inner_join_rows:visit_table_factor_rows:evaluate:evaluate_and_coerce:evaluate: enter
execute:execute_statement:execute_statement:execute_query:execute_plain_select_rows:visit_query_source_rows:visit_streamed_inner_join_rows:visit_table_factor_rows:evaluate:evaluate_and_coerce:evaluate:evaluate_literal: enter
execute:execute_statement:execute_statement:execute_query:execute_plain_select_rows:visit_query_source_rows:visit_streamed_inner_join_rows:visit_table_factor_rows:evaluate:evaluate_and_coerce:evaluate:evaluate_literal:extract_ast_value: enter
execute:execute_statement:execute_statement:execute_query:execute_plain_select_rows:visit_query_source_rows:visit_streamed_inner_join_rows:visit_table_factor_rows:evaluate:evaluate_and_coerce:evaluate:evaluate_literal:extract_ast_value: exit
execute:execute_statement:execute_statement:execute_query:execute_plain_select_rows:visit_query_source_rows:visit_streamed_inner_join_rows:visit_table_factor_rows:evaluate:evaluate_and_coerce:evaluate:evaluate_literal: exit
execute:execute_statement:execute_statement:execute_query:execute_plain_select_rows:visit_query_source_rows:visit_streamed_inner_join_rows:visit_table_factor_rows:evaluate:evaluate_and_coerce:evaluate: exit
execute:execute_statement:execute_statement:execute_query:execute_plain_select_rows:visit_query_source_rows:visit_streamed_inner_join_rows:visit_table_factor_rows:evaluate:evaluate_and_coerce:create: enter
execute:execute_statement:execute_statement:execute_query:execute_plain_select_rows:visit_query_source_rows:visit_streamed_inner_join_rows:visit_table_factor_rows:evaluate:evaluate_and_coerce:create: exit
execute:execute_statement:execute_statement:execute_query:execute_plain_select_rows:visit_query_source_rows:visit_streamed_inner_join_rows:visit_table_factor_rows:evaluate:evaluate_and_coerce:coerce: enter
execute:execute_statement:execute_statement:execute_query:execute_plain_select_rows:visit_query_source_rows:visit_streamed_inner_join_rows:visit_table_factor_rows:evaluate:evaluate_and_coerce:coerce:is_null: enter
execute:execute_statement:execute_statement:execute_query:execute_plain_select_rows:visit_query_source_rows:visit_streamed_inner_join_rows:visit_table_factor_rows:evaluate:evaluate_and_coerce:coerce:is_null: exit
execute:execute_statement:execute_statement:execute_query:execute_plain_select_rows:visit_query_source_rows:visit_streamed_inner_join_rows:visit_table_factor_rows:evaluate:evaluate_and_coerce:coerce:can_cast: enter
execute:execute_statement:execute_statement:execute_query:execute_plain_select_rows:visit_query_source_rows:visit_streamed_inner_join_rows:visit_table_factor_rows:evaluate:evaluate_and_coerce:coerce:can_cast:resolve_required_cast_context: enter
execute:execute_statement:execute_statement:execute_query:execute_plain_select_rows:visit_query_source_rows:visit_streamed_inner_join_rows:visit_table_factor_rows:evaluate:evaluate_and_coerce:coerce:can_cast:resolve_required_cast_context: exit
execute:execute_statement:execute_statement:execute_query:execute_plain_select_rows:visit_query_source_rows:visit_streamed_inner_join_rows:visit_table_factor_rows:evaluate:evaluate_and_coerce:coerce:can_cast: exit
execute:execute_statement:execute_statement:execute_query:execute_plain_select_rows:visit_query_source_rows:visit_streamed_inner_join_rows:visit_table_factor_rows:evaluate:evaluate_and_coerce:coerce:apply_typmod: enter
execute:execute_statement:execute_statement:execute_query:execute_plain_select_rows:visit_query_source_rows:visit_streamed_inner_join_rows:visit_table_factor_rows:evaluate:evaluate_and_coerce:coerce:apply_typmod: exit
execute:execute_statement:execute_statement:execute_query:execute_plain_select_rows:visit_query_source_rows:visit_streamed_inner_join_rows:visit_table_factor_rows:evaluate:evaluate_and_coerce:coerce: exit
execute:execute_statement:execute_statement:execute_query:execute_plain_select_rows:visit_query_source_rows:visit_streamed_inner_join_rows:visit_table_factor_rows:evaluate:evaluate_and_coerce: exit
execute:execute_statement:execute_statement:execute_query:execute_plain_select_rows:visit_query_source_rows:visit_streamed_inner_join_rows:visit_table_factor_rows:evaluate:is_null: enter
execute:execute_statement:execute_statement:execute_query:execute_plain_select_rows:visit_query_source_rows:visit_streamed_inner_join_rows:visit_table_factor_rows:evaluate:is_null: exit
execute:execute_statement:execute_statement:execute_query:execute_plain_select_rows:visit_query_source_rows:visit_streamed_inner_join_rows:visit_table_factor_rows:evaluate:is_null: enter
execute:execute_statement:execute_statement:execute_query:execute_plain_select_rows:visit_query_source_rows:visit_streamed_inner_join_rows:visit_table_factor_rows:evaluate:is_null: exit
execute:execute_statement:execute_statement:execute_query:execute_plain_select_rows:visit_query_source_rows:visit_streamed_inner_join_rows:visit_table_factor_rows:evaluate:evaluate_comparison: enter
execute:execute_statement:execute_statement:execute_query:execute_plain_select_rows:visit_query_source_rows:visit_streamed_inner_join_rows:visit_table_factor_rows:evaluate:evaluate_comparison:compare_values: enter
execute:execute_statement:execute_statement:execute_query:execute_plain_select_rows:visit_query_source_rows:visit_streamed_inner_join_rows:visit_table_factor_rows:evaluate:evaluate_comparison:compare_values: exit
execute:execute_statement:execute_statement:execute_query:execute_plain_select_rows:visit_query_source_rows:visit_streamed_inner_join_rows:visit_table_factor_rows:evaluate:evaluate_comparison: exit
execute:execute_statement:execute_statement:execute_query:execute_plain_select_rows:visit_query_source_rows:visit_streamed_inner_join_rows:visit_table_factor_rows:evaluate: exit
execute:execute_statement:execute_statement:execute_query:execute_plain_select_rows:visit_query_source_rows:visit_streamed_inner_join_rows:visit_table_factor_rows: exit
execute:execute_statement:execute_statement:execute_query:execute_plain_select_rows:visit_query_source_rows:visit_streamed_inner_join_rows: exit
execute:execute_statement:execute_statement:execute_query:execute_plain_select_rows:visit_query_source_rows: exit
execute:execute_statement:execute_statement:execute_query:execute_plain_select_rows: exit
execute:execute_statement:execute_statement:execute_query:finalize_select_rows: enter
execute:execute_statement:execute_statement:execute_query:finalize_select_rows:sort_ordered_rows: enter
execute:execute_statement:execute_statement:execute_query:finalize_select_rows:sort_ordered_rows: exit
execute:execute_statement:execute_statement:execute_query:finalize_select_rows: exit
execute:execute_statement:execute_statement:execute_query: exit
execute:execute_statement:execute_statement: exit
execute:execute_statement: exit
execute:is_transaction_implicit_batch: enter
execute:is_transaction_implicit_batch: exit
execute:commit_transaction: enter
execute:commit_transaction:commit: enter
execute:commit_transaction:commit:get_status: enter
execute:commit_transaction:commit:get_status: exit
execute:commit_transaction:commit: exit
execute:commit_transaction:commit_transaction_versions: enter
execute:commit_transaction:commit_transaction_versions: exit
execute:commit_transaction:commit_transaction_versions: enter
execute:commit_transaction:commit_transaction_versions: exit
execute:commit_transaction:commit_transaction_versions: enter
execute:commit_transaction:commit_transaction_versions: exit
execute:commit_transaction:prune_database_versions: enter
execute:commit_transaction:prune_database_versions:find_reclamation_horizon: enter
execute:commit_transaction:prune_database_versions:find_reclamation_horizon: exit
execute:commit_transaction:prune_database_versions:prune_versions: enter
execute:commit_transaction:prune_database_versions:prune_versions: exit
execute:commit_transaction:prune_database_versions:prune_versions: enter
execute:commit_transaction:prune_database_versions:prune_versions: exit
execute:commit_transaction:prune_database_versions:prune_versions: enter
execute:commit_transaction:prune_database_versions:prune_versions: exit
execute:commit_transaction:prune_database_versions: exit
execute:commit_transaction:release_transaction_locks: enter
execute:commit_transaction:release_transaction_locks: exit
execute:commit_transaction:remove_transaction: enter
execute:commit_transaction:remove_transaction: exit
execute:commit_transaction: exit
execute: exit
